{
"type": "FeatureCollection",
"name": "ANKARA_IL_SINIRI",
"crs": { "type": "name", "properties": { "name": "urn:ogc:def:crs:OGC:1.3:CRS84" } },
"features": [
{ "type": "Feature", "properties": { "ID": 6, "NAME": "Ankara", "POPULATION": 5910320 }, "geometry": { "type": "Polygon", "coordinates": [ [ [ 33.740593, 38.931446 ], [ 33.74131, 38.93267 ], [ 33.741457, 38.933351 ], [ 33.744002, 38.934976 ], [ 33.744943, 38.935652 ], [ 33.745577, 38.936108 ], [ 33.745733, 38.936171 ], [ 33.745799, 38.936213 ], [ 33.747088, 38.937546 ], [ 33.747385, 38.939789 ], [ 33.745869, 38.94094 ], [ 33.74372, 38.943283 ], [ 33.742476, 38.94605 ], [ 33.74115, 38.947533 ], [ 33.741119, 38.947607 ], [ 33.74057, 38.947962 ], [ 33.739243, 38.948983 ], [ 33.738217, 38.950716 ], [ 33.736618, 38.952343 ], [ 33.736455, 38.954291 ], [ 33.736474, 38.954408 ], [ 33.736425, 38.954969 ], [ 33.737365, 38.957073 ], [ 33.737825, 38.957522 ], [ 33.737932, 38.957627 ], [ 33.739907, 38.959554 ], [ 33.739306, 38.960528 ], [ 33.738939, 38.962562 ], [ 33.738791, 38.962307 ], [ 33.737699, 38.962121 ], [ 33.736443, 38.961701 ], [ 33.736194, 38.96229 ], [ 33.735975, 38.962249 ], [ 33.735126, 38.962831 ], [ 33.734269, 38.962703 ], [ 33.734264, 38.962681 ], [ 33.734508, 38.962542 ], [ 33.734, 38.961758 ], [ 33.733544, 38.96144 ], [ 33.73325, 38.961009 ], [ 33.733162, 38.96066 ], [ 33.7327, 38.959843 ], [ 33.732326, 38.960233 ], [ 33.732148, 38.960345 ], [ 33.731577, 38.959388 ], [ 33.731741, 38.958723 ], [ 33.731919, 38.958466 ], [ 33.731147, 38.958532 ], [ 33.730319, 38.95849 ], [ 33.730311, 38.958863 ], [ 33.729845, 38.961171 ], [ 33.72961, 38.960922 ], [ 33.729028, 38.960671 ], [ 33.728914, 38.961406 ], [ 33.728579, 38.96264 ], [ 33.728497, 38.962583 ], [ 33.728106, 38.96462 ], [ 33.727865, 38.964546 ], [ 33.727487, 38.964729 ], [ 33.726838, 38.964948 ], [ 33.726626, 38.965058 ], [ 33.726427, 38.966036 ], [ 33.726254, 38.968046 ], [ 33.726556, 38.968433 ], [ 33.727212, 38.969272 ], [ 33.727632, 38.96981 ], [ 33.727719, 38.970357 ], [ 33.728055, 38.970441 ], [ 33.728188, 38.970089 ], [ 33.728549, 38.97009 ], [ 33.729155, 38.970182 ], [ 33.729239, 38.969929 ], [ 33.729698, 38.969986 ], [ 33.729734, 38.96999 ], [ 33.729673, 38.970154 ], [ 33.729509, 38.9706 ], [ 33.730159, 38.970696 ], [ 33.730194, 38.970991 ], [ 33.730843, 38.972951 ], [ 33.729823, 38.973443 ], [ 33.729404, 38.973674 ], [ 33.728866, 38.973895 ], [ 33.728984, 38.974103 ], [ 33.729995, 38.975957 ], [ 33.728242, 38.979063 ], [ 33.728212, 38.979117 ], [ 33.725785, 38.979903 ], [ 33.725489, 38.980057 ], [ 33.725241, 38.980186 ], [ 33.724923, 38.98025 ], [ 33.724879, 38.980141 ], [ 33.724504, 38.980209 ], [ 33.723557, 38.980786 ], [ 33.723327, 38.980617 ], [ 33.723214, 38.981779 ], [ 33.723343, 38.982603 ], [ 33.723352, 38.982661 ], [ 33.72334, 38.982754 ], [ 33.723196, 38.983823 ], [ 33.723864, 38.984683 ], [ 33.723977, 38.984703 ], [ 33.724104, 38.984641 ], [ 33.724416, 38.984488 ], [ 33.725001, 38.984108 ], [ 33.726036, 38.983561 ], [ 33.726034, 38.983998 ], [ 33.72603, 38.984772 ], [ 33.725894, 38.985079 ], [ 33.726095, 38.985982 ], [ 33.72612, 38.985972 ], [ 33.726438, 38.985852 ], [ 33.726713, 38.986046 ], [ 33.727059, 38.98598 ], [ 33.727283, 38.986293 ], [ 33.727342, 38.986375 ], [ 33.727443, 38.986588 ], [ 33.72751, 38.986729 ], [ 33.727564, 38.987076 ], [ 33.727732, 38.987751 ], [ 33.72776, 38.987864 ], [ 33.728428, 38.98774 ], [ 33.728754, 38.987735 ], [ 33.729275, 38.987784 ], [ 33.729596, 38.987807 ], [ 33.730509, 38.987828 ], [ 33.730852, 38.987839 ], [ 33.731071, 38.988616 ], [ 33.731184, 38.988609 ], [ 33.731342, 38.989048 ], [ 33.731676, 38.989359 ], [ 33.731807, 38.989516 ], [ 33.731759, 38.990093 ], [ 33.731607, 38.990296 ], [ 33.731761, 38.990419 ], [ 33.731951, 38.990526 ], [ 33.7325, 38.990132 ], [ 33.732522, 38.990088 ], [ 33.733171, 38.989827 ], [ 33.733892, 38.989741 ], [ 33.734439, 38.989481 ], [ 33.7355, 38.989358 ], [ 33.735573, 38.989421 ], [ 33.735874, 38.989783 ], [ 33.736127, 38.989763 ], [ 33.736181, 38.989879 ], [ 33.73639, 38.990126 ], [ 33.736479, 38.990122 ], [ 33.736509, 38.990268 ], [ 33.736636, 38.990287 ], [ 33.736574, 38.990565 ], [ 33.736769, 38.991045 ], [ 33.736795, 38.991997 ], [ 33.737409, 38.992584 ], [ 33.738229, 38.992141 ], [ 33.740006, 38.991609 ], [ 33.742382, 38.991414 ], [ 33.743717, 38.99095 ], [ 33.743856, 38.990755 ], [ 33.744355, 38.99076 ], [ 33.745242, 38.989776 ], [ 33.746326, 38.989557 ], [ 33.746862, 38.989139 ], [ 33.747074, 38.989209 ], [ 33.746945, 38.989074 ], [ 33.747383, 38.988733 ], [ 33.748469, 38.988264 ], [ 33.748913, 38.988392 ], [ 33.749351, 38.988642 ], [ 33.75014, 38.988869 ], [ 33.750401, 38.988842 ], [ 33.750401, 38.988752 ], [ 33.750249, 38.988354 ], [ 33.750141, 38.987987 ], [ 33.750059, 38.987855 ], [ 33.750023, 38.987628 ], [ 33.750037, 38.987611 ], [ 33.750111, 38.987462 ], [ 33.750073, 38.987253 ], [ 33.750867, 38.987086 ], [ 33.75138, 38.987005 ], [ 33.751918, 38.986952 ], [ 33.75259, 38.986356 ], [ 33.753016, 38.986307 ], [ 33.753553, 38.98652 ], [ 33.754879, 38.98646 ], [ 33.754967, 38.986434 ], [ 33.755324, 38.98641 ], [ 33.755492, 38.986491 ], [ 33.756169, 38.987131 ], [ 33.757482, 38.988015 ], [ 33.759062, 38.988735 ], [ 33.763046, 38.99056 ], [ 33.775948, 38.987802 ], [ 33.777142, 38.987538 ], [ 33.777709, 38.987346 ], [ 33.777584, 38.986916 ], [ 33.777714, 38.986866 ], [ 33.779343, 38.987046 ], [ 33.779494, 38.987053 ], [ 33.779523, 38.986874 ], [ 33.779739, 38.986797 ], [ 33.780058, 38.98659 ], [ 33.780278, 38.986495 ], [ 33.78042, 38.986361 ], [ 33.780467, 38.986275 ], [ 33.780601, 38.986189 ], [ 33.781096, 38.986222 ], [ 33.781407, 38.986286 ], [ 33.781443, 38.986034 ], [ 33.781501, 38.985801 ], [ 33.781421, 38.9855 ], [ 33.781447, 38.985225 ], [ 33.781558, 38.985006 ], [ 33.781594, 38.985066 ], [ 33.78201, 38.985016 ], [ 33.782227, 38.984908 ], [ 33.782562, 38.984802 ], [ 33.782851, 38.984548 ], [ 33.783163, 38.983931 ], [ 33.783158, 38.983693 ], [ 33.783176, 38.983658 ], [ 33.783279, 38.98345 ], [ 33.783326, 38.983111 ], [ 33.783529, 38.982831 ], [ 33.783696, 38.982455 ], [ 33.78378, 38.982336 ], [ 33.784074, 38.981919 ], [ 33.784451, 38.981634 ], [ 33.786067, 38.979436 ], [ 33.78615, 38.979323 ], [ 33.786215, 38.97933 ], [ 33.786588, 38.979321 ], [ 33.786945, 38.979307 ], [ 33.787194, 38.979311 ], [ 33.787229, 38.979311 ], [ 33.787291, 38.979311 ], [ 33.787494, 38.979311 ], [ 33.787894, 38.979319 ], [ 33.795181, 38.981849 ], [ 33.795486, 38.981955 ], [ 33.797153, 38.98215 ], [ 33.808942, 38.985698 ], [ 33.811828, 38.986566 ], [ 33.812718, 38.987443 ], [ 33.812692, 38.987659 ], [ 33.812597, 38.987833 ], [ 33.812813, 38.987849 ], [ 33.812831, 38.987945 ], [ 33.813199, 38.98786 ], [ 33.813609, 38.988477 ], [ 33.813332, 38.988643 ], [ 33.813508, 38.989095 ], [ 33.813459, 38.989173 ], [ 33.813885, 38.98978 ], [ 33.814373, 38.990104 ], [ 33.814769, 38.990575 ], [ 33.815078, 38.99133 ], [ 33.815515, 38.992323 ], [ 33.815243, 38.992553 ], [ 33.815353, 38.99271 ], [ 33.815369, 38.992835 ], [ 33.815676, 38.992683 ], [ 33.816044, 38.992865 ], [ 33.81681, 38.992392 ], [ 33.817377, 38.992871 ], [ 33.8175, 38.992975 ], [ 33.817564, 38.993597 ], [ 33.81695, 38.993941 ], [ 33.81677, 38.993956 ], [ 33.816842, 38.994108 ], [ 33.816755, 38.994157 ], [ 33.816714, 38.99419 ], [ 33.81691, 38.994253 ], [ 33.817133, 38.994305 ], [ 33.817404, 38.994385 ], [ 33.817536, 38.994424 ], [ 33.81775, 38.994528 ], [ 33.81777, 38.994595 ], [ 33.818311, 38.994845 ], [ 33.818368, 38.994971 ], [ 33.818619, 38.995234 ], [ 33.818896, 38.9954 ], [ 33.81952, 38.995664 ], [ 33.81971, 38.995874 ], [ 33.819883, 38.995956 ], [ 33.8203, 38.996827 ], [ 33.820845, 38.997867 ], [ 33.821012, 38.998253 ], [ 33.821374, 38.998847 ], [ 33.827079, 39.001163 ], [ 33.83122, 39.001611 ], [ 33.832463, 39.00245 ], [ 33.832636, 39.003893 ], [ 33.832478, 39.006051 ], [ 33.832309, 39.007469 ], [ 33.829534, 39.007479 ], [ 33.829355, 39.007784 ], [ 33.829818, 39.009046 ], [ 33.83045, 39.010053 ], [ 33.830102, 39.010185 ], [ 33.830116, 39.010201 ], [ 33.830555, 39.010668 ], [ 33.830673, 39.010658 ], [ 33.830924, 39.010869 ], [ 33.831973, 39.010618 ], [ 33.832999, 39.012025 ], [ 33.834479, 39.011409 ], [ 33.834636, 39.011755 ], [ 33.834785, 39.012071 ], [ 33.834897, 39.012158 ], [ 33.835028, 39.012303 ], [ 33.835437, 39.012406 ], [ 33.835864, 39.012515 ], [ 33.836312, 39.012565 ], [ 33.836746, 39.012598 ], [ 33.837239, 39.012661 ], [ 33.838913, 39.013643 ], [ 33.839216, 39.014202 ], [ 33.839821, 39.014878 ], [ 33.840137, 39.015951 ], [ 33.840499, 39.016742 ], [ 33.840733, 39.017937 ], [ 33.840744, 39.017987 ], [ 33.842053, 39.017892 ], [ 33.84251, 39.018716 ], [ 33.84126, 39.019372 ], [ 33.843175, 39.021831 ], [ 33.843909, 39.022761 ], [ 33.844457, 39.023587 ], [ 33.844746, 39.02408 ], [ 33.845227, 39.024585 ], [ 33.843971, 39.025141 ], [ 33.844193, 39.025308 ], [ 33.845447, 39.026364 ], [ 33.845462, 39.026473 ], [ 33.845646, 39.026663 ], [ 33.847106, 39.028568 ], [ 33.849032, 39.030614 ], [ 33.852375, 39.032818 ], [ 33.855719, 39.035022 ], [ 33.857543, 39.036911 ], [ 33.859265, 39.039272 ], [ 33.862913, 39.042341 ], [ 33.864636, 39.043836 ], [ 33.869752, 39.047655 ], [ 33.867649, 39.049587 ], [ 33.864655, 39.054212 ], [ 33.865768, 39.055156 ], [ 33.866445, 39.056136 ], [ 33.867628, 39.056972 ], [ 33.868922, 39.060183 ], [ 33.871575, 39.062635 ], [ 33.871969, 39.064315 ], [ 33.870887, 39.065773 ], [ 33.867392, 39.067027 ], [ 33.86112, 39.066852 ], [ 33.856068, 39.067696 ], [ 33.854599, 39.068274 ], [ 33.850484, 39.069134 ], [ 33.850392, 39.06906 ], [ 33.849734, 39.069161 ], [ 33.849169, 39.069127 ], [ 33.848092, 39.069106 ], [ 33.847711, 39.069191 ], [ 33.84623, 39.070235 ], [ 33.839648, 39.071704 ], [ 33.835335, 39.070145 ], [ 33.834064, 39.068942 ], [ 33.82946, 39.066843 ], [ 33.826998, 39.064967 ], [ 33.82169, 39.063947 ], [ 33.820936, 39.064049 ], [ 33.820251, 39.064089 ], [ 33.820422, 39.064261 ], [ 33.820816, 39.064749 ], [ 33.82081, 39.064764 ], [ 33.820499, 39.064783 ], [ 33.820437, 39.064839 ], [ 33.820128, 39.064774 ], [ 33.819909, 39.06479 ], [ 33.819803, 39.064817 ], [ 33.819619, 39.064821 ], [ 33.8192, 39.064811 ], [ 33.818767, 39.064867 ], [ 33.818637, 39.064856 ], [ 33.814542, 39.06558 ], [ 33.812664, 39.068126 ], [ 33.810057, 39.069417 ], [ 33.809439, 39.071559 ], [ 33.80919, 39.07242 ], [ 33.805601, 39.071554 ], [ 33.804688, 39.072277 ], [ 33.802198, 39.073487 ], [ 33.796359, 39.074266 ], [ 33.792424, 39.075264 ], [ 33.789473, 39.073917 ], [ 33.787518, 39.074367 ], [ 33.786069, 39.074078 ], [ 33.780265, 39.070673 ], [ 33.774721, 39.069716 ], [ 33.770849, 39.069985 ], [ 33.769483, 39.070275 ], [ 33.769372, 39.070032 ], [ 33.768416, 39.070273 ], [ 33.767283, 39.071883 ], [ 33.766302, 39.072812 ], [ 33.765958, 39.072937 ], [ 33.765278, 39.073164 ], [ 33.764709, 39.07331 ], [ 33.764693, 39.073316 ], [ 33.764117, 39.07462 ], [ 33.761775, 39.074843 ], [ 33.760449, 39.075829 ], [ 33.758995, 39.077472 ], [ 33.758853, 39.077681 ], [ 33.754813, 39.081203 ], [ 33.753467, 39.081792 ], [ 33.751574, 39.08342 ], [ 33.748584, 39.084579 ], [ 33.747522, 39.085649 ], [ 33.744719, 39.087647 ], [ 33.744653, 39.087877 ], [ 33.744195, 39.089014 ], [ 33.744144, 39.089483 ], [ 33.744448, 39.091651 ], [ 33.745015, 39.092107 ], [ 33.745435, 39.092681 ], [ 33.744274, 39.094 ], [ 33.743123, 39.094092 ], [ 33.741557, 39.095237 ], [ 33.741128, 39.096575 ], [ 33.741944, 39.096694 ], [ 33.74265, 39.096912 ], [ 33.743826, 39.097349 ], [ 33.744654, 39.09612 ], [ 33.745652, 39.095283 ], [ 33.745525, 39.096688 ], [ 33.744238, 39.099989 ], [ 33.744809, 39.101342 ], [ 33.744639, 39.102661 ], [ 33.742859, 39.103584 ], [ 33.740673, 39.103988 ], [ 33.737658, 39.103758 ], [ 33.736644, 39.10387 ], [ 33.736505, 39.103783 ], [ 33.736265, 39.103523 ], [ 33.733588, 39.104426 ], [ 33.730521, 39.104709 ], [ 33.729825, 39.104023 ], [ 33.728517, 39.104006 ], [ 33.726681, 39.103368 ], [ 33.725378, 39.103314 ], [ 33.724375, 39.103161 ], [ 33.723701, 39.103105 ], [ 33.722991, 39.103052 ], [ 33.722529, 39.103007 ], [ 33.72194, 39.103198 ], [ 33.718923, 39.105727 ], [ 33.71642, 39.105859 ], [ 33.71343, 39.105473 ], [ 33.711806, 39.106026 ], [ 33.710541, 39.107038 ], [ 33.707164, 39.109069 ], [ 33.705749, 39.107734 ], [ 33.705067, 39.107235 ], [ 33.704206, 39.10695 ], [ 33.704372, 39.107699 ], [ 33.704506, 39.109104 ], [ 33.70468, 39.10953 ], [ 33.704544, 39.11018 ], [ 33.703715, 39.110046 ], [ 33.703724, 39.110132 ], [ 33.703513, 39.110344 ], [ 33.703652, 39.111396 ], [ 33.703635, 39.111572 ], [ 33.703604, 39.111868 ], [ 33.703496, 39.112656 ], [ 33.703609, 39.113032 ], [ 33.703948, 39.11404 ], [ 33.703908, 39.11409 ], [ 33.703752, 39.114286 ], [ 33.704146, 39.114557 ], [ 33.705471, 39.115262 ], [ 33.705746, 39.115477 ], [ 33.705342, 39.115769 ], [ 33.704029, 39.119083 ], [ 33.703827, 39.119432 ], [ 33.703164, 39.119475 ], [ 33.702302, 39.118755 ], [ 33.70192, 39.119317 ], [ 33.701889, 39.118845 ], [ 33.699557, 39.118758 ], [ 33.69861, 39.118943 ], [ 33.698685, 39.11995 ], [ 33.696445, 39.120029 ], [ 33.692907, 39.11964 ], [ 33.689574, 39.12123 ], [ 33.687173, 39.122599 ], [ 33.686346, 39.123089 ], [ 33.68602, 39.123148 ], [ 33.686031, 39.123924 ], [ 33.685819, 39.124249 ], [ 33.68566, 39.124505 ], [ 33.685181, 39.125331 ], [ 33.685299, 39.125352 ], [ 33.685935, 39.12723 ], [ 33.685776, 39.127592 ], [ 33.685842, 39.128104 ], [ 33.685497, 39.128869 ], [ 33.685291, 39.129172 ], [ 33.684552, 39.129958 ], [ 33.683688, 39.130715 ], [ 33.681819, 39.131614 ], [ 33.679263, 39.133285 ], [ 33.675872, 39.136581 ], [ 33.671919, 39.140425 ], [ 33.668485, 39.139991 ], [ 33.66621, 39.139013 ], [ 33.664704, 39.140806 ], [ 33.664671, 39.140876 ], [ 33.662783, 39.140145 ], [ 33.660554, 39.140388 ], [ 33.658771, 39.141665 ], [ 33.658309, 39.141897 ], [ 33.657783, 39.142333 ], [ 33.657345, 39.142598 ], [ 33.656986, 39.142814 ], [ 33.656329, 39.143774 ], [ 33.65621, 39.144442 ], [ 33.655478, 39.144525 ], [ 33.65509, 39.145118 ], [ 33.653748, 39.148393 ], [ 33.652849, 39.148745 ], [ 33.6527, 39.152321 ], [ 33.652638, 39.153812 ], [ 33.652205, 39.154098 ], [ 33.652696, 39.154763 ], [ 33.654, 39.159006 ], [ 33.653952, 39.160255 ], [ 33.652458, 39.164312 ], [ 33.652166, 39.164771 ], [ 33.652198, 39.165018 ], [ 33.652102, 39.16525 ], [ 33.651829, 39.165652 ], [ 33.649027, 39.167159 ], [ 33.648184, 39.166932 ], [ 33.647369, 39.166922 ], [ 33.643361, 39.167751 ], [ 33.639135, 39.168379 ], [ 33.636863, 39.169408 ], [ 33.633032, 39.170662 ], [ 33.628735, 39.169653 ], [ 33.623217, 39.172592 ], [ 33.622776, 39.1729 ], [ 33.622834, 39.174069 ], [ 33.622695, 39.174303 ], [ 33.622349, 39.174232 ], [ 33.622087, 39.174344 ], [ 33.62223, 39.174803 ], [ 33.621894, 39.175007 ], [ 33.62195, 39.175181 ], [ 33.621718, 39.175882 ], [ 33.621334, 39.175636 ], [ 33.620894, 39.174962 ], [ 33.62067, 39.175536 ], [ 33.620628, 39.176081 ], [ 33.62082, 39.176284 ], [ 33.621337, 39.176477 ], [ 33.620924, 39.176993 ], [ 33.620496, 39.176499 ], [ 33.620139, 39.176596 ], [ 33.62028, 39.177591 ], [ 33.620204, 39.177632 ], [ 33.620229, 39.177671 ], [ 33.620091, 39.177693 ], [ 33.619737, 39.17775 ], [ 33.619496, 39.177788 ], [ 33.619449, 39.177858 ], [ 33.619361, 39.177991 ], [ 33.618508, 39.179268 ], [ 33.616094, 39.181184 ], [ 33.611863, 39.182518 ], [ 33.610898, 39.182434 ], [ 33.609206, 39.182892 ], [ 33.608122, 39.184605 ], [ 33.607357, 39.184716 ], [ 33.604952, 39.185065 ], [ 33.603327, 39.184632 ], [ 33.600092, 39.18541 ], [ 33.598372, 39.184951 ], [ 33.596682, 39.185235 ], [ 33.595619, 39.185675 ], [ 33.593027, 39.185511 ], [ 33.592445, 39.185844 ], [ 33.591545, 39.186358 ], [ 33.591165, 39.187816 ], [ 33.590168, 39.188915 ], [ 33.586478, 39.189782 ], [ 33.585018, 39.190527 ], [ 33.58395, 39.191003 ], [ 33.583546, 39.191189 ], [ 33.583203, 39.191415 ], [ 33.582965, 39.191639 ], [ 33.582816, 39.192012 ], [ 33.582481, 39.193589 ], [ 33.581781, 39.193448 ], [ 33.581745, 39.193958 ], [ 33.580651, 39.195661 ], [ 33.578701, 39.196345 ], [ 33.576621, 39.198294 ], [ 33.576022, 39.200334 ], [ 33.576385, 39.201614 ], [ 33.574289, 39.206117 ], [ 33.569032, 39.207098 ], [ 33.567731, 39.209017 ], [ 33.569828, 39.210745 ], [ 33.568392, 39.213064 ], [ 33.565027, 39.216015 ], [ 33.558942, 39.217507 ], [ 33.556497, 39.21745 ], [ 33.554327, 39.216826 ], [ 33.550918, 39.21473 ], [ 33.548454, 39.214821 ], [ 33.546417, 39.21223 ], [ 33.538781, 39.209397 ], [ 33.536378, 39.209562 ], [ 33.534306, 39.213171 ], [ 33.535068, 39.222329 ], [ 33.534627, 39.223907 ], [ 33.533333, 39.225081 ], [ 33.534474, 39.230815 ], [ 33.533929, 39.231218 ], [ 33.533598, 39.234681 ], [ 33.531465, 39.237612 ], [ 33.52866, 39.244581 ], [ 33.528804, 39.246063 ], [ 33.528136, 39.248933 ], [ 33.527844, 39.250903 ], [ 33.523762, 39.253954 ], [ 33.523053, 39.253588 ], [ 33.523052, 39.253593 ], [ 33.522673, 39.253391 ], [ 33.521013, 39.255264 ], [ 33.521305, 39.258501 ], [ 33.520716, 39.259915 ], [ 33.518913, 39.260987 ], [ 33.517396, 39.261512 ], [ 33.516374, 39.262201 ], [ 33.516123, 39.263404 ], [ 33.516063, 39.263586 ], [ 33.51472, 39.264134 ], [ 33.515537, 39.267444 ], [ 33.517078, 39.26849 ], [ 33.518558, 39.27018 ], [ 33.518557, 39.271326 ], [ 33.518744, 39.274733 ], [ 33.518318, 39.275305 ], [ 33.51778, 39.275657 ], [ 33.51579, 39.280072 ], [ 33.510882, 39.28418 ], [ 33.50889, 39.285721 ], [ 33.507433, 39.286849 ], [ 33.507433, 39.288595 ], [ 33.507168, 39.289519 ], [ 33.505708, 39.289827 ], [ 33.502923, 39.29034 ], [ 33.501596, 39.291367 ], [ 33.5008, 39.292496 ], [ 33.500004, 39.293523 ], [ 33.495627, 39.294549 ], [ 33.493372, 39.294652 ], [ 33.492045, 39.295576 ], [ 33.490851, 39.295986 ], [ 33.488861, 39.295062 ], [ 33.4878, 39.294344 ], [ 33.484484, 39.293831 ], [ 33.482229, 39.294241 ], [ 33.480504, 39.294652 ], [ 33.479562, 39.295373 ], [ 33.474637, 39.299314 ], [ 33.473703, 39.300117 ], [ 33.470619, 39.301444 ], [ 33.468351, 39.301732 ], [ 33.466671, 39.301432 ], [ 33.465444, 39.301682 ], [ 33.463312, 39.301982 ], [ 33.460212, 39.304131 ], [ 33.459501, 39.306781 ], [ 33.460839, 39.307428 ], [ 33.460837, 39.307963 ], [ 33.460952, 39.308505 ], [ 33.460829, 39.308843 ], [ 33.460718, 39.309509 ], [ 33.460641, 39.310011 ], [ 33.460605, 39.310397 ], [ 33.460604, 39.311026 ], [ 33.460472, 39.311365 ], [ 33.460152, 39.312159 ], [ 33.459856, 39.312616 ], [ 33.459834, 39.312813 ], [ 33.459398, 39.313056 ], [ 33.459273, 39.313388 ], [ 33.45876, 39.314043 ], [ 33.458387, 39.314434 ], [ 33.457946, 39.314629 ], [ 33.457853, 39.315198 ], [ 33.4578, 39.315596 ], [ 33.456903, 39.315771 ], [ 33.456309, 39.315816 ], [ 33.455758, 39.31599 ], [ 33.454598, 39.316199 ], [ 33.453509, 39.316493 ], [ 33.452682, 39.316882 ], [ 33.4523, 39.317592 ], [ 33.451793, 39.318356 ], [ 33.451078, 39.318874 ], [ 33.450556, 39.319338 ], [ 33.450033, 39.319726 ], [ 33.449368, 39.320169 ], [ 33.448483, 39.320475 ], [ 33.447597, 39.320677 ], [ 33.44681, 39.320591 ], [ 33.44609, 39.320411 ], [ 33.445533, 39.320538 ], [ 33.44512, 39.321046 ], [ 33.444934, 39.321392 ], [ 33.444964, 39.321851 ], [ 33.445165, 39.322889 ], [ 33.445431, 39.32354 ], [ 33.44567, 39.324066 ], [ 33.445962, 39.324556 ], [ 33.4463, 39.324904 ], [ 33.446848, 39.325513 ], [ 33.447148, 39.326169 ], [ 33.447354, 39.326758 ], [ 33.447604, 39.327017 ], [ 33.448222, 39.32743 ], [ 33.448353, 39.327889 ], [ 33.448493, 39.327979 ], [ 33.448493, 39.327898 ], [ 33.448635, 39.328393 ], [ 33.44959, 39.328823 ], [ 33.449769, 39.329506 ], [ 33.451214, 39.329563 ], [ 33.452694, 39.328715 ], [ 33.454272, 39.32754 ], [ 33.455311, 39.326897 ], [ 33.456269, 39.326067 ], [ 33.457771, 39.325609 ], [ 33.459336, 39.325603 ], [ 33.460781, 39.32566 ], [ 33.461584, 39.325859 ], [ 33.462714, 39.326006 ], [ 33.463369, 39.326036 ], [ 33.463954, 39.326033 ], [ 33.4646, 39.326799 ], [ 33.464868, 39.327155 ], [ 33.465206, 39.327695 ], [ 33.465198, 39.328219 ], [ 33.46519, 39.328734 ], [ 33.465183, 39.329312 ], [ 33.465179, 39.329631 ], [ 33.465074, 39.330325 ], [ 33.464583, 39.332056 ], [ 33.46507, 39.332803 ], [ 33.466118, 39.333547 ], [ 33.466789, 39.334643 ], [ 33.467575, 39.335473 ], [ 33.467803, 39.336515 ], [ 33.467963, 39.337371 ], [ 33.468265, 39.337678 ], [ 33.468624, 39.337535 ], [ 33.468974, 39.337706 ], [ 33.469311, 39.338084 ], [ 33.470117, 39.337712 ], [ 33.471148, 39.337687 ], [ 33.472154, 39.338094 ], [ 33.472883, 39.338719 ], [ 33.473628, 39.339636 ], [ 33.473737, 39.340383 ], [ 33.474246, 39.341231 ], [ 33.47399, 39.341916 ], [ 33.472851, 39.342469 ], [ 33.47166, 39.343277 ], [ 33.470917, 39.34374 ], [ 33.47016, 39.344108 ], [ 33.469413, 39.344075 ], [ 33.468821, 39.343994 ], [ 33.468593, 39.344083 ], [ 33.467985, 39.344231 ], [ 33.467146, 39.344404 ], [ 33.466206, 39.344525 ], [ 33.466207, 39.344769 ], [ 33.466529, 39.345133 ], [ 33.46666, 39.345458 ], [ 33.466432, 39.345677 ], [ 33.466088, 39.345829 ], [ 33.465803, 39.345895 ], [ 33.465406, 39.346006 ], [ 33.465108, 39.34585 ], [ 33.465039, 39.34552 ], [ 33.464853, 39.345338 ], [ 33.464267, 39.34526 ], [ 33.463608, 39.345525 ], [ 33.463108, 39.34569 ], [ 33.462917, 39.346042 ], [ 33.463565, 39.346434 ], [ 33.463053, 39.346759 ], [ 33.462683, 39.346892 ], [ 33.462135, 39.347057 ], [ 33.46174, 39.347053 ], [ 33.461257, 39.34728 ], [ 33.461171, 39.347587 ], [ 33.460962, 39.347789 ], [ 33.460818, 39.347946 ], [ 33.460723, 39.348272 ], [ 33.460339, 39.348699 ], [ 33.459911, 39.349105 ], [ 33.459548, 39.34985 ], [ 33.459967, 39.350292 ], [ 33.459753, 39.350741 ], [ 33.459224, 39.351537 ], [ 33.459042, 39.352087 ], [ 33.458481, 39.35256 ], [ 33.457778, 39.353119 ], [ 33.457424, 39.353669 ], [ 33.457467, 39.354353 ], [ 33.458654, 39.355065 ], [ 33.458858, 39.355438 ], [ 33.458782, 39.355778 ], [ 33.459311, 39.356256 ], [ 33.459401, 39.356492 ], [ 33.459602, 39.358696 ], [ 33.460518, 39.359058 ], [ 33.459989, 39.359305 ], [ 33.458551, 39.360271 ], [ 33.456885, 39.360888 ], [ 33.457458, 39.36142 ], [ 33.456564, 39.361431 ], [ 33.456267, 39.361654 ], [ 33.456104, 39.361776 ], [ 33.455286, 39.361283 ], [ 33.453484, 39.360841 ], [ 33.451802, 39.359698 ], [ 33.451417, 39.360151 ], [ 33.451101, 39.36003 ], [ 33.45099, 39.359245 ], [ 33.448457, 39.35865 ], [ 33.446583, 39.358652 ], [ 33.444378, 39.357666 ], [ 33.441629, 39.357897 ], [ 33.442319, 39.36089 ], [ 33.442319, 39.363887 ], [ 33.44206, 39.364187 ], [ 33.441027, 39.365185 ], [ 33.43916, 39.365466 ], [ 33.438452, 39.365724 ], [ 33.43636, 39.366186 ], [ 33.435451, 39.366537 ], [ 33.434438, 39.367058 ], [ 33.433081, 39.369056 ], [ 33.432823, 39.371403 ], [ 33.432823, 39.372451 ], [ 33.432952, 39.374499 ], [ 33.432306, 39.375747 ], [ 33.429787, 39.377395 ], [ 33.425847, 39.379392 ], [ 33.425265, 39.381339 ], [ 33.422875, 39.385134 ], [ 33.421578, 39.386597 ], [ 33.420905, 39.389852 ], [ 33.420679, 39.391873 ], [ 33.420679, 39.393745 ], [ 33.420679, 39.394245 ], [ 33.421099, 39.39714 ], [ 33.421519, 39.398288 ], [ 33.421519, 39.399536 ], [ 33.420937, 39.400734 ], [ 33.420227, 39.401083 ], [ 33.419548, 39.401408 ], [ 33.418612, 39.401607 ], [ 33.4169, 39.401358 ], [ 33.41606, 39.401033 ], [ 33.415317, 39.400684 ], [ 33.414575, 39.400385 ], [ 33.414219, 39.40011 ], [ 33.413541, 39.399636 ], [ 33.412346, 39.398887 ], [ 33.411668, 39.398363 ], [ 33.410967, 39.398543 ], [ 33.410085, 39.397858 ], [ 33.408825, 39.397184 ], [ 33.406145, 39.397059 ], [ 33.403722, 39.397982 ], [ 33.401881, 39.399031 ], [ 33.39975, 39.401152 ], [ 33.398619, 39.401976 ], [ 33.394324, 39.405395 ], [ 33.393193, 39.405594 ], [ 33.390189, 39.407266 ], [ 33.388768, 39.408389 ], [ 33.387404, 39.409821 ], [ 33.385763, 39.411488 ], [ 33.38492, 39.41307 ], [ 33.384675, 39.413529 ], [ 33.38433, 39.414857 ], [ 33.38425, 39.41549 ], [ 33.384192, 39.416291 ], [ 33.385213, 39.417974 ], [ 33.385795, 39.418802 ], [ 33.38614, 39.419566 ], [ 33.388254, 39.420247 ], [ 33.390607, 39.421005 ], [ 33.391395, 39.421255 ], [ 33.395244, 39.423198 ], [ 33.396044, 39.425511 ], [ 33.396379, 39.428672 ], [ 33.395121, 39.430723 ], [ 33.390815, 39.433793 ], [ 33.387805, 39.436315 ], [ 33.387212, 39.437962 ], [ 33.387739, 39.439938 ], [ 33.388961, 39.442181 ], [ 33.390617, 39.443876 ], [ 33.390925, 39.4448 ], [ 33.391079, 39.4495 ], [ 33.391965, 39.451888 ], [ 33.394815, 39.458358 ], [ 33.395239, 39.459784 ], [ 33.395123, 39.460824 ], [ 33.39471, 39.461851 ], [ 33.39366, 39.464459 ], [ 33.393081, 39.465183 ], [ 33.391326, 39.467376 ], [ 33.389105, 39.4714 ], [ 33.388964, 39.475983 ], [ 33.390063, 39.477092 ], [ 33.349932, 39.485479 ], [ 33.320926, 39.503584 ], [ 33.326551, 39.508277 ], [ 33.330208, 39.513891 ], [ 33.331263, 39.513873 ], [ 33.33094, 39.514058 ], [ 33.331035, 39.514237 ], [ 33.330573, 39.514373 ], [ 33.330093, 39.514562 ], [ 33.328737, 39.514958 ], [ 33.328386, 39.514468 ], [ 33.327869, 39.514723 ], [ 33.32724, 39.515642 ], [ 33.326211, 39.51477 ], [ 33.325276, 39.514387 ], [ 33.324498, 39.51382 ], [ 33.324512, 39.513592 ], [ 33.323849, 39.513829 ], [ 33.323088, 39.514003 ], [ 33.322501, 39.513893 ], [ 33.322281, 39.513655 ], [ 33.321292, 39.513646 ], [ 33.321144, 39.513793 ], [ 33.320202, 39.516692 ], [ 33.320069, 39.516942 ], [ 33.319431, 39.517641 ], [ 33.319288, 39.51777 ], [ 33.319538, 39.51792 ], [ 33.319184, 39.518503 ], [ 33.318657, 39.519744 ], [ 33.318504, 39.519593 ], [ 33.318208, 39.519795 ], [ 33.317936, 39.520025 ], [ 33.317112, 39.521052 ], [ 33.316103, 39.52186 ], [ 33.315161, 39.522525 ], [ 33.31478, 39.522023 ], [ 33.314387, 39.522245 ], [ 33.314336, 39.522412 ], [ 33.315107, 39.523755 ], [ 33.315186, 39.523893 ], [ 33.316814, 39.526727 ], [ 33.317664, 39.528074 ], [ 33.317711, 39.52828 ], [ 33.317698, 39.528282 ], [ 33.318406, 39.531308 ], [ 33.316782, 39.537192 ], [ 33.305896, 39.539522 ], [ 33.302936, 39.542087 ], [ 33.30294, 39.543052 ], [ 33.30326, 39.543196 ], [ 33.303974, 39.544416 ], [ 33.305748, 39.547326 ], [ 33.308442, 39.5482 ], [ 33.309446, 39.548072 ], [ 33.310695, 39.54824 ], [ 33.310824, 39.5485 ], [ 33.311785, 39.548076 ], [ 33.311167, 39.54701 ], [ 33.31113, 39.546624 ], [ 33.311548, 39.546854 ], [ 33.31199, 39.547279 ], [ 33.312358, 39.547221 ], [ 33.312656, 39.548035 ], [ 33.313342, 39.54824 ], [ 33.314012, 39.547735 ], [ 33.314939, 39.547682 ], [ 33.315358, 39.547127 ], [ 33.315948, 39.547144 ], [ 33.316222, 39.547811 ], [ 33.316736, 39.548294 ], [ 33.317486, 39.548527 ], [ 33.317955, 39.548293 ], [ 33.31861, 39.547686 ], [ 33.319103, 39.547869 ], [ 33.319872, 39.54893 ], [ 33.319693, 39.54922 ], [ 33.320181, 39.549184 ], [ 33.319853, 39.549756 ], [ 33.320732, 39.550606 ], [ 33.320751, 39.55065 ], [ 33.320715, 39.550676 ], [ 33.320645, 39.550727 ], [ 33.32008, 39.551083 ], [ 33.319675, 39.550607 ], [ 33.319422, 39.551088 ], [ 33.319151, 39.551358 ], [ 33.320198, 39.552232 ], [ 33.319696, 39.553173 ], [ 33.31945, 39.553635 ], [ 33.319387, 39.553752 ], [ 33.319383, 39.553759 ], [ 33.319363, 39.553797 ], [ 33.319362, 39.553799 ], [ 33.319071, 39.554345 ], [ 33.320244, 39.554789 ], [ 33.320231, 39.554806 ], [ 33.320162, 39.554899 ], [ 33.321748, 39.555544 ], [ 33.32026, 39.557263 ], [ 33.319752, 39.557641 ], [ 33.318831, 39.559035 ], [ 33.317381, 39.560326 ], [ 33.316512, 39.560881 ], [ 33.316766, 39.561716 ], [ 33.316025, 39.562235 ], [ 33.316019, 39.563238 ], [ 33.316019, 39.563274 ], [ 33.318321, 39.563522 ], [ 33.318326, 39.563608 ], [ 33.318391, 39.564782 ], [ 33.318385, 39.566874 ], [ 33.318035, 39.568476 ], [ 33.317993, 39.568802 ], [ 33.318084, 39.56897 ], [ 33.318166, 39.569056 ], [ 33.318187, 39.569175 ], [ 33.318318, 39.569199 ], [ 33.318292, 39.56927 ], [ 33.317679, 39.570947 ], [ 33.319147, 39.571902 ], [ 33.319123, 39.572259 ], [ 33.318623, 39.572701 ], [ 33.317213, 39.572736 ], [ 33.317287, 39.57331 ], [ 33.315503, 39.573447 ], [ 33.315791, 39.573798 ], [ 33.31569, 39.574097 ], [ 33.317865, 39.574716 ], [ 33.317442, 39.575351 ], [ 33.318138, 39.575458 ], [ 33.318239, 39.575474 ], [ 33.317124, 39.57706 ], [ 33.317695, 39.577438 ], [ 33.317814, 39.5775 ], [ 33.31833, 39.581932 ], [ 33.319572, 39.582455 ], [ 33.319252, 39.5837 ], [ 33.318146, 39.584248 ], [ 33.31729, 39.58508 ], [ 33.31735, 39.585147 ], [ 33.317014, 39.585677 ], [ 33.31541, 39.586487 ], [ 33.314967, 39.586934 ], [ 33.313945, 39.587603 ], [ 33.313307, 39.587728 ], [ 33.31132, 39.589436 ], [ 33.311188, 39.590555 ], [ 33.310271, 39.591177 ], [ 33.309397, 39.59195 ], [ 33.30877, 39.592976 ], [ 33.307714, 39.593907 ], [ 33.307878, 39.594459 ], [ 33.308338, 39.594986 ], [ 33.30761, 39.595582 ], [ 33.306334, 39.595945 ], [ 33.306185, 39.595884 ], [ 33.302843, 39.595711 ], [ 33.301817, 39.596113 ], [ 33.30124, 39.597676 ], [ 33.303455, 39.599273 ], [ 33.309388, 39.606432 ], [ 33.315356, 39.60865 ], [ 33.320226, 39.614556 ], [ 33.325162, 39.619916 ], [ 33.326109, 39.625365 ], [ 33.326398, 39.627155 ], [ 33.323734, 39.628521 ], [ 33.322283, 39.629265 ], [ 33.315731, 39.632605 ], [ 33.316178, 39.634434 ], [ 33.315253, 39.637155 ], [ 33.312622, 39.64023 ], [ 33.314525, 39.643872 ], [ 33.314192, 39.645186 ], [ 33.308559, 39.648714 ], [ 33.308919, 39.649621 ], [ 33.308367, 39.649956 ], [ 33.308537, 39.652072 ], [ 33.30821, 39.652986 ], [ 33.303184, 39.655135 ], [ 33.297542, 39.656716 ], [ 33.293124, 39.657392 ], [ 33.290005, 39.662397 ], [ 33.286443, 39.665827 ], [ 33.282803, 39.671 ], [ 33.280887, 39.67212 ], [ 33.27957, 39.672961 ], [ 33.27442, 39.676876 ], [ 33.27294, 39.675915 ], [ 33.261729, 39.678493 ], [ 33.254971, 39.677635 ], [ 33.254143, 39.683039 ], [ 33.255663, 39.689474 ], [ 33.259971, 39.695129 ], [ 33.264786, 39.699224 ], [ 33.270868, 39.703318 ], [ 33.27695, 39.709362 ], [ 33.280244, 39.715015 ], [ 33.284299, 39.717939 ], [ 33.293438, 39.723437 ], [ 33.293452, 39.726741 ], [ 33.291814, 39.728694 ], [ 33.293037, 39.732419 ], [ 33.295556, 39.741987 ], [ 33.297388, 39.744571 ], [ 33.29968, 39.749151 ], [ 33.299832, 39.752322 ], [ 33.300138, 39.75561 ], [ 33.299985, 39.757019 ], [ 33.301971, 39.760659 ], [ 33.302887, 39.763007 ], [ 33.303956, 39.766295 ], [ 33.305026, 39.770874 ], [ 33.305178, 39.773222 ], [ 33.30472, 39.774865 ], [ 33.301971, 39.776861 ], [ 33.29861, 39.778387 ], [ 33.297236, 39.778856 ], [ 33.294181, 39.779326 ], [ 33.288988, 39.779326 ], [ 33.284558, 39.779795 ], [ 33.276965, 39.780172 ], [ 33.277082, 39.780934 ], [ 33.277985, 39.783685 ], [ 33.275614, 39.785756 ], [ 33.275639, 39.792182 ], [ 33.282822, 39.802721 ], [ 33.283741, 39.809144 ], [ 33.288808, 39.811197 ], [ 33.287326, 39.812577 ], [ 33.292694, 39.815318 ], [ 33.293305, 39.819217 ], [ 33.294338, 39.820958 ], [ 33.293303, 39.821381 ], [ 33.291011, 39.823053 ], [ 33.289631, 39.824368 ], [ 33.288033, 39.824666 ], [ 33.285971, 39.825282 ], [ 33.284443, 39.825897 ], [ 33.283374, 39.826983 ], [ 33.282611, 39.827804 ], [ 33.269567, 39.829782 ], [ 33.260626, 39.833982 ], [ 33.260573, 39.834232 ], [ 33.260559, 39.8343 ], [ 33.260499, 39.83458 ], [ 33.259918, 39.837316 ], [ 33.258578, 39.843625 ], [ 33.258783, 39.845382 ], [ 33.258324, 39.847991 ], [ 33.258324, 39.849692 ], [ 33.258095, 39.851187 ], [ 33.257436, 39.85382 ], [ 33.266642, 39.850262 ], [ 33.272835, 39.850205 ], [ 33.276272, 39.849912 ], [ 33.279066, 39.849505 ], [ 33.285841, 39.844931 ], [ 33.297288, 39.845598 ], [ 33.298007, 39.847149 ], [ 33.301928, 39.850781 ], [ 33.30471, 39.853009 ], [ 33.301205, 39.856373 ], [ 33.291999, 39.862134 ], [ 33.292303, 39.86351 ], [ 33.298562, 39.864871 ], [ 33.304239, 39.869217 ], [ 33.30838, 39.873591 ], [ 33.310523, 39.875855 ], [ 33.309955, 39.881822 ], [ 33.307313, 39.882995 ], [ 33.305793, 39.88367 ], [ 33.304984, 39.884869 ], [ 33.302537, 39.888498 ], [ 33.303755, 39.894461 ], [ 33.304676, 39.900654 ], [ 33.314214, 39.901318 ], [ 33.320489, 39.905202 ], [ 33.320796, 39.907266 ], [ 33.327064, 39.909314 ], [ 33.328877, 39.914587 ], [ 33.336324, 39.914106 ], [ 33.339897, 39.913407 ], [ 33.338425, 39.917083 ], [ 33.344098, 39.919132 ], [ 33.355079, 39.918493 ], [ 33.35552, 39.918598 ], [ 33.363492, 39.923433 ], [ 33.364259, 39.924539 ], [ 33.366195, 39.925353 ], [ 33.368466, 39.925802 ], [ 33.371251, 39.925244 ], [ 33.373929, 39.924318 ], [ 33.374662, 39.926436 ], [ 33.374601, 39.926392 ], [ 33.37726, 39.933945 ], [ 33.378503, 39.94312 ], [ 33.383949, 39.95733 ], [ 33.395665, 39.972436 ], [ 33.400565, 39.971323 ], [ 33.400481, 39.970599 ], [ 33.399815, 39.97049 ], [ 33.399807, 39.970116 ], [ 33.399964, 39.96984 ], [ 33.400186, 39.969574 ], [ 33.40042, 39.969669 ], [ 33.400655, 39.969273 ], [ 33.400955, 39.968861 ], [ 33.401165, 39.968454 ], [ 33.401529, 39.968469 ], [ 33.401983, 39.968468 ], [ 33.40231, 39.968565 ], [ 33.40273, 39.968258 ], [ 33.402808, 39.968097 ], [ 33.402929, 39.967856 ], [ 33.403074, 39.96763 ], [ 33.403352, 39.967527 ], [ 33.40344, 39.967589 ], [ 33.40449, 39.965616 ], [ 33.404743, 39.964944 ], [ 33.405196, 39.964228 ], [ 33.405844, 39.963944 ], [ 33.405971, 39.963962 ], [ 33.406192, 39.9637 ], [ 33.406506, 39.963655 ], [ 33.406537, 39.963391 ], [ 33.406672, 39.962929 ], [ 33.406773, 39.962321 ], [ 33.406331, 39.961839 ], [ 33.406635, 39.960347 ], [ 33.40664, 39.959906 ], [ 33.406929, 39.959785 ], [ 33.407527, 39.959865 ], [ 33.407822, 39.959705 ], [ 33.408062, 39.959406 ], [ 33.40839, 39.959048 ], [ 33.408473, 39.958931 ], [ 33.408781, 39.958764 ], [ 33.409489, 39.958521 ], [ 33.409961, 39.958437 ], [ 33.41031, 39.95841 ], [ 33.410819, 39.957948 ], [ 33.410839, 39.957692 ], [ 33.411026, 39.957008 ], [ 33.411209, 39.956737 ], [ 33.411429, 39.956451 ], [ 33.411727, 39.956081 ], [ 33.41193, 39.956053 ], [ 33.412021, 39.955621 ], [ 33.412223, 39.955034 ], [ 33.412327, 39.95501 ], [ 33.412405, 39.954803 ], [ 33.413073, 39.954107 ], [ 33.413624, 39.953683 ], [ 33.413758, 39.953515 ], [ 33.413772, 39.953251 ], [ 33.413826, 39.952728 ], [ 33.414125, 39.952538 ], [ 33.414229, 39.952329 ], [ 33.414384, 39.952103 ], [ 33.414877, 39.951742 ], [ 33.415495, 39.951596 ], [ 33.416182, 39.951292 ], [ 33.416262, 39.951218 ], [ 33.41701, 39.950799 ], [ 33.417168, 39.950658 ], [ 33.41769, 39.949933 ], [ 33.418295, 39.950262 ], [ 33.419121, 39.949307 ], [ 33.419918, 39.949397 ], [ 33.419852, 39.949729 ], [ 33.420557, 39.950548 ], [ 33.421023, 39.950857 ], [ 33.42151, 39.951241 ], [ 33.42164, 39.951321 ], [ 33.422158, 39.951405 ], [ 33.42327, 39.951605 ], [ 33.424094, 39.951747 ], [ 33.424475, 39.9519 ], [ 33.425066, 39.952232 ], [ 33.425445, 39.952322 ], [ 33.425654, 39.952363 ], [ 33.426335, 39.952824 ], [ 33.426621, 39.95327 ], [ 33.426789, 39.953547 ], [ 33.426961, 39.953876 ], [ 33.42704, 39.954103 ], [ 33.427055, 39.954268 ], [ 33.427048, 39.954524 ], [ 33.426659, 39.954829 ], [ 33.426515, 39.955065 ], [ 33.426448, 39.95547 ], [ 33.426635, 39.956095 ], [ 33.426875, 39.956403 ], [ 33.427311, 39.95656 ], [ 33.427411, 39.956726 ], [ 33.427399, 39.957215 ], [ 33.427736, 39.957767 ], [ 33.428104, 39.957943 ], [ 33.428186, 39.957981 ], [ 33.428459, 39.958236 ], [ 33.428874, 39.958609 ], [ 33.429021, 39.95873 ], [ 33.429242, 39.958926 ], [ 33.429414, 39.959079 ], [ 33.42956, 39.959204 ], [ 33.429778, 39.959382 ], [ 33.429955, 39.959526 ], [ 33.430178, 39.959709 ], [ 33.430527, 39.960107 ], [ 33.430735, 39.960213 ], [ 33.43101, 39.960773 ], [ 33.431472, 39.961192 ], [ 33.431969, 39.961799 ], [ 33.432137, 39.962237 ], [ 33.432264, 39.96251 ], [ 33.432596, 39.962827 ], [ 33.432951, 39.96331 ], [ 33.433347, 39.96401 ], [ 33.433387, 39.964099 ], [ 33.433388, 39.964103 ], [ 33.433745, 39.964903 ], [ 33.434086, 39.965391 ], [ 33.434375, 39.96585 ], [ 33.434529, 39.966208 ], [ 33.434641, 39.966676 ], [ 33.434709, 39.96692 ], [ 33.434802, 39.967473 ], [ 33.43476, 39.967769 ], [ 33.434715, 39.968202 ], [ 33.434743, 39.968587 ], [ 33.434511, 39.968983 ], [ 33.434613, 39.969678 ], [ 33.434613, 39.970383 ], [ 33.434038, 39.971088 ], [ 33.433578, 39.971851 ], [ 33.43308, 39.972556 ], [ 33.432122, 39.973349 ], [ 33.431548, 39.974054 ], [ 33.431011, 39.974817 ], [ 33.430666, 39.975639 ], [ 33.430206, 39.976462 ], [ 33.430206, 39.977284 ], [ 33.431126, 39.977988 ], [ 33.433119, 39.978429 ], [ 33.43377, 39.978429 ], [ 33.434306, 39.978546 ], [ 33.434881, 39.978634 ], [ 33.435341, 39.978634 ], [ 33.435954, 39.97837 ], [ 33.436759, 39.978135 ], [ 33.437525, 39.978047 ], [ 33.438636, 39.977959 ], [ 33.439943, 39.978059 ], [ 33.440706, 39.9779 ], [ 33.441319, 39.9779 ], [ 33.442047, 39.97793 ], [ 33.442745, 39.978404 ], [ 33.442763, 39.978447 ], [ 33.443055, 39.978695 ], [ 33.44331, 39.978921 ], [ 33.443399, 39.979017 ], [ 33.443653, 39.979293 ], [ 33.443849, 39.979491 ], [ 33.443989, 39.979637 ], [ 33.444095, 39.979747 ], [ 33.444193, 39.979844 ], [ 33.444535, 39.980049 ], [ 33.444691, 39.9803 ], [ 33.444809, 39.980522 ], [ 33.444785, 39.980733 ], [ 33.444932, 39.980906 ], [ 33.445081, 39.981061 ], [ 33.445193, 39.981209 ], [ 33.445265, 39.981309 ], [ 33.445295, 39.981336 ], [ 33.445267, 39.981469 ], [ 33.445368, 39.98168 ], [ 33.445418, 39.981753 ], [ 33.446238, 39.981878 ], [ 33.446338, 39.982018 ], [ 33.446411, 39.982125 ], [ 33.446422, 39.982174 ], [ 33.446422, 39.98223 ], [ 33.446478, 39.982296 ], [ 33.446504, 39.982396 ], [ 33.446465, 39.982489 ], [ 33.446443, 39.982541 ], [ 33.446357, 39.982658 ], [ 33.446368, 39.982668 ], [ 33.446336, 39.982782 ], [ 33.44631, 39.982863 ], [ 33.446257, 39.983043 ], [ 33.446238, 39.983125 ], [ 33.446079, 39.983342 ], [ 33.445483, 39.983891 ], [ 33.445199, 39.984164 ], [ 33.444984, 39.984369 ], [ 33.444784, 39.984574 ], [ 33.444653, 39.984708 ], [ 33.444474, 39.986781 ], [ 33.444157, 39.987018 ], [ 33.444197, 39.987901 ], [ 33.44401, 39.987926 ], [ 33.444118, 39.989418 ], [ 33.444407, 39.989458 ], [ 33.444559, 39.989623 ], [ 33.444591, 39.989665 ], [ 33.444641, 39.990145 ], [ 33.444642, 39.990424 ], [ 33.444836, 39.99077 ], [ 33.444958, 39.99098 ], [ 33.445049, 39.991139 ], [ 33.444995, 39.991323 ], [ 33.445082, 39.991573 ], [ 33.4453, 39.991731 ], [ 33.445361, 39.991994 ], [ 33.44558, 39.992253 ], [ 33.4458, 39.99245 ], [ 33.445918, 39.992752 ], [ 33.445932, 39.992951 ], [ 33.446117, 39.99345 ], [ 33.446236, 39.993812 ], [ 33.446386, 39.994195 ], [ 33.446384, 39.994471 ], [ 33.446509, 39.994923 ], [ 33.44652, 39.995035 ], [ 33.446576, 39.995224 ], [ 33.446574, 39.995301 ], [ 33.446584, 39.99541 ], [ 33.44658, 39.995585 ], [ 33.446604, 39.995752 ], [ 33.44658, 39.995845 ], [ 33.44662, 39.996088 ], [ 33.446636, 39.996145 ], [ 33.44687, 39.996253 ], [ 33.446731, 39.996384 ], [ 33.446818, 39.996793 ], [ 33.446816, 39.996956 ], [ 33.446811, 39.996993 ], [ 33.446788, 39.997031 ], [ 33.446772, 39.997063 ], [ 33.446773, 39.997086 ], [ 33.446781, 39.997188 ], [ 33.446786, 39.997294 ], [ 33.446779, 39.997437 ], [ 33.44677, 39.997567 ], [ 33.446742, 39.997691 ], [ 33.446713, 39.997759 ], [ 33.446713, 39.997821 ], [ 33.446651, 39.998129 ], [ 33.446657, 39.998177 ], [ 33.446649, 39.998216 ], [ 33.448973, 39.998494 ], [ 33.450528, 39.999066 ], [ 33.454342, 39.999036 ], [ 33.45992, 40.000339 ], [ 33.467957, 40.000412 ], [ 33.468521, 40.000347 ], [ 33.472118, 39.999977 ], [ 33.479304, 39.999832 ], [ 33.484221, 40.000267 ], [ 33.488192, 40.000484 ], [ 33.516653, 40.006641 ], [ 33.516369, 40.012507 ], [ 33.516842, 40.016707 ], [ 33.510139, 40.02756 ], [ 33.506684, 40.038424 ], [ 33.506343, 40.039446 ], [ 33.5092, 40.042247 ], [ 33.51039, 40.044384 ], [ 33.512957, 40.04716 ], [ 33.514665, 40.04779 ], [ 33.514972, 40.047481 ], [ 33.516575, 40.047718 ], [ 33.516771, 40.048232 ], [ 33.517658, 40.048217 ], [ 33.518051, 40.04877 ], [ 33.518351, 40.048781 ], [ 33.522246, 40.050863 ], [ 33.522073, 40.051154 ], [ 33.522647, 40.051187 ], [ 33.522782, 40.051025 ], [ 33.523361, 40.05074 ], [ 33.523562, 40.050693 ], [ 33.524825, 40.050168 ], [ 33.52455, 40.049107 ], [ 33.524269, 40.047222 ], [ 33.52537, 40.045907 ], [ 33.525398, 40.045402 ], [ 33.525896, 40.045234 ], [ 33.525893, 40.044506 ], [ 33.526889, 40.044139 ], [ 33.527765, 40.043268 ], [ 33.531842, 40.043438 ], [ 33.534868, 40.043679 ], [ 33.536666, 40.043487 ], [ 33.539381, 40.043269 ], [ 33.544174, 40.042644 ], [ 33.546284, 40.049846 ], [ 33.546344, 40.050052 ], [ 33.553113, 40.063118 ], [ 33.553124, 40.063225 ], [ 33.553386, 40.065827 ], [ 33.553443, 40.066392 ], [ 33.553689, 40.068831 ], [ 33.552031, 40.071464 ], [ 33.551212, 40.071609 ], [ 33.548169, 40.072149 ], [ 33.544052, 40.07288 ], [ 33.543232, 40.075455 ], [ 33.543789, 40.077972 ], [ 33.544199, 40.079204 ], [ 33.544057, 40.079596 ], [ 33.544337, 40.080097 ], [ 33.544501, 40.080389 ], [ 33.544456, 40.080403 ], [ 33.544988, 40.081023 ], [ 33.545516, 40.08259 ], [ 33.548322, 40.08213 ], [ 33.550311, 40.082903 ], [ 33.552875, 40.083573 ], [ 33.554595, 40.08312 ], [ 33.556439, 40.082372 ], [ 33.55879, 40.081179 ], [ 33.55889, 40.078675 ], [ 33.561043, 40.076943 ], [ 33.562877, 40.075262 ], [ 33.564509, 40.073315 ], [ 33.56521, 40.072103 ], [ 33.56754, 40.072856 ], [ 33.568865, 40.073176 ], [ 33.578964, 40.072512 ], [ 33.582705, 40.071974 ], [ 33.587627, 40.070348 ], [ 33.588535, 40.070999 ], [ 33.589259, 40.071834 ], [ 33.590383, 40.073523 ], [ 33.589037, 40.076501 ], [ 33.58303, 40.08585 ], [ 33.586378, 40.102089 ], [ 33.575845, 40.113331 ], [ 33.576262, 40.114322 ], [ 33.575176, 40.115335 ], [ 33.575001, 40.116829 ], [ 33.574675, 40.117819 ], [ 33.573997, 40.119606 ], [ 33.577546, 40.120655 ], [ 33.578501, 40.120749 ], [ 33.57835, 40.121178 ], [ 33.577939, 40.123165 ], [ 33.582083, 40.125425 ], [ 33.581815, 40.127584 ], [ 33.58029, 40.127815 ], [ 33.579956, 40.129161 ], [ 33.584072, 40.133436 ], [ 33.588, 40.138612 ], [ 33.595105, 40.144873 ], [ 33.598775, 40.147005 ], [ 33.59295, 40.163776 ], [ 33.592934, 40.167466 ], [ 33.592929, 40.168585 ], [ 33.592878, 40.180155 ], [ 33.592843, 40.188149 ], [ 33.594385, 40.196603 ], [ 33.596406, 40.198532 ], [ 33.607069, 40.209871 ], [ 33.606598, 40.213851 ], [ 33.606549, 40.220944 ], [ 33.605008, 40.224438 ], [ 33.605198, 40.227247 ], [ 33.605452, 40.23025 ], [ 33.605896, 40.232429 ], [ 33.60653, 40.233882 ], [ 33.607862, 40.235577 ], [ 33.610463, 40.237466 ], [ 33.612493, 40.238773 ], [ 33.614333, 40.239984 ], [ 33.616046, 40.240904 ], [ 33.618139, 40.241872 ], [ 33.619852, 40.243276 ], [ 33.623013, 40.245162 ], [ 33.623186, 40.245762 ], [ 33.623045, 40.246873 ], [ 33.62282, 40.247565 ], [ 33.622388, 40.248199 ], [ 33.62157, 40.248854 ], [ 33.620909, 40.249034 ], [ 33.619744, 40.249448 ], [ 33.618779, 40.249799 ], [ 33.617519, 40.25076 ], [ 33.615801, 40.251691 ], [ 33.615104, 40.252386 ], [ 33.614298, 40.253183 ], [ 33.61338, 40.253953 ], [ 33.613215, 40.254487 ], [ 33.61316, 40.254918 ], [ 33.611355, 40.25576 ], [ 33.61044, 40.256825 ], [ 33.610264, 40.256962 ], [ 33.610185, 40.257167 ], [ 33.61013, 40.258347 ], [ 33.610136, 40.258362 ], [ 33.610362, 40.258769 ], [ 33.610704, 40.259005 ], [ 33.611721, 40.259351 ], [ 33.612804, 40.259736 ], [ 33.613516, 40.259976 ], [ 33.61422, 40.260097 ], [ 33.615787, 40.25993 ], [ 33.617978, 40.26103 ], [ 33.619536, 40.2617 ], [ 33.620778, 40.262591 ], [ 33.620943, 40.263293 ], [ 33.619653, 40.264173 ], [ 33.619034, 40.26586 ], [ 33.620059, 40.268978 ], [ 33.620366, 40.269555 ], [ 33.620759, 40.270588 ], [ 33.622527, 40.272748 ], [ 33.624858, 40.274133 ], [ 33.627292, 40.27701 ], [ 33.627553, 40.277923 ], [ 33.627599, 40.278473 ], [ 33.627002, 40.279545 ], [ 33.626657, 40.280523 ], [ 33.627342, 40.282472 ], [ 33.628248, 40.285265 ], [ 33.629713, 40.286109 ], [ 33.632287, 40.28485 ], [ 33.634405, 40.28215 ], [ 33.637171, 40.280494 ], [ 33.639716, 40.279607 ], [ 33.643004, 40.280182 ], [ 33.644696, 40.280731 ], [ 33.64498, 40.281777 ], [ 33.644809, 40.282966 ], [ 33.645786, 40.283632 ], [ 33.646293, 40.287212 ], [ 33.646263, 40.287218 ], [ 33.645005, 40.28918 ], [ 33.644871, 40.289997 ], [ 33.645856, 40.293284 ], [ 33.646232, 40.293573 ], [ 33.647336, 40.29458 ], [ 33.653834, 40.293103 ], [ 33.66038, 40.303558 ], [ 33.659886, 40.304688 ], [ 33.658651, 40.306289 ], [ 33.658774, 40.307608 ], [ 33.660039, 40.311317 ], [ 33.660014, 40.311857 ], [ 33.659432, 40.312263 ], [ 33.658837, 40.312784 ], [ 33.657613, 40.315323 ], [ 33.657436, 40.315786 ], [ 33.657208, 40.317562 ], [ 33.656942, 40.319647 ], [ 33.657797, 40.322433 ], [ 33.659029, 40.323482 ], [ 33.660737, 40.324449 ], [ 33.662247, 40.324715 ], [ 33.65917, 40.326783 ], [ 33.657696, 40.328206 ], [ 33.655239, 40.330529 ], [ 33.652782, 40.332252 ], [ 33.649933, 40.333525 ], [ 33.647083, 40.33405 ], [ 33.641678, 40.33405 ], [ 33.636818, 40.333552 ], [ 33.630572, 40.332951 ], [ 33.625332, 40.331952 ], [ 33.621473, 40.332069 ], [ 33.617838, 40.332281 ], [ 33.616856, 40.33189 ], [ 33.613083, 40.332231 ], [ 33.611623, 40.334802 ], [ 33.610397, 40.337562 ], [ 33.609879, 40.338903 ], [ 33.609559, 40.33997 ], [ 33.608874, 40.342446 ], [ 33.6094, 40.345392 ], [ 33.609228, 40.346366 ], [ 33.592726, 40.349129 ], [ 33.592117, 40.349942 ], [ 33.590669, 40.350286 ], [ 33.590435, 40.350487 ], [ 33.589422, 40.35114 ], [ 33.589654, 40.351574 ], [ 33.589923, 40.351932 ], [ 33.589628, 40.352013 ], [ 33.589256, 40.352202 ], [ 33.588729, 40.352514 ], [ 33.588002, 40.352924 ], [ 33.587585, 40.35234 ], [ 33.586877, 40.351492 ], [ 33.58651, 40.351699 ], [ 33.58616, 40.351926 ], [ 33.585673, 40.352276 ], [ 33.584717, 40.352448 ], [ 33.583773, 40.352683 ], [ 33.583033, 40.352737 ], [ 33.579273, 40.352447 ], [ 33.575754, 40.352939 ], [ 33.575139, 40.351203 ], [ 33.573974, 40.35144 ], [ 33.571069, 40.353886 ], [ 33.568711, 40.354311 ], [ 33.567432, 40.35512 ], [ 33.56604, 40.355581 ], [ 33.564773, 40.356211 ], [ 33.564096, 40.356695 ], [ 33.555129, 40.356504 ], [ 33.551317, 40.356292 ], [ 33.549064, 40.355425 ], [ 33.546643, 40.355065 ], [ 33.544342, 40.353702 ], [ 33.538284, 40.35159 ], [ 33.537383, 40.351276 ], [ 33.530673, 40.349168 ], [ 33.522573, 40.346143 ], [ 33.515121, 40.348712 ], [ 33.514891, 40.34966 ], [ 33.515027, 40.349834 ], [ 33.51506, 40.349916 ], [ 33.514873, 40.350105 ], [ 33.514674, 40.350103 ], [ 33.513533, 40.350656 ], [ 33.509574, 40.353018 ], [ 33.507978, 40.354199 ], [ 33.506359, 40.355412 ], [ 33.505519, 40.355402 ], [ 33.504857, 40.35545 ], [ 33.504443, 40.355405 ], [ 33.502474, 40.353888 ], [ 33.501874, 40.3531 ], [ 33.501355, 40.352586 ], [ 33.500766, 40.352454 ], [ 33.498355, 40.350712 ], [ 33.498457, 40.350685 ], [ 33.498313, 40.34948 ], [ 33.498306, 40.349424 ], [ 33.497669, 40.349452 ], [ 33.497199, 40.349517 ], [ 33.495631, 40.347598 ], [ 33.494191, 40.346918 ], [ 33.493987, 40.346787 ], [ 33.493661, 40.34659 ], [ 33.493349, 40.34645 ], [ 33.493094, 40.346339 ], [ 33.492732, 40.346229 ], [ 33.492174, 40.346139 ], [ 33.491702, 40.346169 ], [ 33.491203, 40.346191 ], [ 33.491013, 40.3462 ], [ 33.490783, 40.346147 ], [ 33.490305, 40.346156 ], [ 33.489851, 40.346255 ], [ 33.489604, 40.346282 ], [ 33.489307, 40.346314 ], [ 33.489278, 40.346317 ], [ 33.488795, 40.346479 ], [ 33.488414, 40.346461 ], [ 33.487533, 40.346419 ], [ 33.487208, 40.346402 ], [ 33.486707, 40.346472 ], [ 33.486317, 40.346211 ], [ 33.486007, 40.346251 ], [ 33.485852, 40.346418 ], [ 33.485658, 40.346382 ], [ 33.485784, 40.346244 ], [ 33.485771, 40.346226 ], [ 33.485675, 40.346211 ], [ 33.485318, 40.346178 ], [ 33.485084, 40.345917 ], [ 33.485065, 40.345894 ], [ 33.485056, 40.345823 ], [ 33.485054, 40.345766 ], [ 33.485002, 40.345653 ], [ 33.484934, 40.345542 ], [ 33.484784, 40.345423 ], [ 33.484658, 40.345272 ], [ 33.484498, 40.345212 ], [ 33.484432, 40.345152 ], [ 33.484111, 40.344921 ], [ 33.483971, 40.344858 ], [ 33.483882, 40.344824 ], [ 33.4838, 40.344798 ], [ 33.483714, 40.344772 ], [ 33.483607, 40.34473 ], [ 33.483514, 40.344691 ], [ 33.483435, 40.344663 ], [ 33.483204, 40.344657 ], [ 33.483093, 40.344669 ], [ 33.483016, 40.344679 ], [ 33.48279, 40.344714 ], [ 33.482582, 40.344747 ], [ 33.482376, 40.344766 ], [ 33.482193, 40.344828 ], [ 33.481969, 40.344914 ], [ 33.481799, 40.344998 ], [ 33.481654, 40.345037 ], [ 33.481595, 40.345048 ], [ 33.481506, 40.345069 ], [ 33.481408, 40.345086 ], [ 33.481333, 40.345104 ], [ 33.481246, 40.345096 ], [ 33.481142, 40.345101 ], [ 33.480841, 40.345136 ], [ 33.480494, 40.345231 ], [ 33.480152, 40.345298 ], [ 33.479945, 40.345332 ], [ 33.479874, 40.345352 ], [ 33.479304, 40.345432 ], [ 33.479005, 40.345516 ], [ 33.478931, 40.345537 ], [ 33.478835, 40.345565 ], [ 33.478846, 40.345641 ], [ 33.478652, 40.3457 ], [ 33.478613, 40.34572 ], [ 33.478476, 40.345791 ], [ 33.478341, 40.345918 ], [ 33.478245, 40.34603 ], [ 33.478171, 40.346076 ], [ 33.477762, 40.346331 ], [ 33.477573, 40.346401 ], [ 33.477463, 40.346447 ], [ 33.47745, 40.346451 ], [ 33.47728, 40.346527 ], [ 33.477176, 40.346538 ], [ 33.477006, 40.346541 ], [ 33.476916, 40.346528 ], [ 33.476951, 40.346848 ], [ 33.477029, 40.347261 ], [ 33.477132, 40.34779 ], [ 33.477189, 40.347996 ], [ 33.477205, 40.348141 ], [ 33.477171, 40.348342 ], [ 33.477159, 40.348411 ], [ 33.477173, 40.348647 ], [ 33.477233, 40.349019 ], [ 33.477275, 40.349395 ], [ 33.477295, 40.349581 ], [ 33.47732, 40.349624 ], [ 33.47735, 40.349653 ], [ 33.477313, 40.349678 ], [ 33.477065, 40.349679 ], [ 33.476842, 40.349714 ], [ 33.476633, 40.349765 ], [ 33.476166, 40.3499 ], [ 33.475929, 40.350004 ], [ 33.475661, 40.350131 ], [ 33.475375, 40.350271 ], [ 33.475268, 40.350239 ], [ 33.475274, 40.350207 ], [ 33.475226, 40.350112 ], [ 33.47514, 40.349962 ], [ 33.475088, 40.34995 ], [ 33.474969, 40.349889 ], [ 33.474904, 40.349833 ], [ 33.474805, 40.349844 ], [ 33.4746, 40.349977 ], [ 33.474443, 40.350044 ], [ 33.474327, 40.350054 ], [ 33.474283, 40.350022 ], [ 33.474282, 40.349913 ], [ 33.474255, 40.349788 ], [ 33.474149, 40.349693 ], [ 33.473999, 40.349641 ], [ 33.473871, 40.349649 ], [ 33.473663, 40.349697 ], [ 33.473458, 40.349754 ], [ 33.473337, 40.349761 ], [ 33.473267, 40.349731 ], [ 33.473261, 40.34967 ], [ 33.473348, 40.349588 ], [ 33.47341, 40.349533 ], [ 33.473572, 40.349359 ], [ 33.473628, 40.349297 ], [ 33.473716, 40.349199 ], [ 33.47377, 40.349137 ], [ 33.473783, 40.349014 ], [ 33.473633, 40.348919 ], [ 33.473289, 40.348812 ], [ 33.473023, 40.348779 ], [ 33.472842, 40.34883 ], [ 33.472698, 40.348834 ], [ 33.472646, 40.348842 ], [ 33.472341, 40.348991 ], [ 33.472255, 40.349038 ], [ 33.472168, 40.349112 ], [ 33.472114, 40.349156 ], [ 33.472033, 40.349212 ], [ 33.471722, 40.349329 ], [ 33.471648, 40.349342 ], [ 33.471624, 40.349337 ], [ 33.471605, 40.349331 ], [ 33.471568, 40.349292 ], [ 33.471471, 40.349179 ], [ 33.471473, 40.349163 ], [ 33.47148, 40.34915 ], [ 33.471598, 40.349084 ], [ 33.471636, 40.349057 ], [ 33.47166, 40.349027 ], [ 33.471677, 40.348978 ], [ 33.471656, 40.348754 ], [ 33.471654, 40.348727 ], [ 33.471639, 40.348692 ], [ 33.471604, 40.348658 ], [ 33.471565, 40.348633 ], [ 33.471346, 40.348545 ], [ 33.471225, 40.348511 ], [ 33.470909, 40.348474 ], [ 33.470667, 40.348449 ], [ 33.470361, 40.348395 ], [ 33.470092, 40.348379 ], [ 33.469641, 40.348344 ], [ 33.469602, 40.348343 ], [ 33.469558, 40.348354 ], [ 33.469506, 40.348382 ], [ 33.469455, 40.34843 ], [ 33.469418, 40.348488 ], [ 33.469405, 40.348546 ], [ 33.469353, 40.348815 ], [ 33.469222, 40.349125 ], [ 33.469202, 40.349192 ], [ 33.469185, 40.349187 ], [ 33.469096, 40.349167 ], [ 33.468794, 40.349242 ], [ 33.468424, 40.349209 ], [ 33.468406, 40.3492 ], [ 33.468427, 40.349062 ], [ 33.468428, 40.348973 ], [ 33.468415, 40.348821 ], [ 33.468373, 40.348715 ], [ 33.468309, 40.348675 ], [ 33.4682, 40.348494 ], [ 33.468059, 40.34836 ], [ 33.46805, 40.348319 ], [ 33.467918, 40.348283 ], [ 33.467867, 40.348219 ], [ 33.467835, 40.348174 ], [ 33.467694, 40.348054 ], [ 33.467669, 40.34803 ], [ 33.467686, 40.348006 ], [ 33.467836, 40.347909 ], [ 33.468058, 40.347702 ], [ 33.468193, 40.347595 ], [ 33.468426, 40.347432 ], [ 33.468581, 40.347319 ], [ 33.468744, 40.347195 ], [ 33.469231, 40.34685 ], [ 33.469349, 40.346753 ], [ 33.469448, 40.346632 ], [ 33.469579, 40.346496 ], [ 33.469632, 40.346435 ], [ 33.469786, 40.346377 ], [ 33.469879, 40.346306 ], [ 33.470122, 40.346061 ], [ 33.470446, 40.345647 ], [ 33.470549, 40.345552 ], [ 33.470614, 40.345452 ], [ 33.470671, 40.34536 ], [ 33.470537, 40.345276 ], [ 33.470388, 40.34519 ], [ 33.470109, 40.345028 ], [ 33.469924, 40.34485 ], [ 33.469854, 40.344802 ], [ 33.469779, 40.344681 ], [ 33.469679, 40.344559 ], [ 33.46961, 40.344533 ], [ 33.469496, 40.344411 ], [ 33.469288, 40.344275 ], [ 33.469101, 40.344141 ], [ 33.46904, 40.344066 ], [ 33.468905, 40.344025 ], [ 33.468787, 40.343993 ], [ 33.468631, 40.343988 ], [ 33.468611, 40.343992 ], [ 33.46851, 40.34398 ], [ 33.468344, 40.343993 ], [ 33.468134, 40.34405 ], [ 33.468014, 40.344052 ], [ 33.467915, 40.344038 ], [ 33.467756, 40.343963 ], [ 33.467617, 40.343918 ], [ 33.467521, 40.343898 ], [ 33.467426, 40.343891 ], [ 33.467134, 40.34386 ], [ 33.466955, 40.343859 ], [ 33.466867, 40.343872 ], [ 33.466422, 40.343908 ], [ 33.466014, 40.343874 ], [ 33.465612, 40.343823 ], [ 33.465588, 40.343822 ], [ 33.465141, 40.343766 ], [ 33.464937, 40.343748 ], [ 33.464683, 40.343767 ], [ 33.464319, 40.343813 ], [ 33.463899, 40.343862 ], [ 33.463711, 40.343856 ], [ 33.463554, 40.343864 ], [ 33.463185, 40.343887 ], [ 33.462744, 40.343926 ], [ 33.462721, 40.343922 ], [ 33.462395, 40.343941 ], [ 33.46204, 40.343977 ], [ 33.461781, 40.344018 ], [ 33.461388, 40.344146 ], [ 33.461418, 40.34417 ], [ 33.461267, 40.34426 ], [ 33.461134, 40.344418 ], [ 33.46101, 40.344397 ], [ 33.460832, 40.344525 ], [ 33.460338, 40.344663 ], [ 33.458787, 40.345785 ], [ 33.458752, 40.345898 ], [ 33.458549, 40.345896 ], [ 33.458427, 40.345916 ], [ 33.458298, 40.345977 ], [ 33.458146, 40.346056 ], [ 33.458137, 40.346072 ], [ 33.458136, 40.346112 ], [ 33.458102, 40.346206 ], [ 33.458005, 40.346161 ], [ 33.457849, 40.346151 ], [ 33.457774, 40.346125 ], [ 33.457668, 40.346151 ], [ 33.457416, 40.346166 ], [ 33.457106, 40.346185 ], [ 33.456905, 40.346197 ], [ 33.456838, 40.346236 ], [ 33.456629, 40.346359 ], [ 33.456483, 40.346445 ], [ 33.456455, 40.346461 ], [ 33.456021, 40.346715 ], [ 33.455877, 40.346799 ], [ 33.454874, 40.347045 ], [ 33.454512, 40.347134 ], [ 33.454423, 40.347026 ], [ 33.454067, 40.346991 ], [ 33.453926, 40.347115 ], [ 33.454082, 40.347474 ], [ 33.454408, 40.347715 ], [ 33.454684, 40.347918 ], [ 33.454859, 40.348066 ], [ 33.455049, 40.348237 ], [ 33.455102, 40.348262 ], [ 33.454951, 40.348322 ], [ 33.45485, 40.348406 ], [ 33.454794, 40.348487 ], [ 33.454723, 40.348622 ], [ 33.454612, 40.348765 ], [ 33.454538, 40.348928 ], [ 33.454421, 40.34906 ], [ 33.454359, 40.349122 ], [ 33.453537, 40.349761 ], [ 33.453351, 40.349906 ], [ 33.453193, 40.350029 ], [ 33.452728, 40.350247 ], [ 33.452769, 40.350771 ], [ 33.452773, 40.350822 ], [ 33.451522, 40.350707 ], [ 33.451364, 40.3507 ], [ 33.45111, 40.350748 ], [ 33.450842, 40.350745 ], [ 33.450359, 40.350742 ], [ 33.450343, 40.351103 ], [ 33.448514, 40.352797 ], [ 33.447984, 40.357083 ], [ 33.444161, 40.361889 ], [ 33.435157, 40.364003 ], [ 33.433604, 40.367306 ], [ 33.43361, 40.367312 ], [ 33.433905, 40.367359 ], [ 33.434231, 40.367084 ], [ 33.434504, 40.367219 ], [ 33.435127, 40.368166 ], [ 33.435502, 40.368091 ], [ 33.435832, 40.368344 ], [ 33.436372, 40.368408 ], [ 33.43663, 40.368734 ], [ 33.436377, 40.369093 ], [ 33.437384, 40.371422 ], [ 33.43714, 40.371995 ], [ 33.437468, 40.372096 ], [ 33.436742, 40.373578 ], [ 33.438136, 40.374705 ], [ 33.438463, 40.375827 ], [ 33.438908, 40.375957 ], [ 33.438938, 40.376424 ], [ 33.438152, 40.37655 ], [ 33.437819, 40.377052 ], [ 33.437226, 40.376921 ], [ 33.436093, 40.376942 ], [ 33.435333, 40.3768 ], [ 33.434394, 40.376667 ], [ 33.433905, 40.377507 ], [ 33.433926, 40.378403 ], [ 33.434683, 40.379234 ], [ 33.434625, 40.379474 ], [ 33.433957, 40.379723 ], [ 33.433968, 40.380185 ], [ 33.433661, 40.385682 ], [ 33.433955, 40.388568 ], [ 33.433989, 40.3904 ], [ 33.433013, 40.391313 ], [ 33.434174, 40.392599 ], [ 33.434414, 40.393045 ], [ 33.434208, 40.393255 ], [ 33.434034, 40.393408 ], [ 33.43396, 40.393519 ], [ 33.433915, 40.393641 ], [ 33.433914, 40.393779 ], [ 33.433959, 40.394155 ], [ 33.433997, 40.394431 ], [ 33.434046, 40.394568 ], [ 33.434262, 40.394755 ], [ 33.434519, 40.395231 ], [ 33.434378, 40.395833 ], [ 33.430507, 40.395141 ], [ 33.429621, 40.394906 ], [ 33.428388, 40.394789 ], [ 33.427424, 40.394554 ], [ 33.426153, 40.394495 ], [ 33.425228, 40.394437 ], [ 33.424033, 40.394173 ], [ 33.422839, 40.394026 ], [ 33.421451, 40.393967 ], [ 33.420488, 40.393938 ], [ 33.419781, 40.393654 ], [ 33.418348, 40.393245 ], [ 33.41732, 40.391966 ], [ 33.41675, 40.390958 ], [ 33.415981, 40.391127 ], [ 33.415286, 40.391061 ], [ 33.414477, 40.390034 ], [ 33.414322, 40.38977 ], [ 33.412897, 40.388743 ], [ 33.411163, 40.388273 ], [ 33.40939, 40.388009 ], [ 33.407232, 40.387716 ], [ 33.404881, 40.387774 ], [ 33.403648, 40.387774 ], [ 33.402454, 40.387774 ], [ 33.401028, 40.387716 ], [ 33.400617, 40.387582 ], [ 33.399643, 40.388571 ], [ 33.396696, 40.390942 ], [ 33.394082, 40.393517 ], [ 33.388256, 40.391867 ], [ 33.387921, 40.391548 ], [ 33.387251, 40.392234 ], [ 33.386903, 40.392475 ], [ 33.38685, 40.392529 ], [ 33.386595, 40.39272 ], [ 33.385901, 40.392205 ], [ 33.385535, 40.392443 ], [ 33.385112, 40.392718 ], [ 33.384613, 40.393073 ], [ 33.383606, 40.392103 ], [ 33.382915, 40.3919 ], [ 33.381169, 40.390668 ], [ 33.380387, 40.389958 ], [ 33.380234, 40.3898 ], [ 33.379996, 40.38951 ], [ 33.379289, 40.389217 ], [ 33.378848, 40.389582 ], [ 33.378028, 40.389182 ], [ 33.377826, 40.389233 ], [ 33.377253, 40.389163 ], [ 33.377133, 40.389237 ], [ 33.376745, 40.389744 ], [ 33.376227, 40.390637 ], [ 33.375944, 40.391366 ], [ 33.375199, 40.391322 ], [ 33.374847, 40.391459 ], [ 33.369526, 40.394162 ], [ 33.369434, 40.394703 ], [ 33.369457, 40.394975 ], [ 33.368338, 40.395244 ], [ 33.367807, 40.395221 ], [ 33.366536, 40.395019 ], [ 33.365132, 40.394222 ], [ 33.365707, 40.393682 ], [ 33.366102, 40.393436 ], [ 33.366586, 40.393295 ], [ 33.365177, 40.39247 ], [ 33.364823, 40.392168 ], [ 33.36297, 40.392523 ], [ 33.362495, 40.392566 ], [ 33.361768, 40.392631 ], [ 33.361557, 40.394125 ], [ 33.361327, 40.394354 ], [ 33.361318, 40.39457 ], [ 33.360668, 40.394877 ], [ 33.360366, 40.394915 ], [ 33.359105, 40.395034 ], [ 33.359042, 40.395127 ], [ 33.358615, 40.395114 ], [ 33.357557, 40.395638 ], [ 33.357879, 40.395898 ], [ 33.3575, 40.396026 ], [ 33.35718, 40.39625 ], [ 33.356842, 40.396653 ], [ 33.356979, 40.396794 ], [ 33.355892, 40.397459 ], [ 33.356078, 40.397637 ], [ 33.355853, 40.398062 ], [ 33.355883, 40.398418 ], [ 33.356518, 40.398784 ], [ 33.356756, 40.399062 ], [ 33.356175, 40.399317 ], [ 33.355909, 40.399793 ], [ 33.354504, 40.399066 ], [ 33.35449, 40.399098 ], [ 33.354412, 40.399059 ], [ 33.354144, 40.399681 ], [ 33.352662, 40.398973 ], [ 33.352185, 40.398786 ], [ 33.351684, 40.398565 ], [ 33.351629, 40.398678 ], [ 33.351629, 40.398937 ], [ 33.351543, 40.399154 ], [ 33.351668, 40.399308 ], [ 33.351832, 40.400099 ], [ 33.350207, 40.4004 ], [ 33.35019, 40.400403 ], [ 33.350038, 40.401363 ], [ 33.349905, 40.402626 ], [ 33.347071, 40.402063 ], [ 33.347069, 40.402052 ], [ 33.341556, 40.403214 ], [ 33.341414, 40.403244 ], [ 33.341214, 40.403345 ], [ 33.341093, 40.403379 ], [ 33.340829, 40.403408 ], [ 33.340581, 40.403516 ], [ 33.34053, 40.4036 ], [ 33.340427, 40.403702 ], [ 33.339894, 40.403933 ], [ 33.339516, 40.404403 ], [ 33.340058, 40.404981 ], [ 33.339904, 40.40523 ], [ 33.339412, 40.405626 ], [ 33.33886, 40.405748 ], [ 33.338482, 40.405773 ], [ 33.338056, 40.405843 ], [ 33.337725, 40.405843 ], [ 33.337469, 40.406037 ], [ 33.337158, 40.406052 ], [ 33.336835, 40.406012 ], [ 33.336473, 40.406325 ], [ 33.335593, 40.406608 ], [ 33.335191, 40.406813 ], [ 33.335023, 40.406978 ], [ 33.334886, 40.406589 ], [ 33.334584, 40.406619 ], [ 33.334465, 40.40676 ], [ 33.33429, 40.407127 ], [ 33.333995, 40.407 ], [ 33.333698, 40.406982 ], [ 33.333406, 40.407097 ], [ 33.333028, 40.407245 ], [ 33.331751, 40.407746 ], [ 33.330137, 40.408497 ], [ 33.329836, 40.408606 ], [ 33.32932, 40.408658 ], [ 33.32884, 40.408754 ], [ 33.328815, 40.408884 ], [ 33.328361, 40.409142 ], [ 33.327808, 40.408993 ], [ 33.327792, 40.409082 ], [ 33.327723, 40.409458 ], [ 33.32673, 40.409641 ], [ 33.326451, 40.409692 ], [ 33.326458, 40.409573 ], [ 33.32552, 40.409777 ], [ 33.32234, 40.410049 ], [ 33.322147, 40.410066 ], [ 33.321876, 40.409925 ], [ 33.32143, 40.4096 ], [ 33.321011, 40.409294 ], [ 33.320842, 40.409416 ], [ 33.322165, 40.410989 ], [ 33.318898, 40.412087 ], [ 33.317739, 40.412787 ], [ 33.317526, 40.412916 ], [ 33.316354, 40.412574 ], [ 33.316165, 40.412519 ], [ 33.315545, 40.410913 ], [ 33.314774, 40.409915 ], [ 33.315082, 40.408388 ], [ 33.315236, 40.406158 ], [ 33.315236, 40.404866 ], [ 33.31593, 40.40334 ], [ 33.316239, 40.4024 ], [ 33.315622, 40.399465 ], [ 33.315468, 40.396705 ], [ 33.315622, 40.394474 ], [ 33.315699, 40.393769 ], [ 33.314928, 40.392478 ], [ 33.314602, 40.391055 ], [ 33.314542, 40.390481 ], [ 33.314234, 40.389542 ], [ 33.314928, 40.388367 ], [ 33.315776, 40.386958 ], [ 33.31701, 40.384844 ], [ 33.317087, 40.384374 ], [ 33.317626, 40.383141 ], [ 33.318706, 40.381496 ], [ 33.31886, 40.380968 ], [ 33.31886, 40.379852 ], [ 33.31886, 40.378795 ], [ 33.319477, 40.377562 ], [ 33.320556, 40.376034 ], [ 33.321867, 40.374566 ], [ 33.322792, 40.373039 ], [ 33.323563, 40.371571 ], [ 33.324873, 40.369339 ], [ 33.325413, 40.367753 ], [ 33.326184, 40.36599 ], [ 33.327263, 40.365109 ], [ 33.327957, 40.364052 ], [ 33.328728, 40.36276 ], [ 33.329114, 40.361467 ], [ 33.329422, 40.360762 ], [ 33.330347, 40.359822 ], [ 33.330578, 40.359705 ], [ 33.331504, 40.359881 ], [ 33.33212, 40.360586 ], [ 33.332814, 40.361878 ], [ 33.333662, 40.362701 ], [ 33.335436, 40.362701 ], [ 33.336592, 40.36229 ], [ 33.338982, 40.361996 ], [ 33.340524, 40.361702 ], [ 33.341835, 40.361643 ], [ 33.343854, 40.361427 ], [ 33.343906, 40.361266 ], [ 33.344916, 40.359703 ], [ 33.345275, 40.359178 ], [ 33.345571, 40.358444 ], [ 33.345541, 40.357012 ], [ 33.346008, 40.354984 ], [ 33.346541, 40.354174 ], [ 33.347083, 40.353657 ], [ 33.34415, 40.351463 ], [ 33.342785, 40.349795 ], [ 33.342965, 40.349651 ], [ 33.340536, 40.34691 ], [ 33.339171, 40.344312 ], [ 33.337803, 40.341749 ], [ 33.337802, 40.341621 ], [ 33.337801, 40.341566 ], [ 33.337472, 40.340418 ], [ 33.337604, 40.340403 ], [ 33.337813, 40.34038 ], [ 33.338053, 40.340324 ], [ 33.338323, 40.340261 ], [ 33.338633, 40.339588 ], [ 33.338804, 40.338866 ], [ 33.338889, 40.338854 ], [ 33.339077, 40.338829 ], [ 33.339083, 40.338795 ], [ 33.339143, 40.338789 ], [ 33.33919, 40.338501 ], [ 33.339494, 40.338521 ], [ 33.3401, 40.338356 ], [ 33.3401, 40.338134 ], [ 33.339786, 40.338136 ], [ 33.339429, 40.337966 ], [ 33.33951, 40.337826 ], [ 33.339361, 40.337298 ], [ 33.33913, 40.336891 ], [ 33.339162, 40.336833 ], [ 33.338908, 40.336774 ], [ 33.338962, 40.336549 ], [ 33.339056, 40.33662 ], [ 33.339166, 40.336341 ], [ 33.339208, 40.336233 ], [ 33.339309, 40.33605 ], [ 33.339538, 40.335685 ], [ 33.339657, 40.335494 ], [ 33.339668, 40.335477 ], [ 33.339715, 40.335227 ], [ 33.339565, 40.335194 ], [ 33.339476, 40.335183 ], [ 33.339222, 40.335134 ], [ 33.338983, 40.335042 ], [ 33.338747, 40.334985 ], [ 33.338518, 40.334922 ], [ 33.338289, 40.334866 ], [ 33.338112, 40.334813 ], [ 33.337942, 40.334643 ], [ 33.3373, 40.334623 ], [ 33.337113, 40.334618 ], [ 33.337011, 40.334596 ], [ 33.336912, 40.334597 ], [ 33.336758, 40.334571 ], [ 33.33656, 40.334535 ], [ 33.336459, 40.334536 ], [ 33.336337, 40.334485 ], [ 33.336196, 40.334446 ], [ 33.336057, 40.334466 ], [ 33.33594, 40.334452 ], [ 33.335764, 40.33443 ], [ 33.335437, 40.334393 ], [ 33.335219, 40.334364 ], [ 33.334938, 40.334397 ], [ 33.334813, 40.334451 ], [ 33.334754, 40.334458 ], [ 33.334624, 40.334507 ], [ 33.33442, 40.334423 ], [ 33.334172, 40.334406 ], [ 33.334069, 40.334411 ], [ 33.333608, 40.334479 ], [ 33.332778, 40.334769 ], [ 33.332486, 40.334839 ], [ 33.332187, 40.334985 ], [ 33.332082, 40.335038 ], [ 33.331885, 40.335208 ], [ 33.331757, 40.335334 ], [ 33.331435, 40.335463 ], [ 33.331383, 40.335583 ], [ 33.331333, 40.335608 ], [ 33.331238, 40.335659 ], [ 33.331197, 40.335729 ], [ 33.331149, 40.335788 ], [ 33.330406, 40.335809 ], [ 33.328288, 40.335758 ], [ 33.32803, 40.335664 ], [ 33.327896, 40.335329 ], [ 33.325511, 40.335846 ], [ 33.324299, 40.337273 ], [ 33.324035, 40.337587 ], [ 33.323581, 40.337748 ], [ 33.3231, 40.337755 ], [ 33.322288, 40.337917 ], [ 33.32181, 40.337847 ], [ 33.321481, 40.33818 ], [ 33.321592, 40.339135 ], [ 33.322216, 40.339755 ], [ 33.321752, 40.340083 ], [ 33.321162, 40.340328 ], [ 33.320625, 40.340634 ], [ 33.320122, 40.341022 ], [ 33.319776, 40.341137 ], [ 33.317548, 40.341094 ], [ 33.316568, 40.340756 ], [ 33.316531, 40.340311 ], [ 33.316521, 40.34019 ], [ 33.316559, 40.339379 ], [ 33.316467, 40.339351 ], [ 33.316332, 40.339393 ], [ 33.315582, 40.339556 ], [ 33.315326, 40.339778 ], [ 33.314786, 40.339629 ], [ 33.314473, 40.339605 ], [ 33.313836, 40.339445 ], [ 33.313338, 40.339119 ], [ 33.31292, 40.338673 ], [ 33.31254, 40.338103 ], [ 33.311738, 40.33821 ], [ 33.311622, 40.338159 ], [ 33.311358, 40.338101 ], [ 33.310676, 40.338107 ], [ 33.310359, 40.338129 ], [ 33.310063, 40.338147 ], [ 33.30986, 40.338127 ], [ 33.309667, 40.338151 ], [ 33.309523, 40.338146 ], [ 33.30932, 40.338164 ], [ 33.308838, 40.338224 ], [ 33.308534, 40.33828 ], [ 33.308312, 40.338306 ], [ 33.30823, 40.338362 ], [ 33.307997, 40.338325 ], [ 33.307804, 40.338266 ], [ 33.307218, 40.338272 ], [ 33.306909, 40.338276 ], [ 33.306646, 40.338264 ], [ 33.306467, 40.338278 ], [ 33.30652, 40.338073 ], [ 33.306006, 40.337881 ], [ 33.305793, 40.337921 ], [ 33.305631, 40.337932 ], [ 33.305626, 40.337814 ], [ 33.305827, 40.337229 ], [ 33.305169, 40.336724 ], [ 33.304371, 40.336192 ], [ 33.304203, 40.336144 ], [ 33.304157, 40.336056 ], [ 33.304237, 40.336018 ], [ 33.303923, 40.335355 ], [ 33.303916, 40.334861 ], [ 33.303931, 40.334682 ], [ 33.303826, 40.334672 ], [ 33.303722, 40.334663 ], [ 33.303728, 40.334582 ], [ 33.303678, 40.334548 ], [ 33.303578, 40.334495 ], [ 33.303536, 40.334452 ], [ 33.3035, 40.334272 ], [ 33.30351, 40.3342 ], [ 33.303513, 40.334083 ], [ 33.303571, 40.333942 ], [ 33.303296, 40.333271 ], [ 33.303243, 40.333094 ], [ 33.303148, 40.332925 ], [ 33.301051, 40.332029 ], [ 33.299931, 40.331942 ], [ 33.29961, 40.331681 ], [ 33.29887, 40.331457 ], [ 33.298584, 40.331374 ], [ 33.298515, 40.331446 ], [ 33.298333, 40.33152 ], [ 33.298142, 40.331504 ], [ 33.297973, 40.331479 ], [ 33.29791, 40.331475 ], [ 33.297789, 40.331467 ], [ 33.297705, 40.331427 ], [ 33.297645, 40.331421 ], [ 33.297615, 40.331438 ], [ 33.297366, 40.331411 ], [ 33.297278, 40.331367 ], [ 33.297197, 40.331351 ], [ 33.29715, 40.331336 ], [ 33.297011, 40.331264 ], [ 33.29651, 40.331225 ], [ 33.2964, 40.33116 ], [ 33.296321, 40.331144 ], [ 33.296141, 40.331079 ], [ 33.295808, 40.330923 ], [ 33.295781, 40.330916 ], [ 33.289999, 40.329854 ], [ 33.289993, 40.329853 ], [ 33.289451, 40.329742 ], [ 33.28943, 40.32975 ], [ 33.286493, 40.32921 ], [ 33.286042, 40.328378 ], [ 33.285239, 40.327722 ], [ 33.283621, 40.32712 ], [ 33.282702, 40.326975 ], [ 33.281657, 40.327031 ], [ 33.281454, 40.327027 ], [ 33.281303, 40.326957 ], [ 33.281009, 40.326903 ], [ 33.278076, 40.326211 ], [ 33.276842, 40.325858 ], [ 33.275532, 40.325564 ], [ 33.274144, 40.324741 ], [ 33.272217, 40.324095 ], [ 33.270406, 40.322844 ], [ 33.269922, 40.32281 ], [ 33.269787, 40.322773 ], [ 33.268465, 40.322415 ], [ 33.265646, 40.323106 ], [ 33.264894, 40.323466 ], [ 33.264243, 40.323694 ], [ 33.263236, 40.323938 ], [ 33.262271, 40.324587 ], [ 33.26148, 40.325383 ], [ 33.260808, 40.325946 ], [ 33.26088, 40.326147 ], [ 33.260584, 40.326362 ], [ 33.260474, 40.326567 ], [ 33.260236, 40.326839 ], [ 33.260063, 40.327304 ], [ 33.259482, 40.328488 ], [ 33.259282, 40.328637 ], [ 33.259145, 40.328932 ], [ 33.25913, 40.328947 ], [ 33.259042, 40.329138 ], [ 33.258886, 40.32927 ], [ 33.258738, 40.329396 ], [ 33.2586, 40.329424 ], [ 33.258519, 40.329437 ], [ 33.258387, 40.329464 ], [ 33.25824, 40.329513 ], [ 33.258073, 40.329557 ], [ 33.257906, 40.329594 ], [ 33.25779, 40.329632 ], [ 33.257548, 40.329721 ], [ 33.257347, 40.329786 ], [ 33.256885, 40.329987 ], [ 33.256433, 40.330291 ], [ 33.256411, 40.330306 ], [ 33.256226, 40.33042 ], [ 33.256069, 40.330516 ], [ 33.256033, 40.330525 ], [ 33.255898, 40.330559 ], [ 33.255747, 40.330585 ], [ 33.255639, 40.330592 ], [ 33.255482, 40.330619 ], [ 33.255369, 40.330641 ], [ 33.255327, 40.330645 ], [ 33.254996, 40.330701 ], [ 33.254856, 40.330772 ], [ 33.254639, 40.330877 ], [ 33.254381, 40.330977 ], [ 33.254192, 40.33108 ], [ 33.254094, 40.331137 ], [ 33.253998, 40.331235 ], [ 33.253849, 40.331378 ], [ 33.253587, 40.331587 ], [ 33.253455, 40.331651 ], [ 33.25325, 40.331734 ], [ 33.252867, 40.331963 ], [ 33.25274, 40.332084 ], [ 33.252625, 40.33215 ], [ 33.252711, 40.332239 ], [ 33.25279, 40.332487 ], [ 33.252788, 40.332504 ], [ 33.252699, 40.332621 ], [ 33.252466, 40.332689 ], [ 33.252115, 40.332867 ], [ 33.251955, 40.332957 ], [ 33.251994, 40.333019 ], [ 33.251996, 40.33305 ], [ 33.251925, 40.333117 ], [ 33.251815, 40.33315 ], [ 33.251653, 40.333184 ], [ 33.251476, 40.333229 ], [ 33.251033, 40.333622 ], [ 33.250811, 40.333756 ], [ 33.250791, 40.333887 ], [ 33.250736, 40.334006 ], [ 33.250657, 40.334094 ], [ 33.250651, 40.334097 ], [ 33.250631, 40.334109 ], [ 33.25042, 40.334179 ], [ 33.250292, 40.334239 ], [ 33.250047, 40.334327 ], [ 33.249999, 40.334322 ], [ 33.249891, 40.33431 ], [ 33.249644, 40.334394 ], [ 33.249484, 40.334446 ], [ 33.249342, 40.334481 ], [ 33.249175, 40.334553 ], [ 33.249045, 40.334532 ], [ 33.248958, 40.334516 ], [ 33.248896, 40.334509 ], [ 33.248879, 40.334516 ], [ 33.24865, 40.334641 ], [ 33.248514, 40.334738 ], [ 33.248388, 40.334811 ], [ 33.248215, 40.334916 ], [ 33.248188, 40.334932 ], [ 33.247937, 40.335081 ], [ 33.247889, 40.335109 ], [ 33.247446, 40.33537 ], [ 33.247777, 40.336027 ], [ 33.247729, 40.336053 ], [ 33.247561, 40.336127 ], [ 33.247424, 40.3362 ], [ 33.247319, 40.336291 ], [ 33.246866, 40.336573 ], [ 33.24644, 40.337012 ], [ 33.246012, 40.337364 ], [ 33.245609, 40.337703 ], [ 33.24547, 40.337766 ], [ 33.24545, 40.337774 ], [ 33.244913, 40.337991 ], [ 33.244606, 40.338196 ], [ 33.244323, 40.33835 ], [ 33.243891, 40.338586 ], [ 33.243682, 40.338606 ], [ 33.243599, 40.338607 ], [ 33.243469, 40.338717 ], [ 33.243378, 40.338793 ], [ 33.243336, 40.33887 ], [ 33.243221, 40.338985 ], [ 33.24324, 40.339127 ], [ 33.243183, 40.339182 ], [ 33.243112, 40.339251 ], [ 33.243077, 40.339271 ], [ 33.242914, 40.339365 ], [ 33.242903, 40.339395 ], [ 33.242838, 40.339579 ], [ 33.242835, 40.339591 ], [ 33.24281, 40.339694 ], [ 33.242703, 40.339746 ], [ 33.242615, 40.339753 ], [ 33.242546, 40.339745 ], [ 33.242513, 40.339741 ], [ 33.242382, 40.339725 ], [ 33.242194, 40.339723 ], [ 33.242064, 40.339717 ], [ 33.241873, 40.339705 ], [ 33.241814, 40.339656 ], [ 33.241444, 40.340221 ], [ 33.241398, 40.340346 ], [ 33.241322, 40.340693 ], [ 33.241191, 40.340887 ], [ 33.241286, 40.34087 ], [ 33.241572, 40.340787 ], [ 33.241602, 40.340763 ], [ 33.241718, 40.340692 ], [ 33.241823, 40.340654 ], [ 33.241993, 40.340625 ], [ 33.242229, 40.34058 ], [ 33.242547, 40.340514 ], [ 33.242747, 40.34049 ], [ 33.242939, 40.340468 ], [ 33.243276, 40.340465 ], [ 33.243491, 40.340462 ], [ 33.243785, 40.340399 ], [ 33.24417, 40.340313 ], [ 33.244393, 40.340335 ], [ 33.244395, 40.340338 ], [ 33.244434, 40.340408 ], [ 33.244435, 40.34041 ], [ 33.244323, 40.340605 ], [ 33.24431, 40.340651 ], [ 33.244173, 40.341145 ], [ 33.244101, 40.341403 ], [ 33.243844, 40.342042 ], [ 33.24384, 40.342055 ], [ 33.243635, 40.342077 ], [ 33.243032, 40.342148 ], [ 33.242578, 40.34225 ], [ 33.242075, 40.342383 ], [ 33.241599, 40.342515 ], [ 33.240026, 40.344087 ], [ 33.239742, 40.344174 ], [ 33.239459, 40.34426 ], [ 33.236693, 40.345108 ], [ 33.234707, 40.346427 ], [ 33.234947, 40.347785 ], [ 33.235079, 40.347807 ], [ 33.23518, 40.347958 ], [ 33.235396, 40.348281 ], [ 33.236004, 40.348467 ], [ 33.236593, 40.349202 ], [ 33.236672, 40.349684 ], [ 33.237631, 40.352275 ], [ 33.238064, 40.354203 ], [ 33.238064, 40.355384 ], [ 33.237968, 40.356565 ], [ 33.237802, 40.358478 ], [ 33.23709, 40.359248 ], [ 33.236608, 40.35977 ], [ 33.235175, 40.3602 ], [ 33.234059, 40.359812 ], [ 33.233379, 40.360228 ], [ 33.233352, 40.360775 ], [ 33.232824, 40.360919 ], [ 33.232175, 40.360753 ], [ 33.231618, 40.361075 ], [ 33.231471, 40.361075 ], [ 33.23105, 40.361253 ], [ 33.229783, 40.361421 ], [ 33.228701, 40.361736 ], [ 33.227782, 40.361006 ], [ 33.227512, 40.361178 ], [ 33.227101, 40.361374 ], [ 33.225891, 40.360847 ], [ 33.224811, 40.362255 ], [ 33.224343, 40.362435 ], [ 33.223827, 40.362706 ], [ 33.223397, 40.362946 ], [ 33.222215, 40.363584 ], [ 33.221732, 40.363389 ], [ 33.22003, 40.363559 ], [ 33.219985, 40.364427 ], [ 33.219334, 40.364803 ], [ 33.219003, 40.365702 ], [ 33.218761, 40.366258 ], [ 33.217179, 40.36737 ], [ 33.216758, 40.367568 ], [ 33.215797, 40.368208 ], [ 33.215477, 40.369793 ], [ 33.215483, 40.369959 ], [ 33.215297, 40.370056 ], [ 33.213752, 40.371396 ], [ 33.213849, 40.371524 ], [ 33.213944, 40.371988 ], [ 33.213531, 40.372402 ], [ 33.213463, 40.373003 ], [ 33.2131, 40.373184 ], [ 33.212903, 40.373025 ], [ 33.212221, 40.373796 ], [ 33.212323, 40.374206 ], [ 33.212027, 40.374531 ], [ 33.211957, 40.374714 ], [ 33.211005, 40.375785 ], [ 33.209905, 40.375645 ], [ 33.209342, 40.375737 ], [ 33.208921, 40.375677 ], [ 33.20908, 40.3772 ], [ 33.20839, 40.37705 ], [ 33.208246, 40.377396 ], [ 33.207902, 40.377871 ], [ 33.20788, 40.378146 ], [ 33.206891, 40.378036 ], [ 33.206569, 40.378356 ], [ 33.206659, 40.378634 ], [ 33.206157, 40.37923 ], [ 33.206088, 40.379797 ], [ 33.205699, 40.379852 ], [ 33.205806, 40.381017 ], [ 33.205764, 40.381273 ], [ 33.20619, 40.3815 ], [ 33.206003, 40.381705 ], [ 33.205587, 40.381623 ], [ 33.205584, 40.381693 ], [ 33.205607, 40.381734 ], [ 33.205736, 40.381828 ], [ 33.206075, 40.382068 ], [ 33.206149, 40.38212 ], [ 33.206454, 40.382578 ], [ 33.206605, 40.382804 ], [ 33.20662, 40.382826 ], [ 33.20697, 40.383023 ], [ 33.207339, 40.38315 ], [ 33.207531, 40.383293 ], [ 33.207747, 40.383504 ], [ 33.208087, 40.38372 ], [ 33.208447, 40.383928 ], [ 33.208701, 40.384114 ], [ 33.208931, 40.384227 ], [ 33.209328, 40.384358 ], [ 33.20936, 40.384357 ], [ 33.209389, 40.384348 ], [ 33.209702, 40.384425 ], [ 33.210114, 40.384505 ], [ 33.210147, 40.384516 ], [ 33.211007, 40.384811 ], [ 33.21102, 40.384813 ], [ 33.211347, 40.384866 ], [ 33.211649, 40.384914 ], [ 33.212667, 40.384953 ], [ 33.213352, 40.38494 ], [ 33.213622, 40.384988 ], [ 33.213906, 40.385071 ], [ 33.213987, 40.385207 ], [ 33.214037, 40.385295 ], [ 33.214103, 40.385388 ], [ 33.214109, 40.385401 ], [ 33.21417, 40.385549 ], [ 33.214219, 40.385668 ], [ 33.21425, 40.385705 ], [ 33.21434, 40.385811 ], [ 33.214421, 40.386004 ], [ 33.214493, 40.386268 ], [ 33.214584, 40.386453 ], [ 33.21468, 40.386535 ], [ 33.216479, 40.387705 ], [ 33.216433, 40.387762 ], [ 33.216427, 40.387769 ], [ 33.216429, 40.387801 ], [ 33.216437, 40.387965 ], [ 33.21649, 40.388105 ], [ 33.216491, 40.388107 ], [ 33.216438, 40.388159 ], [ 33.215625, 40.389003 ], [ 33.215618, 40.38901 ], [ 33.215648, 40.389071 ], [ 33.215649, 40.389088 ], [ 33.215652, 40.389149 ], [ 33.215677, 40.389631 ], [ 33.21564, 40.390031 ], [ 33.215617, 40.390043 ], [ 33.215172, 40.390272 ], [ 33.213998, 40.390878 ], [ 33.213611, 40.390756 ], [ 33.213642, 40.392185 ], [ 33.212583, 40.394072 ], [ 33.212621, 40.394631 ], [ 33.21274, 40.396288 ], [ 33.212881, 40.396388 ], [ 33.213092, 40.396539 ], [ 33.213088, 40.396573 ], [ 33.213019, 40.396773 ], [ 33.212942, 40.397057 ], [ 33.212774, 40.397453 ], [ 33.212735, 40.39758 ], [ 33.212648, 40.398451 ], [ 33.21265, 40.398497 ], [ 33.212649, 40.398512 ], [ 33.212342, 40.399125 ], [ 33.212307, 40.399332 ], [ 33.212943, 40.399633 ], [ 33.213531, 40.399911 ], [ 33.213717, 40.400462 ], [ 33.213335, 40.403544 ], [ 33.214202, 40.406066 ], [ 33.21439, 40.407065 ], [ 33.213808, 40.408105 ], [ 33.213251, 40.409676 ], [ 33.211776, 40.411403 ], [ 33.211172, 40.412743 ], [ 33.211192, 40.412849 ], [ 33.211213, 40.413013 ], [ 33.21127, 40.413468 ], [ 33.21128, 40.413819 ], [ 33.211335, 40.41458 ], [ 33.211354, 40.41484 ], [ 33.21136, 40.414857 ], [ 33.209563, 40.414619 ], [ 33.209393, 40.414541 ], [ 33.208831, 40.414348 ], [ 33.207981, 40.414384 ], [ 33.20744, 40.414433 ], [ 33.205586, 40.414501 ], [ 33.205267, 40.4145 ], [ 33.202571, 40.414546 ], [ 33.201231, 40.415007 ], [ 33.199839, 40.415485 ], [ 33.198627, 40.415864 ], [ 33.198614, 40.415882 ], [ 33.198299, 40.416299 ], [ 33.198285, 40.416318 ], [ 33.198283, 40.416316 ], [ 33.197819, 40.41678 ], [ 33.197627, 40.417188 ], [ 33.197587, 40.417224 ], [ 33.197355, 40.417408 ], [ 33.1971, 40.417562 ], [ 33.195318, 40.420158 ], [ 33.192854, 40.421464 ], [ 33.189909, 40.422223 ], [ 33.188029, 40.423021 ], [ 33.186473, 40.42448 ], [ 33.183617, 40.426735 ], [ 33.183461, 40.426796 ], [ 33.183413, 40.426769 ], [ 33.181445, 40.427526 ], [ 33.181864, 40.427828 ], [ 33.18182, 40.427881 ], [ 33.181786, 40.427888 ], [ 33.181625, 40.427906 ], [ 33.181598, 40.427907 ], [ 33.181574, 40.427912 ], [ 33.180734, 40.428007 ], [ 33.180709, 40.428007 ], [ 33.180709, 40.428015 ], [ 33.180542, 40.42859 ], [ 33.180329, 40.428665 ], [ 33.180317, 40.428666 ], [ 33.180317, 40.428669 ], [ 33.180302, 40.428856 ], [ 33.180287, 40.430043 ], [ 33.180557, 40.431853 ], [ 33.180502, 40.431942 ], [ 33.179524, 40.433046 ], [ 33.179411, 40.433183 ], [ 33.179014, 40.433623 ], [ 33.177662, 40.434645 ], [ 33.175906, 40.435651 ], [ 33.175419, 40.435944 ], [ 33.174797, 40.436311 ], [ 33.174461, 40.436518 ], [ 33.174119, 40.436765 ], [ 33.173979, 40.436868 ], [ 33.17228, 40.437609 ], [ 33.171494, 40.438535 ], [ 33.171696, 40.441336 ], [ 33.170436, 40.4421 ], [ 33.169467, 40.442712 ], [ 33.169105, 40.443045 ], [ 33.168403, 40.443726 ], [ 33.168176, 40.443894 ], [ 33.167229, 40.444734 ], [ 33.16717, 40.445206 ], [ 33.167072, 40.446625 ], [ 33.166745, 40.447583 ], [ 33.16671, 40.447816 ], [ 33.166677, 40.448309 ], [ 33.166583, 40.44854 ], [ 33.166336, 40.448935 ], [ 33.16616, 40.449154 ], [ 33.165591, 40.449927 ], [ 33.164989, 40.45075 ], [ 33.164595, 40.450877 ], [ 33.163676, 40.451201 ], [ 33.162696, 40.451548 ], [ 33.161897, 40.451832 ], [ 33.161585, 40.452637 ], [ 33.161473, 40.452983 ], [ 33.161171, 40.453392 ], [ 33.160513, 40.453899 ], [ 33.160214, 40.454085 ], [ 33.159852, 40.454322 ], [ 33.159374, 40.454617 ], [ 33.158474, 40.455173 ], [ 33.157743, 40.455604 ], [ 33.156695, 40.456219 ], [ 33.154649, 40.456973 ], [ 33.154503, 40.460184 ], [ 33.154663, 40.46026 ], [ 33.154576, 40.460472 ], [ 33.154509, 40.460658 ], [ 33.154463, 40.460778 ], [ 33.154264, 40.461299 ], [ 33.154043, 40.461814 ], [ 33.154404, 40.462217 ], [ 33.154863, 40.462705 ], [ 33.155248, 40.463112 ], [ 33.155887, 40.4638 ], [ 33.155634, 40.464109 ], [ 33.155522, 40.464258 ], [ 33.153812, 40.466412 ], [ 33.151334, 40.467167 ], [ 33.151203, 40.467291 ], [ 33.149671, 40.468629 ], [ 33.14922, 40.469023 ], [ 33.148941, 40.469185 ], [ 33.148159, 40.469633 ], [ 33.147163, 40.469616 ], [ 33.146702, 40.469616 ], [ 33.145154, 40.468861 ], [ 33.144618, 40.468625 ], [ 33.144308, 40.46845 ], [ 33.144398, 40.468317 ], [ 33.144601, 40.467964 ], [ 33.14496, 40.467381 ], [ 33.145343, 40.466744 ], [ 33.145193, 40.466443 ], [ 33.144999, 40.466104 ], [ 33.144886, 40.465849 ], [ 33.14018, 40.467843 ], [ 33.140066, 40.467663 ], [ 33.140225, 40.466969 ], [ 33.140149, 40.46681 ], [ 33.140147, 40.466779 ], [ 33.139309, 40.465958 ], [ 33.139316, 40.465508 ], [ 33.139472, 40.465057 ], [ 33.139583, 40.46471 ], [ 33.139486, 40.464371 ], [ 33.139182, 40.464138 ], [ 33.138819, 40.464083 ], [ 33.138498, 40.464115 ], [ 33.138034, 40.464156 ], [ 33.137753, 40.464207 ], [ 33.13725, 40.464257 ], [ 33.135371, 40.464303 ], [ 33.135291, 40.465197 ], [ 33.135212, 40.465698 ], [ 33.134516, 40.465827 ], [ 33.134337, 40.465856 ], [ 33.133271, 40.466096 ], [ 33.133697, 40.466692 ], [ 33.134446, 40.467741 ], [ 33.13661, 40.468197 ], [ 33.137046, 40.468539 ], [ 33.138168, 40.469412 ], [ 33.13881, 40.469935 ], [ 33.139275, 40.470297 ], [ 33.139703, 40.470572 ], [ 33.140315, 40.471023 ], [ 33.140803, 40.471409 ], [ 33.141123, 40.47164 ], [ 33.14136, 40.471786 ], [ 33.141631, 40.471949 ], [ 33.141532, 40.472587 ], [ 33.139822, 40.473616 ], [ 33.138377, 40.474674 ], [ 33.136043, 40.476402 ], [ 33.133949, 40.476934 ], [ 33.133849, 40.477022 ], [ 33.133029, 40.477166 ], [ 33.132219, 40.477317 ], [ 33.132166, 40.477318 ], [ 33.132086, 40.477318 ], [ 33.131955, 40.477321 ], [ 33.131869, 40.47732 ], [ 33.131745, 40.477321 ], [ 33.131635, 40.477321 ], [ 33.131529, 40.477319 ], [ 33.131429, 40.47732 ], [ 33.131362, 40.47732 ], [ 33.131281, 40.47732 ], [ 33.131256, 40.47732 ], [ 33.131172, 40.477308 ], [ 33.13108, 40.477345 ], [ 33.130981, 40.477385 ], [ 33.130884, 40.477429 ], [ 33.130824, 40.477449 ], [ 33.130681, 40.477503 ], [ 33.130598, 40.477539 ], [ 33.130493, 40.477583 ], [ 33.130412, 40.477612 ], [ 33.130364, 40.477631 ], [ 33.130277, 40.477666 ], [ 33.130181, 40.477702 ], [ 33.129979, 40.477785 ], [ 33.129873, 40.477781 ], [ 33.127311, 40.480418 ], [ 33.120719, 40.481612 ], [ 33.110361, 40.483428 ], [ 33.099488, 40.485373 ], [ 33.099439, 40.484886 ], [ 33.099446, 40.484642 ], [ 33.09943, 40.484598 ], [ 33.098959, 40.485027 ], [ 33.098775, 40.485195 ], [ 33.098078, 40.48583 ], [ 33.097916, 40.485977 ], [ 33.097747, 40.485926 ], [ 33.095068, 40.48511 ], [ 33.092659, 40.483786 ], [ 33.089727, 40.480931 ], [ 33.086527, 40.477769 ], [ 33.085362, 40.477477 ], [ 33.084233, 40.477194 ], [ 33.081485, 40.476505 ], [ 33.080175, 40.476021 ], [ 33.078456, 40.475337 ], [ 33.074218, 40.473806 ], [ 33.069963, 40.473483 ], [ 33.067292, 40.473107 ], [ 33.0661, 40.47352 ], [ 33.057422, 40.471792 ], [ 33.052289, 40.470474 ], [ 33.05189, 40.470421 ], [ 33.050965, 40.470299 ], [ 33.049499, 40.470104 ], [ 33.049327, 40.470079 ], [ 33.047876, 40.469867 ], [ 33.046661, 40.46969 ], [ 33.045527, 40.469524 ], [ 33.045356, 40.469499 ], [ 33.043696, 40.470359 ], [ 33.043462, 40.470481 ], [ 33.040947, 40.471784 ], [ 33.040815, 40.471853 ], [ 33.040713, 40.471915 ], [ 33.040246, 40.472439 ], [ 33.040098, 40.472605 ], [ 33.039567, 40.473203 ], [ 33.038, 40.474964 ], [ 33.038015, 40.475363 ], [ 33.038056, 40.476481 ], [ 33.038102, 40.477732 ], [ 33.038131, 40.47853 ], [ 33.038148, 40.478985 ], [ 33.038169, 40.479552 ], [ 33.03846, 40.481614 ], [ 33.038496, 40.481864 ], [ 33.038159, 40.482131 ], [ 33.034107, 40.485343 ], [ 33.03412, 40.491465 ], [ 33.03437, 40.492662 ], [ 33.033504, 40.493986 ], [ 33.03345, 40.494067 ], [ 33.032901, 40.494906 ], [ 33.03286, 40.494968 ], [ 33.031406, 40.497188 ], [ 33.03104, 40.497314 ], [ 33.030757, 40.49768 ], [ 33.024905, 40.497162 ], [ 33.021096, 40.497021 ], [ 33.01713, 40.496786 ], [ 33.010286, 40.501273 ], [ 33.00549, 40.501966 ], [ 33.002993, 40.503934 ], [ 33.002768, 40.504496 ], [ 33.004957, 40.506555 ], [ 33.005337, 40.508462 ], [ 33.005644, 40.509152 ], [ 33.005081, 40.518553 ], [ 33.002646, 40.519185 ], [ 32.996781, 40.51976 ], [ 32.991105, 40.519472 ], [ 32.986187, 40.51861 ], [ 32.979376, 40.516596 ], [ 32.970106, 40.510843 ], [ 32.968782, 40.509261 ], [ 32.966512, 40.505809 ], [ 32.962728, 40.504802 ], [ 32.96008, 40.505377 ], [ 32.954782, 40.506096 ], [ 32.955757, 40.510439 ], [ 32.95352, 40.51255 ], [ 32.950975, 40.515599 ], [ 32.948198, 40.518824 ], [ 32.943185, 40.522928 ], [ 32.939912, 40.525425 ], [ 32.93923, 40.524859 ], [ 32.938801, 40.52447 ], [ 32.938197, 40.524022 ], [ 32.937901, 40.523862 ], [ 32.937121, 40.523541 ], [ 32.936811, 40.523415 ], [ 32.935983, 40.523543 ], [ 32.934853, 40.523718 ], [ 32.933867, 40.5237 ], [ 32.933024, 40.523594 ], [ 32.932487, 40.523544 ], [ 32.931659, 40.523346 ], [ 32.930954, 40.522996 ], [ 32.930141, 40.522535 ], [ 32.929324, 40.522926 ], [ 32.928523, 40.523331 ], [ 32.92776, 40.523902 ], [ 32.927036, 40.524329 ], [ 32.926352, 40.524662 ], [ 32.925713, 40.52488 ], [ 32.925222, 40.524693 ], [ 32.924659, 40.524205 ], [ 32.924253, 40.523567 ], [ 32.92385, 40.522869 ], [ 32.923125, 40.522032 ], [ 32.922472, 40.521015 ], [ 32.921798, 40.520089 ], [ 32.92144, 40.519469 ], [ 32.920947, 40.518785 ], [ 32.92054, 40.518776 ], [ 32.919998, 40.518733 ], [ 32.919473, 40.518738 ], [ 32.918738, 40.5187 ], [ 32.917928, 40.518561 ], [ 32.917034, 40.518316 ], [ 32.916371, 40.518102 ], [ 32.915962, 40.517762 ], [ 32.915426, 40.517409 ], [ 32.915004, 40.517144 ], [ 32.91436, 40.51693 ], [ 32.913833, 40.516807 ], [ 32.912974, 40.51663 ], [ 32.911574, 40.516264 ], [ 32.910721, 40.51605 ], [ 32.909884, 40.515948 ], [ 32.909242, 40.515921 ], [ 32.908956, 40.51606 ], [ 32.908667, 40.516267 ], [ 32.90851, 40.51638 ], [ 32.908168, 40.516637 ], [ 32.908133, 40.516663 ], [ 32.907687, 40.517017 ], [ 32.907289, 40.517302 ], [ 32.906683, 40.517485 ], [ 32.90589, 40.517591 ], [ 32.905252, 40.517659 ], [ 32.904725, 40.517429 ], [ 32.904098, 40.517008 ], [ 32.903349, 40.516794 ], [ 32.902286, 40.516498 ], [ 32.900972, 40.51619 ], [ 32.8995, 40.515929 ], [ 32.898162, 40.515546 ], [ 32.897873, 40.51543 ], [ 32.89725, 40.515143 ], [ 32.896425, 40.514908 ], [ 32.896, 40.514829 ], [ 32.895663, 40.515011 ], [ 32.895216, 40.515486 ], [ 32.894779, 40.515893 ], [ 32.894184, 40.516402 ], [ 32.893797, 40.516741 ], [ 32.893545, 40.516961 ], [ 32.893066, 40.517324 ], [ 32.892478, 40.517614 ], [ 32.891863, 40.517929 ], [ 32.89129, 40.518148 ], [ 32.890753, 40.518228 ], [ 32.890241, 40.518283 ], [ 32.889449, 40.518304 ], [ 32.888879, 40.518266 ], [ 32.888199, 40.518161 ], [ 32.887578, 40.518043 ], [ 32.886569, 40.518052 ], [ 32.885382, 40.518037 ], [ 32.884463, 40.518117 ], [ 32.883396, 40.518366 ], [ 32.882461, 40.518773 ], [ 32.881786, 40.519131 ], [ 32.881267, 40.519439 ], [ 32.880996, 40.519727 ], [ 32.880881, 40.520044 ], [ 32.880862, 40.520416 ], [ 32.880964, 40.520811 ], [ 32.88102, 40.521331 ], [ 32.881195, 40.521456 ], [ 32.88148, 40.521883 ], [ 32.881757, 40.522293 ], [ 32.882147, 40.522854 ], [ 32.882562, 40.523418 ], [ 32.882957, 40.52377 ], [ 32.883327, 40.5241 ], [ 32.884226, 40.524905 ], [ 32.884801, 40.525459 ], [ 32.885129, 40.525931 ], [ 32.885068, 40.526143 ], [ 32.88463, 40.527076 ], [ 32.884318, 40.528014 ], [ 32.88399, 40.529344 ], [ 32.883859, 40.530193 ], [ 32.88378, 40.530873 ], [ 32.883785, 40.531281 ], [ 32.88382, 40.531797 ], [ 32.883687, 40.532349 ], [ 32.883586, 40.533214 ], [ 32.883368, 40.533768 ], [ 32.883232, 40.534298 ], [ 32.882848, 40.535044 ], [ 32.882501, 40.535487 ], [ 32.882256, 40.535922 ], [ 32.882114, 40.536228 ], [ 32.882113, 40.536532 ], [ 32.881841, 40.537038 ], [ 32.8814, 40.537588 ], [ 32.881201, 40.538006 ], [ 32.881122, 40.538526 ], [ 32.881187, 40.539219 ], [ 32.88121, 40.53963 ], [ 32.881204, 40.539984 ], [ 32.8812, 40.54033 ], [ 32.881091, 40.540707 ], [ 32.881012, 40.541382 ], [ 32.88098, 40.542352 ], [ 32.881051, 40.542897 ], [ 32.881177, 40.543452 ], [ 32.881281, 40.544106 ], [ 32.881335, 40.544736 ], [ 32.881331, 40.545306 ], [ 32.881354, 40.545838 ], [ 32.881344, 40.546296 ], [ 32.881105, 40.546814 ], [ 32.880803, 40.547417 ], [ 32.880479, 40.54801 ], [ 32.880391, 40.548631 ], [ 32.880323, 40.549701 ], [ 32.88024, 40.55039 ], [ 32.880291, 40.550814 ], [ 32.880411, 40.551097 ], [ 32.880501, 40.551432 ], [ 32.880689, 40.552491 ], [ 32.880859, 40.553567 ], [ 32.880954, 40.554297 ], [ 32.881134, 40.5551 ], [ 32.881241, 40.555618 ], [ 32.881286, 40.55617 ], [ 32.881427, 40.556661 ], [ 32.881577, 40.556882 ], [ 32.881546, 40.557311 ], [ 32.881548, 40.557913 ], [ 32.881629, 40.558506 ], [ 32.881643, 40.559017 ], [ 32.881744, 40.559579 ], [ 32.881752, 40.560293 ], [ 32.882644, 40.56053 ], [ 32.883482, 40.56081 ], [ 32.884513, 40.561015 ], [ 32.885525, 40.561201 ], [ 32.886704, 40.561461 ], [ 32.886964, 40.56152 ], [ 32.887688, 40.561676 ], [ 32.888505, 40.561865 ], [ 32.889388, 40.562174 ], [ 32.890355, 40.562527 ], [ 32.891098, 40.562469 ], [ 32.891774, 40.562473 ], [ 32.892378, 40.56247 ], [ 32.893103, 40.562596 ], [ 32.893859, 40.562798 ], [ 32.89458, 40.562998 ], [ 32.89535, 40.563243 ], [ 32.896175, 40.563512 ], [ 32.896846, 40.563802 ], [ 32.897455, 40.564132 ], [ 32.898108, 40.564595 ], [ 32.899107, 40.56518 ], [ 32.900258, 40.565823 ], [ 32.901579, 40.566525 ], [ 32.902302, 40.566914 ], [ 32.902905, 40.567349 ], [ 32.903258, 40.567746 ], [ 32.90342, 40.567938 ], [ 32.903651, 40.568106 ], [ 32.903988, 40.568224 ], [ 32.904418, 40.568408 ], [ 32.90484, 40.568649 ], [ 32.905107, 40.568846 ], [ 32.905443, 40.569056 ], [ 32.905633, 40.569349 ], [ 32.906088, 40.56993 ], [ 32.906282, 40.570213 ], [ 32.907823, 40.591447 ], [ 32.906738, 40.606027 ], [ 32.905384, 40.612305 ], [ 32.902963, 40.619031 ], [ 32.897954, 40.627796 ], [ 32.891987, 40.633007 ], [ 32.884742, 40.636707 ], [ 32.874557, 40.641734 ], [ 32.86908, 40.64464 ], [ 32.863918, 40.646865 ], [ 32.85801, 40.648854 ], [ 32.85726, 40.649082 ], [ 32.8515, 40.650837 ], [ 32.844229, 40.65315 ], [ 32.839537, 40.654468 ], [ 32.834163, 40.655969 ], [ 32.832879, 40.656327 ], [ 32.826221, 40.658079 ], [ 32.820322, 40.659606 ], [ 32.812479, 40.660546 ], [ 32.809086, 40.660503 ], [ 32.805112, 40.660453 ], [ 32.798338, 40.660713 ], [ 32.792823, 40.662907 ], [ 32.790436, 40.666806 ], [ 32.790385, 40.666828 ], [ 32.788015, 40.667862 ], [ 32.754511, 40.682495 ], [ 32.754377, 40.682554 ], [ 32.754368, 40.682558 ], [ 32.751154, 40.683692 ], [ 32.74915, 40.684741 ], [ 32.746553, 40.685441 ], [ 32.746496, 40.685456 ], [ 32.744797, 40.685799 ], [ 32.74305, 40.686151 ], [ 32.742043, 40.686383 ], [ 32.741131, 40.686696 ], [ 32.740419, 40.687181 ], [ 32.74011, 40.687541 ], [ 32.739534, 40.689486 ], [ 32.737916, 40.691662 ], [ 32.737453, 40.691922 ], [ 32.736209, 40.692397 ], [ 32.735366, 40.692926 ], [ 32.734677, 40.693564 ], [ 32.734072, 40.694023 ], [ 32.732965, 40.694475 ], [ 32.730621, 40.694881 ], [ 32.727365, 40.695935 ], [ 32.726464, 40.696329 ], [ 32.725978, 40.696607 ], [ 32.725288, 40.697585 ], [ 32.724809, 40.697823 ], [ 32.724721, 40.697867 ], [ 32.724099, 40.698176 ], [ 32.722099, 40.69858 ], [ 32.721447, 40.698812 ], [ 32.721185, 40.699064 ], [ 32.720971, 40.699406 ], [ 32.72091, 40.699793 ], [ 32.721038, 40.700352 ], [ 32.721742, 40.701723 ], [ 32.719907, 40.701962 ], [ 32.719539, 40.702132 ], [ 32.71923, 40.702384 ], [ 32.718897, 40.702833 ], [ 32.718733, 40.703191 ], [ 32.718431, 40.70385 ], [ 32.71812, 40.704678 ], [ 32.717704, 40.705073 ], [ 32.716991, 40.705567 ], [ 32.715735, 40.705969 ], [ 32.714253, 40.706389 ], [ 32.713506, 40.706703 ], [ 32.712889, 40.707079 ], [ 32.712391, 40.707358 ], [ 32.712104, 40.707843 ], [ 32.711794, 40.708419 ], [ 32.711566, 40.709085 ], [ 32.711268, 40.709607 ], [ 32.710829, 40.709984 ], [ 32.710128, 40.710397 ], [ 32.711003, 40.710696 ], [ 32.712054, 40.711321 ], [ 32.712668, 40.71161 ], [ 32.713125, 40.712864 ], [ 32.713199, 40.714972 ], [ 32.713373, 40.715666 ], [ 32.713289, 40.7159 ], [ 32.71298, 40.716223 ], [ 32.712789, 40.716628 ], [ 32.712538, 40.717114 ], [ 32.712298, 40.717942 ], [ 32.711856, 40.718734 ], [ 32.7126, 40.719349 ], [ 32.713531, 40.720333 ], [ 32.713624, 40.720711 ], [ 32.713595, 40.721846 ], [ 32.713617, 40.722324 ], [ 32.713781, 40.722811 ], [ 32.71424, 40.723425 ], [ 32.714665, 40.723759 ], [ 32.712982, 40.725905 ], [ 32.71031, 40.732431 ], [ 32.70614, 40.736571 ], [ 32.704587, 40.741074 ], [ 32.701744, 40.743538 ], [ 32.696161, 40.748376 ], [ 32.693581, 40.749584 ], [ 32.687736, 40.75232 ], [ 32.685592, 40.753324 ], [ 32.671594, 40.756282 ], [ 32.671386, 40.756092 ], [ 32.671206, 40.756001 ], [ 32.670714, 40.755795 ], [ 32.670267, 40.755412 ], [ 32.669977, 40.755162 ], [ 32.669754, 40.754957 ], [ 32.669221, 40.754701 ], [ 32.668801, 40.754533 ], [ 32.66845, 40.754462 ], [ 32.667861, 40.754406 ], [ 32.66777, 40.75428 ], [ 32.667596, 40.754147 ], [ 32.66707, 40.753955 ], [ 32.666621, 40.753806 ], [ 32.666148, 40.753709 ], [ 32.664398, 40.75315 ], [ 32.664055, 40.752659 ], [ 32.663609, 40.751264 ], [ 32.663055, 40.750734 ], [ 32.662869, 40.750111 ], [ 32.66252, 40.749844 ], [ 32.66155, 40.749416 ], [ 32.661003, 40.749305 ], [ 32.660707, 40.749045 ], [ 32.655418, 40.747002 ], [ 32.652382, 40.746518 ], [ 32.647746, 40.745428 ], [ 32.643431, 40.744096 ], [ 32.636878, 40.743854 ], [ 32.629366, 40.743127 ], [ 32.626169, 40.743733 ], [ 32.623145, 40.745625 ], [ 32.622625, 40.745156 ], [ 32.621795, 40.744599 ], [ 32.620505, 40.743983 ], [ 32.619774, 40.743808 ], [ 32.618061, 40.742959 ], [ 32.61645, 40.74247 ], [ 32.614808, 40.742134 ], [ 32.614259, 40.742075 ], [ 32.613829, 40.742086 ], [ 32.61321, 40.742389 ], [ 32.612688, 40.742685 ], [ 32.611945, 40.743378 ], [ 32.610531, 40.744581 ], [ 32.609662, 40.745127 ], [ 32.608738, 40.745234 ], [ 32.607489, 40.745213 ], [ 32.605884, 40.745231 ], [ 32.603526, 40.745716 ], [ 32.602392, 40.745514 ], [ 32.601674, 40.745563 ], [ 32.600713, 40.745824 ], [ 32.599165, 40.746542 ], [ 32.598278, 40.746831 ], [ 32.597271, 40.74734 ], [ 32.596647, 40.747624 ], [ 32.595732, 40.748167 ], [ 32.59497, 40.748549 ], [ 32.594325, 40.748909 ], [ 32.593876, 40.749039 ], [ 32.592944, 40.749035 ], [ 32.592526, 40.748949 ], [ 32.591345, 40.748132 ], [ 32.591018, 40.747722 ], [ 32.590731, 40.747365 ], [ 32.590344, 40.746818 ], [ 32.590223, 40.746575 ], [ 32.590025, 40.746028 ], [ 32.589912, 40.745434 ], [ 32.589631, 40.744663 ], [ 32.589552, 40.744258 ], [ 32.589626, 40.743874 ], [ 32.58975, 40.743595 ], [ 32.589813, 40.743025 ], [ 32.589703, 40.742789 ], [ 32.589325, 40.743091 ], [ 32.588775, 40.743267 ], [ 32.588059, 40.74345 ], [ 32.58696, 40.743607 ], [ 32.586409, 40.743707 ], [ 32.58518, 40.743902 ], [ 32.5847, 40.744029 ], [ 32.58359, 40.744141 ], [ 32.583066, 40.744131 ], [ 32.582693, 40.744072 ], [ 32.582614, 40.743925 ], [ 32.582553, 40.743643 ], [ 32.582381, 40.743342 ], [ 32.582261, 40.743076 ], [ 32.582114, 40.742717 ], [ 32.582013, 40.742492 ], [ 32.58181, 40.741989 ], [ 32.581434, 40.741416 ], [ 32.581066, 40.740882 ], [ 32.580739, 40.74049 ], [ 32.579812, 40.739583 ], [ 32.579483, 40.739267 ], [ 32.57864, 40.738343 ], [ 32.582055, 40.734287 ], [ 32.583174, 40.732591 ], [ 32.583973, 40.730774 ], [ 32.584453, 40.728231 ], [ 32.584453, 40.725687 ], [ 32.584453, 40.723749 ], [ 32.583654, 40.720236 ], [ 32.582854, 40.716239 ], [ 32.581576, 40.7143 ], [ 32.579977, 40.712604 ], [ 32.579498, 40.709454 ], [ 32.576621, 40.705698 ], [ 32.573265, 40.704365 ], [ 32.570388, 40.704123 ], [ 32.568789, 40.703396 ], [ 32.569748, 40.701336 ], [ 32.570228, 40.69867 ], [ 32.570388, 40.697337 ], [ 32.56783, 40.696489 ], [ 32.562396, 40.694308 ], [ 32.557601, 40.694065 ], [ 32.552966, 40.694065 ], [ 32.550089, 40.695277 ], [ 32.546732, 40.696489 ], [ 32.543733, 40.696923 ], [ 32.540995, 40.697222 ], [ 32.540964, 40.697215 ], [ 32.54085, 40.69725 ], [ 32.540144, 40.697307 ], [ 32.540051, 40.697337 ], [ 32.539937, 40.697335 ], [ 32.539918, 40.697312 ], [ 32.539805, 40.697346 ], [ 32.53862, 40.69749 ], [ 32.537768, 40.697586 ], [ 32.537086, 40.697661 ], [ 32.536521, 40.69772 ], [ 32.536377, 40.697736 ], [ 32.532256, 40.698188 ], [ 32.532127, 40.698201 ], [ 32.530629, 40.696173 ], [ 32.530138, 40.695272 ], [ 32.529991, 40.694996 ], [ 32.529195, 40.693535 ], [ 32.526231, 40.695023 ], [ 32.526072, 40.695102 ], [ 32.523773, 40.696237 ], [ 32.522519, 40.694815 ], [ 32.520291, 40.692042 ], [ 32.519991, 40.691747 ], [ 32.5199, 40.691625 ], [ 32.516551, 40.688078 ], [ 32.516338, 40.687843 ], [ 32.515958, 40.68744 ], [ 32.515597, 40.687063 ], [ 32.515355, 40.686799 ], [ 32.515193, 40.686641 ], [ 32.508503, 40.685069 ], [ 32.503266, 40.68311 ], [ 32.502932, 40.682705 ], [ 32.501972, 40.681462 ], [ 32.501762, 40.681214 ], [ 32.501507, 40.680924 ], [ 32.501473, 40.680882 ], [ 32.5014, 40.680853 ], [ 32.501329, 40.680678 ], [ 32.499701, 40.680868 ], [ 32.499668, 40.680923 ], [ 32.499644, 40.680926 ], [ 32.499487, 40.681173 ], [ 32.499083, 40.681546 ], [ 32.498402, 40.681541 ], [ 32.497953, 40.681537 ], [ 32.497741, 40.681528 ], [ 32.497228, 40.681236 ], [ 32.495629, 40.682335 ], [ 32.4936, 40.684938 ], [ 32.492586, 40.686122 ], [ 32.492519, 40.686064 ], [ 32.491297, 40.684994 ], [ 32.491293, 40.684991 ], [ 32.49128, 40.684917 ], [ 32.488793, 40.683987 ], [ 32.480533, 40.680598 ], [ 32.480502, 40.680541 ], [ 32.47995, 40.679501 ], [ 32.47981, 40.678501 ], [ 32.479269, 40.678043 ], [ 32.479222, 40.678003 ], [ 32.479792, 40.677574 ], [ 32.479771, 40.677557 ], [ 32.479146, 40.677048 ], [ 32.478215, 40.676981 ], [ 32.47659, 40.676063 ], [ 32.474014, 40.677336 ], [ 32.473311, 40.677683 ], [ 32.472863, 40.678163 ], [ 32.471108, 40.679587 ], [ 32.471647, 40.680152 ], [ 32.471373, 40.68043 ], [ 32.470508, 40.680566 ], [ 32.470489, 40.680545 ], [ 32.470347, 40.680385 ], [ 32.47032, 40.680383 ], [ 32.470168, 40.680373 ], [ 32.470124, 40.68037 ], [ 32.469918, 40.680414 ], [ 32.469889, 40.680403 ], [ 32.469851, 40.680412 ], [ 32.469325, 40.680226 ], [ 32.469103, 40.680298 ], [ 32.469079, 40.680279 ], [ 32.468845, 40.680095 ], [ 32.468827, 40.680081 ], [ 32.468547, 40.680018 ], [ 32.468294, 40.679989 ], [ 32.468265, 40.680002 ], [ 32.468252, 40.679986 ], [ 32.468213, 40.679993 ], [ 32.468178, 40.679956 ], [ 32.467195, 40.680694 ], [ 32.466638, 40.680895 ], [ 32.466376, 40.681051 ], [ 32.464931, 40.681368 ], [ 32.464763, 40.681405 ], [ 32.464361, 40.681582 ], [ 32.464298, 40.681597 ], [ 32.464285, 40.681603 ], [ 32.463769, 40.681725 ], [ 32.463673, 40.682258 ], [ 32.463552, 40.682929 ], [ 32.463599, 40.683749 ], [ 32.463266, 40.683896 ], [ 32.46261, 40.684635 ], [ 32.462549, 40.684808 ], [ 32.46173, 40.684576 ], [ 32.459655, 40.685152 ], [ 32.452268, 40.683991 ], [ 32.449291, 40.686229 ], [ 32.448693, 40.686105 ], [ 32.443738, 40.685077 ], [ 32.438297, 40.684825 ], [ 32.434835, 40.688411 ], [ 32.429177, 40.685681 ], [ 32.431592, 40.680108 ], [ 32.430157, 40.674876 ], [ 32.434164, 40.669715 ], [ 32.433182, 40.667008 ], [ 32.430896, 40.663969 ], [ 32.431415, 40.65846 ], [ 32.431237, 40.654141 ], [ 32.430259, 40.649011 ], [ 32.429547, 40.644219 ], [ 32.429725, 40.639629 ], [ 32.430435, 40.639592 ], [ 32.432479, 40.639036 ], [ 32.433057, 40.638294 ], [ 32.431651, 40.635786 ], [ 32.43136, 40.635327 ], [ 32.431162, 40.635457 ], [ 32.431193, 40.635264 ], [ 32.43116, 40.635056 ], [ 32.43016, 40.634365 ], [ 32.430082, 40.634517 ], [ 32.429771, 40.632932 ], [ 32.429815, 40.631347 ], [ 32.429504, 40.628716 ], [ 32.428527, 40.626119 ], [ 32.426154, 40.624182 ], [ 32.433302, 40.618136 ], [ 32.440199, 40.61299 ], [ 32.440591, 40.612907 ], [ 32.439146, 40.608959 ], [ 32.436333, 40.606966 ], [ 32.435395, 40.603691 ], [ 32.437245, 40.598787 ], [ 32.438525, 40.595386 ], [ 32.440629, 40.589795 ], [ 32.442723, 40.586652 ], [ 32.448678, 40.581005 ], [ 32.455132, 40.579279 ], [ 32.460226, 40.575618 ], [ 32.453239, 40.565081 ], [ 32.451614, 40.562394 ], [ 32.450533, 40.561127 ], [ 32.44959, 40.561575 ], [ 32.448455, 40.561907 ], [ 32.447391, 40.562028 ], [ 32.446424, 40.562024 ], [ 32.445845, 40.561926 ], [ 32.445253, 40.561607 ], [ 32.444705, 40.561078 ], [ 32.444281, 40.560655 ], [ 32.44387, 40.560158 ], [ 32.443445, 40.55984 ], [ 32.443018, 40.559711 ], [ 32.441276, 40.559955 ], [ 32.440349, 40.560172 ], [ 32.439036, 40.560292 ], [ 32.437766, 40.560118 ], [ 32.43756, 40.55999 ], [ 32.436872, 40.559776 ], [ 32.435838, 40.559476 ], [ 32.435234, 40.559115 ], [ 32.434605, 40.558343 ], [ 32.434044, 40.557708 ], [ 32.433604, 40.557453 ], [ 32.433013, 40.557166 ], [ 32.431761, 40.556623 ], [ 32.431251, 40.556399 ], [ 32.430797, 40.556186 ], [ 32.430566, 40.555795 ], [ 32.430149, 40.554048 ], [ 32.429964, 40.554203 ], [ 32.428805, 40.554184 ], [ 32.428324, 40.554266 ], [ 32.426564, 40.554752 ], [ 32.425709, 40.554514 ], [ 32.424892, 40.554554 ], [ 32.42338, 40.555196 ], [ 32.422753, 40.555374 ], [ 32.421506, 40.555469 ], [ 32.420342, 40.555411 ], [ 32.419382, 40.555233 ], [ 32.418885, 40.555094 ], [ 32.417567, 40.554747 ], [ 32.417301, 40.554724 ], [ 32.416171, 40.554713 ], [ 32.415249, 40.554877 ], [ 32.415035, 40.554801 ], [ 32.414479, 40.554086 ], [ 32.414227, 40.553824 ], [ 32.413956, 40.553642 ], [ 32.413659, 40.553176 ], [ 32.413655, 40.552977 ], [ 32.413501, 40.552663 ], [ 32.413083, 40.551481 ], [ 32.412879, 40.550897 ], [ 32.412892, 40.55072 ], [ 32.412755, 40.550507 ], [ 32.412525, 40.550338 ], [ 32.411971, 40.550057 ], [ 32.411122, 40.549774 ], [ 32.410475, 40.54955 ], [ 32.409562, 40.549298 ], [ 32.409105, 40.54922 ], [ 32.408297, 40.548938 ], [ 32.407656, 40.548652 ], [ 32.406994, 40.548237 ], [ 32.406376, 40.548013 ], [ 32.406017, 40.548016 ], [ 32.405234, 40.548083 ], [ 32.404155, 40.548267 ], [ 32.403703, 40.548296 ], [ 32.403337, 40.548409 ], [ 32.40303, 40.548403 ], [ 32.402712, 40.548352 ], [ 32.402089, 40.548027 ], [ 32.401505, 40.547926 ], [ 32.400538, 40.547926 ], [ 32.399959, 40.547817 ], [ 32.39948, 40.547677 ], [ 32.39866, 40.547373 ], [ 32.397911, 40.546927 ], [ 32.397709, 40.546864 ], [ 32.397455, 40.546734 ], [ 32.397251, 40.54657 ], [ 32.397228, 40.546586 ], [ 32.396302, 40.546957 ], [ 32.394577, 40.547798 ], [ 32.392214, 40.54878 ], [ 32.39111, 40.549466 ], [ 32.389337, 40.550294 ], [ 32.387498, 40.55178 ], [ 32.387022, 40.551938 ], [ 32.386723, 40.551961 ], [ 32.384711, 40.550948 ], [ 32.382223, 40.550067 ], [ 32.380626, 40.549603 ], [ 32.379536, 40.54921 ], [ 32.378579, 40.548775 ], [ 32.377107, 40.54784 ], [ 32.37459, 40.547111 ], [ 32.371898, 40.545822 ], [ 32.369619, 40.544694 ], [ 32.368254, 40.544371 ], [ 32.368174, 40.544354 ], [ 32.358272, 40.551755 ], [ 32.355587, 40.560749 ], [ 32.359187, 40.5673 ], [ 32.347055, 40.581304 ], [ 32.346761, 40.581644 ], [ 32.330427, 40.584479 ], [ 32.32132, 40.585326 ], [ 32.320402, 40.585348 ], [ 32.319604, 40.584695 ], [ 32.319349, 40.58413 ], [ 32.319046, 40.584029 ], [ 32.318964, 40.583565 ], [ 32.318839, 40.583001 ], [ 32.318106, 40.582465 ], [ 32.303949, 40.578751 ], [ 32.303404, 40.578608 ], [ 32.300339, 40.577804 ], [ 32.299072, 40.577472 ], [ 32.2712, 40.565448 ], [ 32.264261, 40.562455 ], [ 32.255395, 40.563074 ], [ 32.252989, 40.557915 ], [ 32.245424, 40.556636 ], [ 32.237749, 40.556653 ], [ 32.224467, 40.556114 ], [ 32.21711, 40.553992 ], [ 32.213342, 40.549894 ], [ 32.205437, 40.547909 ], [ 32.200253, 40.544142 ], [ 32.193366, 40.541778 ], [ 32.188848, 40.538787 ], [ 32.183508, 40.531313 ], [ 32.18238, 40.529734 ], [ 32.180932, 40.518966 ], [ 32.179421, 40.517169 ], [ 32.175429, 40.513653 ], [ 32.170486, 40.511371 ], [ 32.162028, 40.507665 ], [ 32.149482, 40.503103 ], [ 32.147295, 40.502057 ], [ 32.142828, 40.499776 ], [ 32.136745, 40.49702 ], [ 32.130092, 40.494644 ], [ 32.128001, 40.493218 ], [ 32.12477, 40.491222 ], [ 32.122394, 40.488751 ], [ 32.121634, 40.48628 ], [ 32.121456, 40.485173 ], [ 32.121253, 40.483904 ], [ 32.121064, 40.482098 ], [ 32.120587, 40.478106 ], [ 32.119637, 40.473163 ], [ 32.118592, 40.469457 ], [ 32.116881, 40.467081 ], [ 32.114314, 40.463089 ], [ 32.113555, 40.459858 ], [ 32.114428, 40.449989 ], [ 32.11385, 40.450039 ], [ 32.113846, 40.450032 ], [ 32.113842, 40.450036 ], [ 32.11125, 40.449836 ], [ 32.108594, 40.450041 ], [ 32.107477, 40.449762 ], [ 32.105953, 40.449074 ], [ 32.104729, 40.448029 ], [ 32.103342, 40.445946 ], [ 32.10205, 40.445531 ], [ 32.100879, 40.444936 ], [ 32.100183, 40.44403 ], [ 32.099086, 40.442309 ], [ 32.097745, 40.441218 ], [ 32.095812, 40.440257 ], [ 32.092001, 40.438695 ], [ 32.088119, 40.438036 ], [ 32.087293, 40.438011 ], [ 32.083876, 40.43791 ], [ 32.081992, 40.437715 ], [ 32.079648, 40.436706 ], [ 32.079651, 40.436525 ], [ 32.078017, 40.435251 ], [ 32.073241, 40.431069 ], [ 32.067754, 40.427151 ], [ 32.062215, 40.422782 ], [ 32.059939, 40.421142 ], [ 32.05483, 40.42082 ], [ 32.04934, 40.419115 ], [ 32.045526, 40.416644 ], [ 32.040821, 40.413928 ], [ 32.037602, 40.411585 ], [ 32.033651, 40.408767 ], [ 32.028426, 40.406203 ], [ 32.027426, 40.406029 ], [ 32.027273, 40.405826 ], [ 32.025876, 40.404643 ], [ 32.025844, 40.404588 ], [ 32.025803, 40.403938 ], [ 32.024302, 40.40147 ], [ 32.022648, 40.400486 ], [ 32.022461, 40.400335 ], [ 32.020884, 40.399421 ], [ 32.020725, 40.399342 ], [ 32.020561, 40.399245 ], [ 32.018591, 40.397987 ], [ 32.017515, 40.3973 ], [ 32.016903, 40.396644 ], [ 32.014715, 40.394188 ], [ 32.012519, 40.391242 ], [ 32.01272, 40.389577 ], [ 32.013385, 40.388411 ], [ 32.014458, 40.387255 ], [ 32.014463, 40.387249 ], [ 32.013943, 40.386524 ], [ 32.013072, 40.385661 ], [ 32.012204, 40.384617 ], [ 32.011981, 40.383714 ], [ 32.011939, 40.382588 ], [ 32.012132, 40.381463 ], [ 32.01203, 40.380381 ], [ 32.011632, 40.379432 ], [ 32.010699, 40.378793 ], [ 32.009471, 40.378469 ], [ 32.009466, 40.378468 ], [ 32.007836, 40.378498 ], [ 32.007817, 40.378498 ], [ 32.006587, 40.377992 ], [ 32.004952, 40.377077 ], [ 32.003605, 40.376525 ], [ 32.001321, 40.37565 ], [ 31.999461, 40.373967 ], [ 31.998998, 40.373422 ], [ 31.998187, 40.372514 ], [ 31.996782, 40.371962 ], [ 31.993856, 40.370675 ], [ 31.991336, 40.369842 ], [ 31.98671, 40.36809 ], [ 31.983902, 40.366849 ], [ 31.98186, 40.36557 ], [ 31.98064, 40.364978 ], [ 31.974289, 40.36555 ], [ 31.972164, 40.365891 ], [ 31.972143, 40.365888 ], [ 31.972138, 40.365889 ], [ 31.970728, 40.365696 ], [ 31.96921, 40.364782 ], [ 31.967814, 40.363688 ], [ 31.967369, 40.362739 ], [ 31.967388, 40.360712 ], [ 31.966834, 40.358455 ], [ 31.966159, 40.356376 ], [ 31.965466, 40.355469 ], [ 31.964615, 40.353345 ], [ 31.963926, 40.35325 ], [ 31.96391, 40.353248 ], [ 31.962203, 40.353278 ], [ 31.96098, 40.353312 ], [ 31.960112, 40.353149 ], [ 31.956537, 40.352358 ], [ 31.956136, 40.352274 ], [ 31.9532, 40.350888 ], [ 31.935639, 40.345137 ], [ 31.931713, 40.346005 ], [ 31.930531, 40.347047 ], [ 31.930932, 40.347476 ], [ 31.93112, 40.34779 ], [ 31.931488, 40.348514 ], [ 31.931286, 40.348463 ], [ 31.930982, 40.348401 ], [ 31.927566, 40.348505 ], [ 31.924154, 40.348338 ], [ 31.921687, 40.347954 ], [ 31.916647, 40.34605 ], [ 31.914256, 40.345092 ], [ 31.9113, 40.345875 ], [ 31.908133, 40.340485 ], [ 31.905184, 40.338732 ], [ 31.8954, 40.337924 ], [ 31.894398, 40.337841 ], [ 31.891427, 40.336793 ], [ 31.892519, 40.333092 ], [ 31.892522, 40.333082 ], [ 31.892499, 40.332279 ], [ 31.892486, 40.331865 ], [ 31.892373, 40.331752 ], [ 31.892152, 40.330922 ], [ 31.891911, 40.330572 ], [ 31.89153, 40.330033 ], [ 31.891477, 40.329388 ], [ 31.891802, 40.329108 ], [ 31.892096, 40.328251 ], [ 31.892419, 40.327943 ], [ 31.892224, 40.327634 ], [ 31.891448, 40.327336 ], [ 31.89135, 40.327341 ], [ 31.890761, 40.327061 ], [ 31.889918, 40.326328 ], [ 31.888688, 40.325259 ], [ 31.888669, 40.325266 ], [ 31.888661, 40.325259 ], [ 31.888656, 40.325255 ], [ 31.888659, 40.325254 ], [ 31.886126, 40.3232 ], [ 31.885044, 40.322323 ], [ 31.884871, 40.322265 ], [ 31.884678, 40.322508 ], [ 31.883043, 40.32213 ], [ 31.881395, 40.32191 ], [ 31.881294, 40.321901 ], [ 31.88003, 40.321728 ], [ 31.877568, 40.321497 ], [ 31.877099, 40.32137 ], [ 31.876771, 40.321281 ], [ 31.874729, 40.320041 ], [ 31.873572, 40.317892 ], [ 31.871729, 40.317259 ], [ 31.870275, 40.316535 ], [ 31.866413, 40.314577 ], [ 31.864966, 40.314217 ], [ 31.864421, 40.310552 ], [ 31.86282, 40.310556 ], [ 31.861594, 40.310524 ], [ 31.860355, 40.310411 ], [ 31.859504, 40.31021 ], [ 31.858085, 40.310194 ], [ 31.857186, 40.309716 ], [ 31.856078, 40.309369 ], [ 31.856076, 40.309368 ], [ 31.855558, 40.308063 ], [ 31.85544, 40.307395 ], [ 31.855046, 40.306971 ], [ 31.854913, 40.306497 ], [ 31.854061, 40.305084 ], [ 31.853031, 40.305188 ], [ 31.850931, 40.304555 ], [ 31.850374, 40.304725 ], [ 31.849441, 40.304523 ], [ 31.848096, 40.304814 ], [ 31.847399, 40.304422 ], [ 31.847018, 40.304207 ], [ 31.847015, 40.304205 ], [ 31.844846, 40.303592 ], [ 31.844669, 40.303928 ], [ 31.845525, 40.304637 ], [ 31.844756, 40.304795 ], [ 31.844439, 40.30527 ], [ 31.843984, 40.305313 ], [ 31.844016, 40.305991 ], [ 31.843802, 40.306207 ], [ 31.8434, 40.306155 ], [ 31.843358, 40.30696 ], [ 31.842896, 40.307517 ], [ 31.841135, 40.308332 ], [ 31.841481, 40.309021 ], [ 31.841464, 40.309309 ], [ 31.841199, 40.309386 ], [ 31.840049, 40.309447 ], [ 31.839882, 40.309846 ], [ 31.839697, 40.310287 ], [ 31.839614, 40.310403 ], [ 31.838904, 40.310203 ], [ 31.837843, 40.310207 ], [ 31.837456, 40.310697 ], [ 31.836497, 40.311075 ], [ 31.835729, 40.311028 ], [ 31.834573, 40.310691 ], [ 31.83403, 40.310464 ], [ 31.83344, 40.310019 ], [ 31.829682, 40.3087 ], [ 31.829137, 40.308462 ], [ 31.828063, 40.308521 ], [ 31.826912, 40.308766 ], [ 31.826249, 40.308826 ], [ 31.825908, 40.309173 ], [ 31.825601, 40.309726 ], [ 31.824544, 40.310316 ], [ 31.824074, 40.310424 ], [ 31.82282, 40.310992 ], [ 31.821404, 40.311008 ], [ 31.820735, 40.311136 ], [ 31.820305, 40.311251 ], [ 31.818176, 40.311316 ], [ 31.81536, 40.311555 ], [ 31.812968, 40.311932 ], [ 31.810957, 40.312411 ], [ 31.809638, 40.31289 ], [ 31.808566, 40.312702 ], [ 31.807202, 40.312856 ], [ 31.805753, 40.313185 ], [ 31.804094, 40.313719 ], [ 31.80321, 40.313599 ], [ 31.803034, 40.314245 ], [ 31.803101, 40.315475 ], [ 31.803191, 40.315902 ], [ 31.803639, 40.317593 ], [ 31.803594, 40.319626 ], [ 31.80372, 40.320668 ], [ 31.802704, 40.321463 ], [ 31.802705, 40.321467 ], [ 31.802718, 40.321513 ], [ 31.802205, 40.321552 ], [ 31.801966, 40.32157 ], [ 31.802253, 40.321996 ], [ 31.801688, 40.322212 ], [ 31.8016, 40.322222 ], [ 31.800169, 40.321744 ], [ 31.799867, 40.32158 ], [ 31.799134, 40.321092 ], [ 31.798113, 40.320718 ], [ 31.797618, 40.320785 ], [ 31.797179, 40.320868 ], [ 31.796721, 40.320951 ], [ 31.796207, 40.320945 ], [ 31.795712, 40.320969 ], [ 31.794893, 40.321004 ], [ 31.794511, 40.321073 ], [ 31.79432, 40.32113 ], [ 31.794053, 40.32117 ], [ 31.793631, 40.32137 ], [ 31.793208, 40.321628 ], [ 31.792983, 40.321795 ], [ 31.792902, 40.321855 ], [ 31.792602, 40.322064 ], [ 31.79191, 40.32234 ], [ 31.791524, 40.322578 ], [ 31.7914, 40.322698 ], [ 31.790505, 40.322854 ], [ 31.790142, 40.322993 ], [ 31.789395, 40.323177 ], [ 31.78792, 40.323417 ], [ 31.787036, 40.323608 ], [ 31.786719, 40.323661 ], [ 31.786301, 40.323778 ], [ 31.786267, 40.323811 ], [ 31.786124, 40.323852 ], [ 31.785465, 40.324038 ], [ 31.785232, 40.324161 ], [ 31.785024, 40.32424 ], [ 31.783776, 40.324848 ], [ 31.782427, 40.325445 ], [ 31.780916, 40.326101 ], [ 31.778516, 40.326474 ], [ 31.774984, 40.328018 ], [ 31.773275, 40.328982 ], [ 31.770852, 40.33035 ], [ 31.770201, 40.330676 ], [ 31.769942, 40.330818 ], [ 31.769914, 40.330819 ], [ 31.768687, 40.331043 ], [ 31.768697, 40.331075 ], [ 31.767002, 40.331361 ], [ 31.766568, 40.331567 ], [ 31.76643, 40.331591 ], [ 31.764881, 40.332308 ], [ 31.764647, 40.332406 ], [ 31.762875, 40.333297 ], [ 31.759762, 40.332933 ], [ 31.758331, 40.332761 ], [ 31.757097, 40.332582 ], [ 31.750137, 40.33154 ], [ 31.749271, 40.331233 ], [ 31.747546, 40.330593 ], [ 31.74555, 40.329256 ], [ 31.74493, 40.328938 ], [ 31.743094, 40.32759 ], [ 31.741184, 40.326751 ], [ 31.740643, 40.326506 ], [ 31.740209, 40.326316 ], [ 31.73982, 40.325902 ], [ 31.738559, 40.325155 ], [ 31.738533, 40.325154 ], [ 31.737871, 40.325131 ], [ 31.737731, 40.325035 ], [ 31.737086, 40.32459 ], [ 31.736196, 40.323977 ], [ 31.735776, 40.323687 ], [ 31.735332, 40.323525 ], [ 31.734924, 40.323322 ], [ 31.734524, 40.322941 ], [ 31.73412, 40.322546 ], [ 31.733931, 40.322399 ], [ 31.732585, 40.321657 ], [ 31.732566, 40.321671 ], [ 31.732537, 40.321655 ], [ 31.73243, 40.321728 ], [ 31.731975, 40.321389 ], [ 31.731121, 40.320771 ], [ 31.729317, 40.319951 ], [ 31.726129, 40.318334 ], [ 31.7261, 40.318327 ], [ 31.726088, 40.318321 ], [ 31.723399, 40.317661 ], [ 31.719518, 40.316245 ], [ 31.718048, 40.315644 ], [ 31.714503, 40.314186 ], [ 31.709086, 40.311985 ], [ 31.707007, 40.311006 ], [ 31.704768, 40.31024 ], [ 31.70248, 40.309328 ], [ 31.702471, 40.30907 ], [ 31.702389, 40.309101 ], [ 31.702196, 40.309175 ], [ 31.700141, 40.309521 ], [ 31.700063, 40.309503 ], [ 31.698344, 40.309098 ], [ 31.69691, 40.308761 ], [ 31.696841, 40.308725 ], [ 31.696812, 40.308805 ], [ 31.696792, 40.308826 ], [ 31.696693, 40.308995 ], [ 31.696244, 40.309299 ], [ 31.696459, 40.309617 ], [ 31.696483, 40.310455 ], [ 31.69599, 40.311049 ], [ 31.694746, 40.311474 ], [ 31.693664, 40.311323 ], [ 31.692411, 40.311649 ], [ 31.691317, 40.312227 ], [ 31.686545, 40.314641 ], [ 31.684367, 40.315743 ], [ 31.684053, 40.315911 ], [ 31.683397, 40.316174 ], [ 31.682296, 40.317002 ], [ 31.682117, 40.317192 ], [ 31.682077, 40.317272 ], [ 31.681896, 40.317607 ], [ 31.681878, 40.317807 ], [ 31.681575, 40.318008 ], [ 31.681505, 40.318062 ], [ 31.681346, 40.318129 ], [ 31.681396, 40.318149 ], [ 31.681051, 40.318347 ], [ 31.681033, 40.318337 ], [ 31.680765, 40.318543 ], [ 31.680696, 40.318579 ], [ 31.680548, 40.318645 ], [ 31.680465, 40.318645 ], [ 31.680408, 40.318708 ], [ 31.680261, 40.318745 ], [ 31.679974, 40.3188 ], [ 31.679566, 40.318826 ], [ 31.679571, 40.318881 ], [ 31.679369, 40.31888 ], [ 31.678803, 40.319087 ], [ 31.678621, 40.319286 ], [ 31.678464, 40.319445 ], [ 31.67816, 40.319709 ], [ 31.67805, 40.319867 ], [ 31.677982, 40.319975 ], [ 31.6779, 40.320116 ], [ 31.677861, 40.320233 ], [ 31.677823, 40.320361 ], [ 31.67778, 40.32047 ], [ 31.677736, 40.320585 ], [ 31.677686, 40.320736 ], [ 31.677551, 40.321107 ], [ 31.677431, 40.321265 ], [ 31.677431, 40.321398 ], [ 31.677478, 40.321449 ], [ 31.677484, 40.321499 ], [ 31.677577, 40.321747 ], [ 31.67605, 40.322943 ], [ 31.668873, 40.322751 ], [ 31.663745, 40.322601 ], [ 31.660052, 40.322765 ], [ 31.654842, 40.317626 ], [ 31.653229, 40.316129 ], [ 31.652579, 40.31591 ], [ 31.652209, 40.318446 ], [ 31.64775, 40.318038 ], [ 31.64304, 40.31909 ], [ 31.639226, 40.3182 ], [ 31.637852, 40.32037 ], [ 31.637365, 40.320214 ], [ 31.635078, 40.322935 ], [ 31.635027, 40.323372 ], [ 31.634645, 40.32366 ], [ 31.634637, 40.323645 ], [ 31.632975, 40.31712 ], [ 31.633308, 40.317165 ], [ 31.634286, 40.316051 ], [ 31.632972, 40.315926 ], [ 31.631351, 40.314175 ], [ 31.631072, 40.313781 ], [ 31.630563, 40.313739 ], [ 31.625427, 40.317799 ], [ 31.624676, 40.318212 ], [ 31.623936, 40.318601 ], [ 31.623461, 40.31852 ], [ 31.622822, 40.318039 ], [ 31.615161, 40.318674 ], [ 31.614806, 40.3187 ], [ 31.613255, 40.318236 ], [ 31.608016, 40.317674 ], [ 31.608076, 40.3174 ], [ 31.607082, 40.317426 ], [ 31.604706, 40.315686 ], [ 31.604851, 40.315443 ], [ 31.604335, 40.315246 ], [ 31.604101, 40.315239 ], [ 31.600535, 40.312637 ], [ 31.593315, 40.309162 ], [ 31.589901, 40.308603 ], [ 31.587153, 40.307823 ], [ 31.587003, 40.307765 ], [ 31.581971, 40.305359 ], [ 31.580539, 40.30559 ], [ 31.579425, 40.305465 ], [ 31.576914, 40.305241 ], [ 31.574484, 40.305044 ], [ 31.573912, 40.304983 ], [ 31.570015, 40.301652 ], [ 31.563626, 40.299887 ], [ 31.557787, 40.298123 ], [ 31.551067, 40.295854 ], [ 31.54644, 40.29451 ], [ 31.540491, 40.292493 ], [ 31.533263, 40.290612 ], [ 31.517908, 40.293433 ], [ 31.517329, 40.293902 ], [ 31.51706, 40.294119 ], [ 31.517057, 40.294122 ], [ 31.51459, 40.29612 ], [ 31.510157, 40.299615 ], [ 31.508163, 40.301186 ], [ 31.505923, 40.30576 ], [ 31.50361, 40.305213 ], [ 31.501921, 40.304813 ], [ 31.49964, 40.304274 ], [ 31.496261, 40.302649 ], [ 31.492914, 40.303119 ], [ 31.489398, 40.304546 ], [ 31.476618, 40.302392 ], [ 31.474122, 40.29799 ], [ 31.468041, 40.299725 ], [ 31.454416, 40.29308 ], [ 31.450832, 40.292748 ], [ 31.450037, 40.292674 ], [ 31.440573, 40.293168 ], [ 31.435168, 40.290811 ], [ 31.429564, 40.288367 ], [ 31.419252, 40.288735 ], [ 31.408511, 40.285927 ], [ 31.407769, 40.28912 ], [ 31.407385, 40.28949 ], [ 31.407094, 40.289867 ], [ 31.407227, 40.290073 ], [ 31.407002, 40.290274 ], [ 31.406197, 40.28965 ], [ 31.402587, 40.291488 ], [ 31.402664, 40.291577 ], [ 31.403016, 40.291738 ], [ 31.403233, 40.292008 ], [ 31.403997, 40.292338 ], [ 31.404083, 40.292328 ], [ 31.405468, 40.292726 ], [ 31.405572, 40.293033 ], [ 31.405658, 40.293657 ], [ 31.404986, 40.293657 ], [ 31.404434, 40.293741 ], [ 31.404147, 40.293047 ], [ 31.403854, 40.29333 ], [ 31.403684, 40.293157 ], [ 31.403655, 40.29293 ], [ 31.40289, 40.292624 ], [ 31.40289, 40.292611 ], [ 31.402525, 40.292583 ], [ 31.40212, 40.293253 ], [ 31.401682, 40.293127 ], [ 31.40193, 40.292679 ], [ 31.4016, 40.29263 ], [ 31.401272, 40.292286 ], [ 31.401291, 40.292256 ], [ 31.399842, 40.290658 ], [ 31.39909, 40.290821 ], [ 31.398739, 40.290493 ], [ 31.398236, 40.289744 ], [ 31.397686, 40.289558 ], [ 31.396976, 40.2894 ], [ 31.396511, 40.289341 ], [ 31.395372, 40.289152 ], [ 31.395167, 40.289701 ], [ 31.395092, 40.289801 ], [ 31.395143, 40.289912 ], [ 31.395197, 40.289925 ], [ 31.395197, 40.290039 ], [ 31.395129, 40.290106 ], [ 31.394968, 40.290036 ], [ 31.394809, 40.289908 ], [ 31.39468, 40.289855 ], [ 31.394261, 40.289927 ], [ 31.393996, 40.289994 ], [ 31.393515, 40.290138 ], [ 31.393337, 40.290131 ], [ 31.392718, 40.29052 ], [ 31.39281, 40.291039 ], [ 31.392488, 40.291207 ], [ 31.392243, 40.291157 ], [ 31.391328, 40.291354 ], [ 31.391584, 40.291033 ], [ 31.391544, 40.291013 ], [ 31.391381, 40.290726 ], [ 31.390888, 40.290794 ], [ 31.390503, 40.290519 ], [ 31.390416, 40.290325 ], [ 31.390095, 40.289879 ], [ 31.390091, 40.289569 ], [ 31.390203, 40.289136 ], [ 31.390375, 40.289077 ], [ 31.390306, 40.288865 ], [ 31.390203, 40.288764 ], [ 31.389771, 40.288923 ], [ 31.389602, 40.288889 ], [ 31.389465, 40.288799 ], [ 31.389169, 40.289239 ], [ 31.387482, 40.290079 ], [ 31.387466, 40.290168 ], [ 31.387462, 40.290199 ], [ 31.387404, 40.290349 ], [ 31.389023, 40.295433 ], [ 31.389456, 40.297918 ], [ 31.393116, 40.306145 ], [ 31.399321, 40.310262 ], [ 31.416168, 40.317588 ], [ 31.424645, 40.323042 ], [ 31.436908, 40.336532 ], [ 31.438549, 40.340682 ], [ 31.44012, 40.34346 ], [ 31.442044, 40.346896 ], [ 31.443882, 40.349958 ], [ 31.446474, 40.354275 ], [ 31.447943, 40.361445 ], [ 31.44688, 40.361617 ], [ 31.446825, 40.361626 ], [ 31.446751, 40.361638 ], [ 31.446735, 40.361641 ], [ 31.44179, 40.363158 ], [ 31.441584, 40.363208 ], [ 31.441265, 40.363192 ], [ 31.440541, 40.363275 ], [ 31.440284, 40.363618 ], [ 31.43828, 40.365616 ], [ 31.436264, 40.365349 ], [ 31.436146, 40.365333 ], [ 31.435878, 40.365298 ], [ 31.435755, 40.365668 ], [ 31.434459, 40.365489 ], [ 31.434533, 40.365325 ], [ 31.43438, 40.365315 ], [ 31.433914, 40.365183 ], [ 31.433279, 40.365317 ], [ 31.431949, 40.364964 ], [ 31.431934, 40.364912 ], [ 31.431855, 40.364862 ], [ 31.431735, 40.364818 ], [ 31.431621, 40.3648 ], [ 31.431381, 40.36478 ], [ 31.431316, 40.364819 ], [ 31.431204, 40.364957 ], [ 31.43107, 40.36495 ], [ 31.430613, 40.365123 ], [ 31.430408, 40.365198 ], [ 31.429995, 40.365026 ], [ 31.429735, 40.364684 ], [ 31.429638, 40.364566 ], [ 31.429439, 40.36464 ], [ 31.428479, 40.364798 ], [ 31.428187, 40.364795 ], [ 31.427997, 40.36527 ], [ 31.42797, 40.365337 ], [ 31.427942, 40.365347 ], [ 31.427804, 40.36537 ], [ 31.427676, 40.365419 ], [ 31.427498, 40.365092 ], [ 31.427408, 40.365091 ], [ 31.427201, 40.36508 ], [ 31.427042, 40.364975 ], [ 31.426893, 40.364766 ], [ 31.426691, 40.364603 ], [ 31.426094, 40.365013 ], [ 31.425322, 40.366296 ], [ 31.425207, 40.366336 ], [ 31.425197, 40.366354 ], [ 31.42496, 40.366401 ], [ 31.423664, 40.366354 ], [ 31.423107, 40.366428 ], [ 31.422591, 40.36649 ], [ 31.422167, 40.366604 ], [ 31.421651, 40.366666 ], [ 31.421667, 40.366833 ], [ 31.421592, 40.36703 ], [ 31.421528, 40.367231 ], [ 31.42132, 40.367219 ], [ 31.421151, 40.367031 ], [ 31.420868, 40.367181 ], [ 31.419853, 40.367065 ], [ 31.419394, 40.367188 ], [ 31.419102, 40.367333 ], [ 31.419023, 40.367136 ], [ 31.41875, 40.36741 ], [ 31.416508, 40.368118 ], [ 31.414479, 40.369167 ], [ 31.413132, 40.369662 ], [ 31.411949, 40.369474 ], [ 31.410455, 40.36985 ], [ 31.408543, 40.370675 ], [ 31.408118, 40.370593 ], [ 31.405762, 40.369251 ], [ 31.405095, 40.368393 ], [ 31.404472, 40.368145 ], [ 31.403587, 40.368695 ], [ 31.40081, 40.369187 ], [ 31.394804, 40.368032 ], [ 31.386041, 40.371347 ], [ 31.385806, 40.371436 ], [ 31.38549, 40.371641 ], [ 31.384668, 40.37166 ], [ 31.381187, 40.37098 ], [ 31.378215, 40.371898 ], [ 31.378831, 40.37116 ], [ 31.379255, 40.37059 ], [ 31.379648, 40.369996 ], [ 31.379666, 40.369984 ], [ 31.380695, 40.369264 ], [ 31.381038, 40.368613 ], [ 31.381157, 40.368287 ], [ 31.381422, 40.367559 ], [ 31.381446, 40.367336 ], [ 31.381584, 40.366804 ], [ 31.382173, 40.366154 ], [ 31.382653, 40.365545 ], [ 31.382738, 40.364998 ], [ 31.382685, 40.364216 ], [ 31.382746, 40.363256 ], [ 31.3826, 40.362772 ], [ 31.377451, 40.357528 ], [ 31.377779, 40.356563 ], [ 31.377308, 40.355476 ], [ 31.377136, 40.354429 ], [ 31.376522, 40.353761 ], [ 31.375158, 40.35285 ], [ 31.373399, 40.350694 ], [ 31.372784, 40.350133 ], [ 31.365193, 40.346824 ], [ 31.365096, 40.346794 ], [ 31.364851, 40.34666 ], [ 31.364773, 40.346617 ], [ 31.360503, 40.348247 ], [ 31.358343, 40.348717 ], [ 31.354948, 40.349246 ], [ 31.348312, 40.349599 ], [ 31.340905, 40.350305 ], [ 31.336904, 40.35115 ], [ 31.336457, 40.351046 ], [ 31.33591, 40.350887 ], [ 31.334497, 40.350476 ], [ 31.333159, 40.350491 ], [ 31.331549, 40.350272 ], [ 31.331002, 40.351739 ], [ 31.330232, 40.351603 ], [ 31.329198, 40.35152 ], [ 31.328317, 40.351425 ], [ 31.327985, 40.351235 ], [ 31.3276, 40.350912 ], [ 31.327009, 40.35024 ], [ 31.326741, 40.350018 ], [ 31.326339, 40.349821 ], [ 31.32611, 40.349791 ], [ 31.325904, 40.349798 ], [ 31.325163, 40.350058 ], [ 31.324571, 40.35039 ], [ 31.323976, 40.35072 ], [ 31.323541, 40.350676 ], [ 31.323013, 40.350503 ], [ 31.322405, 40.350125 ], [ 31.321486, 40.349382 ], [ 31.320676, 40.34908 ], [ 31.319865, 40.348788 ], [ 31.319302, 40.34853 ], [ 31.318897, 40.348047 ], [ 31.318568, 40.347665 ], [ 31.317805, 40.347254 ], [ 31.315733, 40.346717 ], [ 31.314233, 40.346688 ], [ 31.31304, 40.346924 ], [ 31.310321, 40.344197 ], [ 31.310061, 40.343761 ], [ 31.309748, 40.343329 ], [ 31.309261, 40.342372 ], [ 31.308555, 40.341498 ], [ 31.307735, 40.340602 ], [ 31.307133, 40.340046 ], [ 31.306143, 40.339313 ], [ 31.304936, 40.338647 ], [ 31.304302, 40.338262 ], [ 31.303658, 40.337962 ], [ 31.30328, 40.337677 ], [ 31.303052, 40.337144 ], [ 31.302404, 40.336566 ], [ 31.302018, 40.336407 ], [ 31.301163, 40.33611 ], [ 31.300569, 40.335958 ], [ 31.300331, 40.335801 ], [ 31.300272, 40.335273 ], [ 31.300215, 40.334427 ], [ 31.299974, 40.334226 ], [ 31.299426, 40.333916 ], [ 31.298639, 40.333726 ], [ 31.298442, 40.333679 ], [ 31.297578, 40.333685 ], [ 31.297656, 40.333567 ], [ 31.297438, 40.333436 ], [ 31.29712, 40.333358 ], [ 31.296696, 40.333389 ], [ 31.296223, 40.333241 ], [ 31.295769, 40.333331 ], [ 31.294826, 40.332973 ], [ 31.293608, 40.33251 ], [ 31.29153, 40.331705 ], [ 31.291465, 40.33174 ], [ 31.289603, 40.332648 ], [ 31.287294, 40.334862 ], [ 31.284092, 40.335827 ], [ 31.281593, 40.336747 ], [ 31.281567, 40.33673 ], [ 31.28115, 40.336801 ], [ 31.28017, 40.337356 ], [ 31.279601, 40.337748 ], [ 31.278952, 40.338567 ], [ 31.278951, 40.338571 ], [ 31.277465, 40.341106 ], [ 31.276571, 40.344284 ], [ 31.276172, 40.345045 ], [ 31.275236, 40.34613 ], [ 31.27322, 40.346781 ], [ 31.272029, 40.347349 ], [ 31.271963, 40.347462 ], [ 31.271306, 40.347552 ], [ 31.270697, 40.349236 ], [ 31.26941, 40.349733 ], [ 31.26908, 40.34986 ], [ 31.267016, 40.34906 ], [ 31.260549, 40.347109 ], [ 31.249215, 40.343318 ], [ 31.245938, 40.342319 ], [ 31.242931, 40.341173 ], [ 31.239895, 40.340019 ], [ 31.237689, 40.339521 ], [ 31.23473, 40.338494 ], [ 31.231369, 40.337458 ], [ 31.227839, 40.33602 ], [ 31.225972, 40.336586 ], [ 31.222327, 40.33764 ], [ 31.22071, 40.338444 ], [ 31.210977, 40.340147 ], [ 31.207732, 40.340205 ], [ 31.20456, 40.34097 ], [ 31.202588, 40.343761 ], [ 31.203051, 40.344271 ], [ 31.202347, 40.345828 ], [ 31.199326, 40.347888 ], [ 31.196941, 40.349221 ], [ 31.192392, 40.352193 ], [ 31.189043, 40.351545 ], [ 31.185115, 40.350784 ], [ 31.182344, 40.350247 ], [ 31.177508, 40.350249 ], [ 31.175953, 40.35025 ], [ 31.171302, 40.350253 ], [ 31.167178, 40.350255 ], [ 31.165001, 40.350635 ], [ 31.161414, 40.35166 ], [ 31.157555, 40.35166 ], [ 31.156112, 40.35166 ], [ 31.153688, 40.353103 ], [ 31.152325, 40.355123 ], [ 31.149598, 40.355989 ], [ 31.147174, 40.356451 ], [ 31.144414, 40.356151 ], [ 31.143993, 40.356105 ], [ 31.138101, 40.355155 ], [ 31.131894, 40.360879 ], [ 31.12571, 40.364653 ], [ 31.124619, 40.365319 ], [ 31.118986, 40.363329 ], [ 31.117001, 40.362628 ], [ 31.106271, 40.358885 ], [ 31.103758, 40.35846 ], [ 31.091067, 40.356316 ], [ 31.087468, 40.356855 ], [ 31.081697, 40.356906 ], [ 31.072225, 40.355575 ], [ 31.069316, 40.354609 ], [ 31.06823, 40.350234 ], [ 31.067276, 40.34271 ], [ 31.066897, 40.341008 ], [ 31.065583, 40.337079 ], [ 31.065583, 40.334146 ], [ 31.066121, 40.329921 ], [ 31.067507, 40.324817 ], [ 31.068815, 40.321942 ], [ 31.069969, 40.318949 ], [ 31.070893, 40.315663 ], [ 31.072278, 40.312201 ], [ 31.072278, 40.3078 ], [ 31.072001, 40.304095 ], [ 31.074314, 40.303824 ], [ 31.082868, 40.302932 ], [ 31.084188, 40.301249 ], [ 31.083641, 40.300666 ], [ 31.08336, 40.299118 ], [ 31.08366, 40.298038 ], [ 31.082528, 40.297132 ], [ 31.079794, 40.297124 ], [ 31.079266, 40.297295 ], [ 31.079033, 40.297413 ], [ 31.078695, 40.297451 ], [ 31.077318, 40.298371 ], [ 31.076729, 40.29842 ], [ 31.076037, 40.298457 ], [ 31.075109, 40.298379 ], [ 31.074699, 40.297694 ], [ 31.07434, 40.297573 ], [ 31.074188, 40.296633 ], [ 31.074026, 40.295618 ], [ 31.073554, 40.295111 ], [ 31.073283, 40.294148 ], [ 31.073618, 40.29389 ], [ 31.073358, 40.293716 ], [ 31.074525, 40.291335 ], [ 31.074476, 40.291135 ], [ 31.074297, 40.290942 ], [ 31.073763, 40.28949 ], [ 31.073462, 40.288892 ], [ 31.073841, 40.2885 ], [ 31.073192, 40.288276 ], [ 31.072665, 40.28776 ], [ 31.072826, 40.287523 ], [ 31.074438, 40.287306 ], [ 31.074814, 40.286961 ], [ 31.075241, 40.286712 ], [ 31.075397, 40.28653 ], [ 31.075847, 40.286465 ], [ 31.076456, 40.286245 ], [ 31.07657, 40.286119 ], [ 31.076612, 40.284029 ], [ 31.075271, 40.28312 ], [ 31.072144, 40.282552 ], [ 31.066633, 40.282552 ], [ 31.063953, 40.282438 ], [ 31.061867, 40.282041 ], [ 31.059708, 40.280393 ], [ 31.059112, 40.279257 ], [ 31.060008, 40.278243 ], [ 31.061123, 40.277155 ], [ 31.063357, 40.276075 ], [ 31.066931, 40.275791 ], [ 31.06924, 40.275223 ], [ 31.073186, 40.274996 ], [ 31.075495, 40.274826 ], [ 31.079144, 40.273746 ], [ 31.082643, 40.273121 ], [ 31.08875, 40.272496 ], [ 31.091058, 40.271758 ], [ 31.096941, 40.271473 ], [ 31.100705, 40.268379 ], [ 31.100712, 40.268106 ], [ 31.100573, 40.268096 ], [ 31.100478, 40.267747 ], [ 31.10048, 40.267552 ], [ 31.100385, 40.267413 ], [ 31.100381, 40.267166 ], [ 31.100278, 40.267081 ], [ 31.099898, 40.266578 ], [ 31.099181, 40.266169 ], [ 31.098238, 40.265415 ], [ 31.095987, 40.265696 ], [ 31.094525, 40.265504 ], [ 31.093292, 40.265165 ], [ 31.093568, 40.264822 ], [ 31.092659, 40.264271 ], [ 31.086628, 40.263658 ], [ 31.086244, 40.263612 ], [ 31.085958, 40.263356 ], [ 31.085423, 40.263045 ], [ 31.08298, 40.261586 ], [ 31.082485, 40.261491 ], [ 31.082007, 40.261415 ], [ 31.082097, 40.260897 ], [ 31.082128, 40.260659 ], [ 31.08193, 40.260262 ], [ 31.081794, 40.259668 ], [ 31.081857, 40.259414 ], [ 31.081947, 40.25928 ], [ 31.081779, 40.259244 ], [ 31.081474, 40.258814 ], [ 31.081487, 40.258139 ], [ 31.080041, 40.257135 ], [ 31.079774, 40.256906 ], [ 31.079563, 40.256776 ], [ 31.07932, 40.256631 ], [ 31.079187, 40.256466 ], [ 31.079117, 40.256132 ], [ 31.079222, 40.255928 ], [ 31.079186, 40.255621 ], [ 31.079109, 40.255378 ], [ 31.079347, 40.254802 ], [ 31.079975, 40.25439 ], [ 31.080474, 40.254475 ], [ 31.080778, 40.254434 ], [ 31.081426, 40.25402 ], [ 31.081682, 40.253971 ], [ 31.081777, 40.25395 ], [ 31.082147, 40.253912 ], [ 31.082307, 40.253878 ], [ 31.080112, 40.251315 ], [ 31.078771, 40.250007 ], [ 31.078176, 40.248984 ], [ 31.075383, 40.244437 ], [ 31.073931, 40.243613 ], [ 31.072702, 40.241851 ], [ 31.06991, 40.240771 ], [ 31.068681, 40.240402 ], [ 31.068798, 40.237569 ], [ 31.069509, 40.236482 ], [ 31.069865, 40.233629 ], [ 31.069485, 40.230909 ], [ 31.070037, 40.230896 ], [ 31.073317, 40.228992 ], [ 31.07024, 40.225982 ], [ 31.066749, 40.223319 ], [ 31.063433, 40.222047 ], [ 31.057811, 40.221388 ], [ 31.055736, 40.221363 ], [ 31.051507, 40.221311 ], [ 31.048234, 40.219508 ], [ 31.044241, 40.2174 ], [ 31.038774, 40.217065 ], [ 31.034831, 40.216775 ], [ 31.034111, 40.216722 ], [ 31.030229, 40.215916 ], [ 31.027117, 40.215828 ], [ 31.027042, 40.215823 ], [ 31.02704, 40.215822 ], [ 31.021312, 40.21541 ], [ 31.018288, 40.215168 ], [ 31.018198, 40.215167 ], [ 31.016034, 40.214946 ], [ 31.0138, 40.214889 ], [ 31.010858, 40.214149 ], [ 31.01006, 40.213518 ], [ 31.006018, 40.213695 ], [ 31.005473, 40.213732 ], [ 31.002324, 40.213498 ], [ 31.001416, 40.213431 ], [ 30.99582, 40.212455 ], [ 30.987746, 40.212178 ], [ 30.985379, 40.212095 ], [ 30.9816, 40.2112 ], [ 30.975961, 40.211039 ], [ 30.973787, 40.211637 ], [ 30.97362, 40.211697 ], [ 30.972801, 40.211992 ], [ 30.971065, 40.213134 ], [ 30.970135, 40.213972 ], [ 30.966174, 40.214261 ], [ 30.965426, 40.213007 ], [ 30.9638, 40.2136 ], [ 30.963716, 40.213525 ], [ 30.963704, 40.213515 ], [ 30.963701, 40.213517 ], [ 30.963353, 40.213508 ], [ 30.961497, 40.213018 ], [ 30.961199, 40.212864 ], [ 30.959951, 40.211723 ], [ 30.959742, 40.211532 ], [ 30.959005, 40.21145 ], [ 30.958504, 40.211423 ], [ 30.955579, 40.21217 ], [ 30.954644, 40.212191 ], [ 30.954503, 40.212013 ], [ 30.954388, 40.21194 ], [ 30.954466, 40.211672 ], [ 30.952806, 40.210349 ], [ 30.952364, 40.210225 ], [ 30.952041, 40.209928 ], [ 30.951338, 40.209681 ], [ 30.950878, 40.209145 ], [ 30.950469, 40.209089 ], [ 30.949326, 40.208933 ], [ 30.949453, 40.208564 ], [ 30.949392, 40.208451 ], [ 30.948976, 40.207678 ], [ 30.948875, 40.207475 ], [ 30.948813, 40.207266 ], [ 30.94906, 40.207401 ], [ 30.949356, 40.207308 ], [ 30.950392, 40.207649 ], [ 30.951156, 40.207374 ], [ 30.951392, 40.207131 ], [ 30.951335, 40.206636 ], [ 30.950479, 40.206696 ], [ 30.951592, 40.204254 ], [ 30.951616, 40.201189 ], [ 30.951538, 40.201042 ], [ 30.950752, 40.199047 ], [ 30.950801, 40.197443 ], [ 30.950685, 40.197202 ], [ 30.950614, 40.197053 ], [ 30.950528, 40.196875 ], [ 30.949691, 40.195704 ], [ 30.949614, 40.194968 ], [ 30.949443, 40.194611 ], [ 30.949427, 40.194193 ], [ 30.949443, 40.19393 ], [ 30.949456, 40.193892 ], [ 30.949879, 40.192658 ], [ 30.949571, 40.1915 ], [ 30.947884, 40.189729 ], [ 30.947833, 40.189403 ], [ 30.947814, 40.189371 ], [ 30.947268, 40.188449 ], [ 30.9473, 40.187396 ], [ 30.946985, 40.185566 ], [ 30.946236, 40.184134 ], [ 30.945814, 40.183916 ], [ 30.945689, 40.183851 ], [ 30.944623, 40.183299 ], [ 30.94257, 40.18299 ], [ 30.939961, 40.182169 ], [ 30.936584, 40.181758 ], [ 30.932133, 40.181055 ], [ 30.92983, 40.180644 ], [ 30.928295, 40.180468 ], [ 30.925498, 40.179482 ], [ 30.924458, 40.179472 ], [ 30.923, 40.179472 ], [ 30.921311, 40.179765 ], [ 30.918684, 40.179957 ], [ 30.916445, 40.178904 ], [ 30.912647, 40.17963 ], [ 30.912566, 40.179645 ], [ 30.910558, 40.181392 ], [ 30.908823, 40.18286 ], [ 30.906478, 40.183543 ], [ 30.90396, 40.182971 ], [ 30.89957, 40.183175 ], [ 30.895732, 40.184281 ], [ 30.892582, 40.181958 ], [ 30.892516, 40.180659 ], [ 30.891869, 40.179391 ], [ 30.891126, 40.177796 ], [ 30.888657, 40.177346 ], [ 30.886389, 40.177264 ], [ 30.884439, 40.177107 ], [ 30.881172, 40.176885 ], [ 30.878905, 40.178424 ], [ 30.876838, 40.17867 ], [ 30.87456, 40.178872 ], [ 30.872881, 40.17808 ], [ 30.871645, 40.177309 ], [ 30.869909, 40.176935 ], [ 30.868818, 40.175415 ], [ 30.868985, 40.173986 ], [ 30.868241, 40.173338 ], [ 30.86752, 40.172711 ], [ 30.867459, 40.172693 ], [ 30.866151, 40.172312 ], [ 30.862767, 40.172623 ], [ 30.861517, 40.172321 ], [ 30.861272, 40.171069 ], [ 30.860622, 40.169746 ], [ 30.859192, 40.16889 ], [ 30.858907, 40.168719 ], [ 30.858436, 40.166899 ], [ 30.856916, 40.166155 ], [ 30.854793, 40.165116 ], [ 30.853554, 40.164471 ], [ 30.851642, 40.16322 ], [ 30.850476, 40.162824 ], [ 30.84748, 40.162458 ], [ 30.846081, 40.161711 ], [ 30.844613, 40.160594 ], [ 30.843758, 40.159362 ], [ 30.842836, 40.157691 ], [ 30.841746, 40.156176 ], [ 30.840636, 40.154002 ], [ 30.83896, 40.152376 ], [ 30.838325, 40.151842 ], [ 30.836505, 40.149442 ], [ 30.835277, 40.148621 ], [ 30.833358, 40.147037 ], [ 30.8319, 40.145395 ], [ 30.830518, 40.143224 ], [ 30.828599, 40.140584 ], [ 30.824916, 40.137943 ], [ 30.824037, 40.136793 ], [ 30.825312, 40.135011 ], [ 30.826918, 40.134356 ], [ 30.831286, 40.132311 ], [ 30.836394, 40.131807 ], [ 30.839342, 40.125745 ], [ 30.845147, 40.11422 ], [ 30.84671, 40.10978 ], [ 30.84805, 40.10551 ], [ 30.84688, 40.103315 ], [ 30.843439, 40.102287 ], [ 30.842606, 40.101938 ], [ 30.842502, 40.101867 ], [ 30.842046, 40.101263 ], [ 30.842225, 40.100242 ], [ 30.84241, 40.099991 ], [ 30.84234, 40.099971 ], [ 30.842291, 40.099933 ], [ 30.841455, 40.099374 ], [ 30.841415, 40.099344 ], [ 30.841331, 40.099286 ], [ 30.839322, 40.097953 ], [ 30.838987, 40.097727 ], [ 30.838957, 40.097695 ], [ 30.838768, 40.097548 ], [ 30.838425, 40.097329 ], [ 30.838067, 40.097113 ], [ 30.838126, 40.097018 ], [ 30.837781, 40.096789 ], [ 30.838007, 40.096535 ], [ 30.837743, 40.096467 ], [ 30.837177, 40.095894 ], [ 30.83695, 40.0958 ], [ 30.836966, 40.09576 ], [ 30.836986, 40.095718 ], [ 30.837092, 40.095654 ], [ 30.837167, 40.095594 ], [ 30.837339, 40.095467 ], [ 30.837506, 40.095375 ], [ 30.837903, 40.095164 ], [ 30.83894, 40.094767 ], [ 30.839316, 40.094657 ], [ 30.83953, 40.094502 ], [ 30.839874, 40.094382 ], [ 30.839992, 40.094265 ], [ 30.840248, 40.094044 ], [ 30.840452, 40.093952 ], [ 30.840654, 40.09381 ], [ 30.840853, 40.093675 ], [ 30.84104, 40.093521 ], [ 30.841302, 40.093339 ], [ 30.841382, 40.093297 ], [ 30.841758, 40.093145 ], [ 30.841888, 40.093077 ], [ 30.842118, 40.092891 ], [ 30.842159, 40.092869 ], [ 30.842914, 40.092161 ], [ 30.843303, 40.09178 ], [ 30.843576, 40.091357 ], [ 30.843749, 40.091061 ], [ 30.843967, 40.090705 ], [ 30.84421, 40.090376 ], [ 30.844238, 40.090326 ], [ 30.844251, 40.090294 ], [ 30.844331, 40.09016 ], [ 30.844339, 40.090142 ], [ 30.844399, 40.090039 ], [ 30.84466, 40.089717 ], [ 30.845085, 40.089138 ], [ 30.845152, 40.089073 ], [ 30.845383, 40.088575 ], [ 30.845514, 40.088473 ], [ 30.845598, 40.088344 ], [ 30.84572, 40.08821 ], [ 30.846025, 40.087984 ], [ 30.846483, 40.087182 ], [ 30.846576, 40.086862 ], [ 30.846585, 40.086845 ], [ 30.846574, 40.086735 ], [ 30.846599, 40.086531 ], [ 30.846607, 40.08624 ], [ 30.846887, 40.085985 ], [ 30.846632, 40.085878 ], [ 30.846844, 40.085419 ], [ 30.846864, 40.085398 ], [ 30.847692, 40.08462 ], [ 30.850536, 40.075005 ], [ 30.850672, 40.074567 ], [ 30.850727, 40.073929 ], [ 30.850732, 40.073784 ], [ 30.851316, 40.072669 ], [ 30.851593, 40.072108 ], [ 30.851732, 40.071908 ], [ 30.851782, 40.071926 ], [ 30.85188, 40.071627 ], [ 30.852014, 40.071471 ], [ 30.852124, 40.071277 ], [ 30.852238, 40.071093 ], [ 30.852413, 40.070846 ], [ 30.85267, 40.070539 ], [ 30.852875, 40.070329 ], [ 30.852975, 40.070149 ], [ 30.853151, 40.069955 ], [ 30.853207, 40.0699 ], [ 30.853318, 40.069666 ], [ 30.853485, 40.069552 ], [ 30.853753, 40.069051 ], [ 30.853864, 40.068881 ], [ 30.853943, 40.068718 ], [ 30.853952, 40.068502 ], [ 30.854023, 40.068286 ], [ 30.854146, 40.06793 ], [ 30.854291, 40.067639 ], [ 30.854315, 40.067613 ], [ 30.854412, 40.067308 ], [ 30.85466, 40.066965 ], [ 30.854672, 40.066923 ], [ 30.85467, 40.06655 ], [ 30.85471, 40.066407 ], [ 30.854797, 40.066093 ], [ 30.854901, 40.065498 ], [ 30.855264, 40.064966 ], [ 30.855186, 40.064945 ], [ 30.855037, 40.064892 ], [ 30.855103, 40.064532 ], [ 30.855236, 40.064528 ], [ 30.855381, 40.063698 ], [ 30.855392, 40.063634 ], [ 30.855498, 40.063647 ], [ 30.858908, 40.062165 ], [ 30.862933, 40.061765 ], [ 30.865095, 40.061423 ], [ 30.870314, 40.059711 ], [ 30.872476, 40.058969 ], [ 30.874489, 40.056858 ], [ 30.876427, 40.055089 ], [ 30.878142, 40.053206 ], [ 30.881721, 40.050467 ], [ 30.884926, 40.049154 ], [ 30.887237, 40.04904 ], [ 30.891412, 40.049382 ], [ 30.895214, 40.051037 ], [ 30.897078, 40.052749 ], [ 30.898197, 40.052806 ], [ 30.902607, 40.048136 ], [ 30.904584, 40.045658 ], [ 30.906683, 40.043704 ], [ 30.909234, 40.041998 ], [ 30.910711, 40.040497 ], [ 30.913802, 40.039052 ], [ 30.914353, 40.038529 ], [ 30.915465, 40.038294 ], [ 30.916875, 40.038419 ], [ 30.917791, 40.038908 ], [ 30.919177, 40.039348 ], [ 30.920937, 40.039356 ], [ 30.92199, 40.039077 ], [ 30.922638, 40.039207 ], [ 30.924308, 40.039059 ], [ 30.9265, 40.038342 ], [ 30.929923, 40.037421 ], [ 30.931295, 40.036746 ], [ 30.931281, 40.036248 ], [ 30.931392, 40.035671 ], [ 30.93148, 40.035386 ], [ 30.931498, 40.035326 ], [ 30.931633, 40.034895 ], [ 30.931703, 40.034765 ], [ 30.931712, 40.034708 ], [ 30.931876, 40.034412 ], [ 30.932103, 40.03395 ], [ 30.93217, 40.033809 ], [ 30.932254, 40.033691 ], [ 30.932531, 40.033563 ], [ 30.932749, 40.033426 ], [ 30.93284, 40.03341 ], [ 30.93293, 40.033369 ], [ 30.933006, 40.033218 ], [ 30.933395, 40.032976 ], [ 30.933469, 40.032915 ], [ 30.933227, 40.032695 ], [ 30.934198, 40.032075 ], [ 30.934515, 40.031847 ], [ 30.935363, 40.031196 ], [ 30.935931, 40.030902 ], [ 30.936463, 40.030782 ], [ 30.936973, 40.030668 ], [ 30.93736, 40.030637 ], [ 30.937618, 40.030613 ], [ 30.937738, 40.030617 ], [ 30.938188, 40.030634 ], [ 30.938504, 40.030649 ], [ 30.938941, 40.030667 ], [ 30.939214, 40.030739 ], [ 30.939573, 40.030884 ], [ 30.939947, 40.030964 ], [ 30.940098, 40.030996 ], [ 30.940302, 40.031087 ], [ 30.940351, 40.031096 ], [ 30.94044, 40.031138 ], [ 30.940522, 40.031193 ], [ 30.9406, 40.031216 ], [ 30.940743, 40.031278 ], [ 30.94093, 40.031343 ], [ 30.941008, 40.031383 ], [ 30.941195, 40.03148 ], [ 30.941265, 40.031531 ], [ 30.94131, 40.031556 ], [ 30.941456, 40.031619 ], [ 30.941845, 40.031745 ], [ 30.942207, 40.031875 ], [ 30.942384, 40.031992 ], [ 30.942478, 40.032067 ], [ 30.942507, 40.032115 ], [ 30.942625, 40.032216 ], [ 30.942787, 40.032322 ], [ 30.943038, 40.032498 ], [ 30.943241, 40.032653 ], [ 30.943405, 40.032833 ], [ 30.944309, 40.032483 ], [ 30.945688, 40.032559 ], [ 30.946794, 40.032799 ], [ 30.947106, 40.033071 ], [ 30.947754, 40.033016 ], [ 30.94866, 40.033069 ], [ 30.949683, 40.033461 ], [ 30.950351, 40.03378 ], [ 30.950504, 40.034148 ], [ 30.950555, 40.034407 ], [ 30.950832, 40.034583 ], [ 30.953363, 40.035357 ], [ 30.955578, 40.035773 ], [ 30.958436, 40.035099 ], [ 30.961245, 40.034244 ], [ 30.963231, 40.033637 ], [ 30.965769, 40.032301 ], [ 30.968078, 40.031845 ], [ 30.969445, 40.031976 ], [ 30.97124, 40.032223 ], [ 30.972316, 40.032515 ], [ 30.973664, 40.032492 ], [ 30.974865, 40.032403 ], [ 30.976359, 40.032245 ], [ 30.977824, 40.032223 ], [ 30.978849, 40.032403 ], [ 30.979553, 40.032896 ], [ 30.980549, 40.033255 ], [ 30.98175, 40.033277 ], [ 30.9826, 40.033098 ], [ 30.98383, 40.032313 ], [ 30.985676, 40.031617 ], [ 30.988459, 40.031595 ], [ 30.991594, 40.031595 ], [ 30.99385, 40.03155 ], [ 30.995843, 40.031528 ], [ 30.995939, 40.031545 ], [ 30.997893, 40.031887 ], [ 30.999388, 40.032111 ], [ 31.000765, 40.031954 ], [ 31.002171, 40.03173 ], [ 31.002757, 40.030967 ], [ 31.003402, 40.029531 ], [ 31.003374, 40.027918 ], [ 31.00371, 40.026891 ], [ 31.004231, 40.025893 ], [ 31.005497, 40.025608 ], [ 31.006428, 40.025808 ], [ 31.008066, 40.026521 ], [ 31.011044, 40.027205 ], [ 31.013651, 40.027547 ], [ 31.015103, 40.027633 ], [ 31.016294, 40.028032 ], [ 31.016965, 40.028602 ], [ 31.017188, 40.029942 ], [ 31.017262, 40.031652 ], [ 31.016704, 40.032394 ], [ 31.015512, 40.034247 ], [ 31.014991, 40.035957 ], [ 31.016332, 40.038523 ], [ 31.02173, 40.043568 ], [ 31.030741, 40.048129 ], [ 31.037764, 40.051888 ], [ 31.041504, 40.052684 ], [ 31.053563, 40.054453 ], [ 31.067313, 40.052686 ], [ 31.071627, 40.050387 ], [ 31.076823, 40.050401 ], [ 31.085442, 40.052828 ], [ 31.092026, 40.05799 ], [ 31.094558, 40.058104 ], [ 31.095601, 40.055368 ], [ 31.09709, 40.054 ], [ 31.099324, 40.054 ], [ 31.101856, 40.05514 ], [ 31.104388, 40.057306 ], [ 31.106026, 40.060041 ], [ 31.110047, 40.064601 ], [ 31.113862, 40.070758 ], [ 31.114571, 40.071389 ], [ 31.115161, 40.071704 ], [ 31.115984, 40.072534 ], [ 31.116807, 40.073184 ], [ 31.117182, 40.073637 ], [ 31.117365, 40.073923 ], [ 31.117379, 40.074058 ], [ 31.117278, 40.074109 ], [ 31.117157, 40.07421 ], [ 31.117113, 40.074381 ], [ 31.11716, 40.074508 ], [ 31.117406, 40.074827 ], [ 31.117628, 40.075264 ], [ 31.117821, 40.075549 ], [ 31.118927, 40.072259 ], [ 31.119004, 40.07203 ], [ 31.119212, 40.071661 ], [ 31.119817, 40.070589 ], [ 31.121194, 40.068252 ], [ 31.123879, 40.067343 ], [ 31.12441, 40.067163 ], [ 31.125205, 40.066968 ], [ 31.125659, 40.066953 ], [ 31.1264, 40.067088 ], [ 31.127154, 40.067278 ], [ 31.127648, 40.067399 ], [ 31.127889, 40.067458 ], [ 31.128541, 40.067467 ], [ 31.129123, 40.067198 ], [ 31.129496, 40.067017 ], [ 31.130225, 40.066853 ], [ 31.131278, 40.066772 ], [ 31.13201, 40.066765 ], [ 31.133071, 40.066785 ], [ 31.133825, 40.06695 ], [ 31.134275, 40.067047 ], [ 31.134554, 40.067165 ], [ 31.135458, 40.067243 ], [ 31.136347, 40.067204 ], [ 31.137097, 40.067105 ], [ 31.138215, 40.066973 ], [ 31.138819, 40.066835 ], [ 31.139801, 40.0668 ], [ 31.140877, 40.066906 ], [ 31.141418, 40.066966 ], [ 31.142224, 40.067085 ], [ 31.143024, 40.067244 ], [ 31.144035, 40.067376 ], [ 31.144498, 40.067473 ], [ 31.14476, 40.067436 ], [ 31.145116, 40.067386 ], [ 31.145515, 40.067194 ], [ 31.145563, 40.067156 ], [ 31.146562, 40.066374 ], [ 31.147364, 40.065839 ], [ 31.147694, 40.065288 ], [ 31.149057, 40.063011 ], [ 31.149728, 40.061415 ], [ 31.154728, 40.057492 ], [ 31.154814, 40.057424 ], [ 31.15836, 40.054641 ], [ 31.16011, 40.053267 ], [ 31.161094, 40.051847 ], [ 31.16384, 40.051648 ], [ 31.172688, 40.049584 ], [ 31.17931, 40.048597 ], [ 31.1864, 40.047745 ], [ 31.191322, 40.047745 ], [ 31.195775, 40.048283 ], [ 31.198938, 40.048806 ], [ 31.199783, 40.048517 ], [ 31.201108, 40.048076 ], [ 31.201356, 40.048073 ], [ 31.201706, 40.048154 ], [ 31.20195, 40.048442 ], [ 31.202452, 40.049262 ], [ 31.202936, 40.050228 ], [ 31.203689, 40.051206 ], [ 31.204112, 40.051461 ], [ 31.204772, 40.051661 ], [ 31.205315, 40.052007 ], [ 31.205436, 40.052128 ], [ 31.205274, 40.052489 ], [ 31.205524, 40.05429 ], [ 31.205606, 40.054412 ], [ 31.20615, 40.054796 ], [ 31.207044, 40.055306 ], [ 31.207815, 40.055612 ], [ 31.20931, 40.056338 ], [ 31.21003, 40.056537 ], [ 31.210468, 40.056563 ], [ 31.211848, 40.056403 ], [ 31.213367, 40.056226 ], [ 31.214146, 40.056402 ], [ 31.214418, 40.056567 ], [ 31.231203, 40.060326 ], [ 31.233884, 40.061352 ], [ 31.239707, 40.061758 ], [ 31.241042, 40.061851 ], [ 31.256687, 40.06248 ], [ 31.264299, 40.063622 ], [ 31.267851, 40.064007 ], [ 31.269919, 40.063861 ], [ 31.271164, 40.063508 ], [ 31.273588, 40.062978 ], [ 31.276268, 40.061541 ], [ 31.278146, 40.06051 ], [ 31.279575, 40.059947 ], [ 31.279811, 40.059648 ], [ 31.287283, 40.059139 ], [ 31.290193, 40.059939 ], [ 31.293476, 40.060567 ], [ 31.294745, 40.061195 ], [ 31.296163, 40.062052 ], [ 31.299446, 40.062394 ], [ 31.302655, 40.061195 ], [ 31.304165, 40.060136 ], [ 31.310862, 40.058716 ], [ 31.312388, 40.058977 ], [ 31.314744, 40.05938 ], [ 31.321907, 40.056426 ], [ 31.324594, 40.055169 ], [ 31.328773, 40.053684 ], [ 31.329967, 40.052085 ], [ 31.33131, 40.050486 ], [ 31.332952, 40.049572 ], [ 31.33534, 40.048429 ], [ 31.338772, 40.047401 ], [ 31.340525, 40.047173 ], [ 31.341272, 40.047229 ], [ 31.341682, 40.047745 ], [ 31.342444, 40.048373 ], [ 31.343352, 40.049248 ], [ 31.344729, 40.050033 ], [ 31.34552, 40.050526 ], [ 31.34634, 40.051177 ], [ 31.347688, 40.051423 ], [ 31.350178, 40.051782 ], [ 31.352815, 40.052388 ], [ 31.355921, 40.053217 ], [ 31.358997, 40.053711 ], [ 31.361634, 40.054783 ], [ 31.36181, 40.054855 ], [ 31.362835, 40.055124 ], [ 31.368871, 40.057299 ], [ 31.373617, 40.058824 ], [ 31.37725, 40.060438 ], [ 31.379799, 40.062053 ], [ 31.381323, 40.06295 ], [ 31.383139, 40.063084 ], [ 31.385161, 40.062703 ], [ 31.386626, 40.062569 ], [ 31.388589, 40.062793 ], [ 31.390698, 40.063533 ], [ 31.392749, 40.063936 ], [ 31.393159, 40.063757 ], [ 31.393863, 40.062815 ], [ 31.393993, 40.062673 ], [ 31.394478, 40.062143 ], [ 31.395679, 40.060954 ], [ 31.397876, 40.060147 ], [ 31.400279, 40.059003 ], [ 31.402799, 40.058487 ], [ 31.405289, 40.058443 ], [ 31.406842, 40.058174 ], [ 31.407838, 40.057635 ], [ 31.408805, 40.05703 ], [ 31.410152, 40.054742 ], [ 31.411031, 40.053352 ], [ 31.413642, 40.052435 ], [ 31.413857, 40.051972 ], [ 31.414485, 40.051603 ], [ 31.415846, 40.05121 ], [ 31.41656, 40.050937 ], [ 31.417346, 40.050758 ], [ 31.419543, 40.05045 ], [ 31.420804, 40.050408 ], [ 31.421317, 40.050391 ], [ 31.421707, 40.050305 ], [ 31.422321, 40.050151 ], [ 31.423157, 40.049836 ], [ 31.424384, 40.048785 ], [ 31.424998, 40.048461 ], [ 31.425559, 40.048278 ], [ 31.425844, 40.047965 ], [ 31.426459, 40.047494 ], [ 31.426623, 40.047041 ], [ 31.427237, 40.046474 ], [ 31.427676, 40.045856 ], [ 31.427181, 40.045521 ], [ 31.427173, 40.045501 ], [ 31.425999, 40.044618 ], [ 31.425089, 40.043867 ], [ 31.422452, 40.042194 ], [ 31.422062, 40.041801 ], [ 31.421867, 40.041294 ], [ 31.419513, 40.040602 ], [ 31.419458, 40.040603 ], [ 31.417314, 40.040043 ], [ 31.417258, 40.040043 ], [ 31.415917, 40.040144 ], [ 31.414303, 40.040334 ], [ 31.41041, 40.040831 ], [ 31.407052, 40.041688 ], [ 31.403843, 40.041117 ], [ 31.402425, 40.039974 ], [ 31.401455, 40.038832 ], [ 31.397425, 40.038317 ], [ 31.394441, 40.037975 ], [ 31.392426, 40.03746 ], [ 31.390336, 40.036832 ], [ 31.388844, 40.036146 ], [ 31.388247, 40.034718 ], [ 31.388545, 40.033175 ], [ 31.390411, 40.031461 ], [ 31.392724, 40.030147 ], [ 31.395485, 40.028947 ], [ 31.396455, 40.027919 ], [ 31.396754, 40.026262 ], [ 31.398619, 40.02169 ], [ 31.399664, 40.019061 ], [ 31.400634, 40.018147 ], [ 31.403097, 40.017518 ], [ 31.405634, 40.018661 ], [ 31.408022, 40.02089 ], [ 31.410484, 40.022833 ], [ 31.411828, 40.02409 ], [ 31.415335, 40.024319 ], [ 31.417499, 40.023633 ], [ 31.420335, 40.02249 ], [ 31.421902, 40.021119 ], [ 31.423767, 40.020661 ], [ 31.428245, 40.020547 ], [ 31.431155, 40.021747 ], [ 31.434364, 40.022147 ], [ 31.437945, 40.022776 ], [ 31.440259, 40.023576 ], [ 31.442124, 40.026033 ], [ 31.444139, 40.027633 ], [ 31.448766, 40.028833 ], [ 31.454959, 40.030033 ], [ 31.457049, 40.032318 ], [ 31.457273, 40.035175 ], [ 31.4569, 40.03866 ], [ 31.458094, 40.04066 ], [ 31.458914, 40.042831 ], [ 31.461601, 40.045801 ], [ 31.468317, 40.04523 ], [ 31.469959, 40.042831 ], [ 31.471899, 40.040203 ], [ 31.474884, 40.037575 ], [ 31.481749, 40.034147 ], [ 31.485778, 40.031404 ], [ 31.489659, 40.02809 ], [ 31.493539, 40.024433 ], [ 31.497867, 40.022833 ], [ 31.504583, 40.021004 ], [ 31.50921, 40.02089 ], [ 31.515031, 40.022033 ], [ 31.51759, 40.027311 ], [ 31.517651, 40.027565 ], [ 31.518018, 40.027848 ], [ 31.518709, 40.028201 ], [ 31.519359, 40.029461 ], [ 31.524731, 40.03449 ], [ 31.532791, 40.036889 ], [ 31.551894, 40.037003 ], [ 31.56264, 40.035518 ], [ 31.574281, 40.032318 ], [ 31.585325, 40.027976 ], [ 31.597563, 40.025462 ], [ 31.604225, 40.023209 ], [ 31.611549, 40.023498 ], [ 31.620751, 40.025375 ], [ 31.631268, 40.026385 ], [ 31.641222, 40.03115 ], [ 31.651551, 40.036924 ], [ 31.656058, 40.041688 ], [ 31.659439, 40.045729 ], [ 31.662068, 40.049915 ], [ 31.666951, 40.051936 ], [ 31.671646, 40.050348 ], [ 31.671834, 40.045585 ], [ 31.668453, 40.040244 ], [ 31.664885, 40.035192 ], [ 31.665824, 40.029995 ], [ 31.665824, 40.026097 ], [ 31.665073, 40.022776 ], [ 31.664885, 40.02061 ], [ 31.66408, 40.016521 ], [ 31.664438, 40.015511 ], [ 31.664022, 40.014619 ], [ 31.662189, 40.014501 ], [ 31.659981, 40.014086 ], [ 31.659288, 40.012206 ], [ 31.66004, 40.011266 ], [ 31.660684, 40.010655 ], [ 31.660982, 40.01045 ], [ 31.661484, 40.010051 ], [ 31.661623, 40.00982 ], [ 31.661653, 40.009613 ], [ 31.661696, 40.008559 ], [ 31.662505, 40.008163 ], [ 31.663608, 40.007801 ], [ 31.665265, 40.007322 ], [ 31.6659, 40.007228 ], [ 31.667653, 40.008462 ], [ 31.669664, 40.010009 ], [ 31.67073, 40.01014 ], [ 31.673614, 40.009968 ], [ 31.677802, 40.009705 ], [ 31.678872, 40.00947 ], [ 31.678564, 40.007805 ], [ 31.680471, 40.008123 ], [ 31.682951, 40.009501 ], [ 31.685468, 40.010288 ], [ 31.690244, 40.013832 ], [ 31.697408, 40.018976 ], [ 31.709497, 40.024804 ], [ 31.713819, 40.016369 ], [ 31.722947, 40.013285 ], [ 31.723092, 40.012149 ], [ 31.722621, 40.011035 ], [ 31.720138, 40.009625 ], [ 31.717698, 40.008444 ], [ 31.712904, 40.005821 ], [ 31.71025, 40.003756 ], [ 31.705555, 40.000427 ], [ 31.702917, 39.999601 ], [ 31.698664, 39.99827 ], [ 31.696866, 39.996305 ], [ 31.695275, 39.994069 ], [ 31.694571, 39.99308 ], [ 31.694295, 39.992285 ], [ 31.693906, 39.990022 ], [ 31.693986, 39.989217 ], [ 31.694882, 39.987635 ], [ 31.69829, 39.981615 ], [ 31.698532, 39.980147 ], [ 31.698817, 39.978279 ], [ 31.699249, 39.977056 ], [ 31.702925, 39.975947 ], [ 31.705, 39.971656 ], [ 31.709238, 39.970066 ], [ 31.709721, 39.969882 ], [ 31.712772, 39.969693 ], [ 31.714293, 39.9692 ], [ 31.71539, 39.96868 ], [ 31.715686, 39.96848 ], [ 31.71624, 39.967685 ], [ 31.7177, 39.966482 ], [ 31.718442, 39.966497 ], [ 31.718958, 39.966781 ], [ 31.720415, 39.966137 ], [ 31.721575, 39.965756 ], [ 31.722128, 39.965567 ], [ 31.723774, 39.965874 ], [ 31.726334, 39.966818 ], [ 31.727945, 39.96775 ], [ 31.729022, 39.968029 ], [ 31.73097, 39.96865 ], [ 31.731934, 39.968569 ], [ 31.733057, 39.968619 ], [ 31.736761, 39.968417 ], [ 31.738036, 39.967668 ], [ 31.738934, 39.967236 ], [ 31.739696, 39.966237 ], [ 31.74057, 39.963993 ], [ 31.74077, 39.962891 ], [ 31.740475, 39.959744 ], [ 31.740419, 39.959141 ], [ 31.74041, 39.957956 ], [ 31.740399, 39.956414 ], [ 31.74044, 39.955203 ], [ 31.740726, 39.953794 ], [ 31.741142, 39.952852 ], [ 31.741166, 39.952797 ], [ 31.740708, 39.951648 ], [ 31.740012, 39.950997 ], [ 31.739295, 39.950792 ], [ 31.738643, 39.950605 ], [ 31.738335, 39.95045 ], [ 31.738283, 39.949842 ], [ 31.738266, 39.949612 ], [ 31.738338, 39.949141 ], [ 31.738557, 39.948363 ], [ 31.73861, 39.948014 ], [ 31.739011, 39.946802 ], [ 31.739653, 39.946074 ], [ 31.739916, 39.945107 ], [ 31.740175, 39.944539 ], [ 31.739668, 39.943828 ], [ 31.739272, 39.943431 ], [ 31.739173, 39.942843 ], [ 31.738149, 39.941678 ], [ 31.73771, 39.940422 ], [ 31.737955, 39.938982 ], [ 31.738416, 39.938776 ], [ 31.738914, 39.938715 ], [ 31.739125, 39.937517 ], [ 31.739006, 39.936575 ], [ 31.738815, 39.936148 ], [ 31.738712, 39.935649 ], [ 31.738781, 39.93524 ], [ 31.739092, 39.934928 ], [ 31.739745, 39.934273 ], [ 31.739918, 39.934041 ], [ 31.740139, 39.933746 ], [ 31.740646, 39.933355 ], [ 31.741503, 39.932841 ], [ 31.74188, 39.932751 ], [ 31.742319, 39.932386 ], [ 31.742347, 39.932133 ], [ 31.742362, 39.932111 ], [ 31.742496, 39.931918 ], [ 31.74273, 39.93167 ], [ 31.742997, 39.931385 ], [ 31.743373, 39.931136 ], [ 31.743894, 39.931019 ], [ 31.744675, 39.930662 ], [ 31.745359, 39.930414 ], [ 31.745955, 39.930316 ], [ 31.746149, 39.930249 ], [ 31.746862, 39.930001 ], [ 31.747718, 39.929618 ], [ 31.74844, 39.929354 ], [ 31.749237, 39.928927 ], [ 31.74934, 39.928327 ], [ 31.74935, 39.928272 ], [ 31.749582, 39.927969 ], [ 31.749784, 39.926727 ], [ 31.750065, 39.926054 ], [ 31.750848, 39.925603 ], [ 31.751714, 39.925475 ], [ 31.752707, 39.925498 ], [ 31.753795, 39.92531 ], [ 31.75423, 39.924825 ], [ 31.754691, 39.924258 ], [ 31.754582, 39.923959 ], [ 31.754505, 39.923749 ], [ 31.754349, 39.923516 ], [ 31.754382, 39.923031 ], [ 31.754262, 39.922846 ], [ 31.754149, 39.922814 ], [ 31.754008, 39.922426 ], [ 31.754597, 39.922156 ], [ 31.754485, 39.921293 ], [ 31.754915, 39.920859 ], [ 31.755549, 39.920365 ], [ 31.756225, 39.920943 ], [ 31.756606, 39.92093 ], [ 31.756829, 39.920899 ], [ 31.757072, 39.920853 ], [ 31.757163, 39.920844 ], [ 31.757658, 39.920864 ], [ 31.757785, 39.920828 ], [ 31.758004, 39.920754 ], [ 31.758278, 39.920698 ], [ 31.758392, 39.920593 ], [ 31.758701, 39.920366 ], [ 31.758857, 39.920272 ], [ 31.759113, 39.920069 ], [ 31.759222, 39.919945 ], [ 31.759326, 39.919872 ], [ 31.759564, 39.9198 ], [ 31.759603, 39.919707 ], [ 31.75966, 39.919626 ], [ 31.75982, 39.919479 ], [ 31.760008, 39.919302 ], [ 31.760254, 39.91903 ], [ 31.760308, 39.918906 ], [ 31.760368, 39.918895 ], [ 31.760484, 39.918885 ], [ 31.760595, 39.918826 ], [ 31.760689, 39.918738 ], [ 31.760756, 39.918614 ], [ 31.760808, 39.918476 ], [ 31.760889, 39.918388 ], [ 31.761035, 39.918123 ], [ 31.761073, 39.918082 ], [ 31.761289, 39.917996 ], [ 31.761397, 39.917929 ], [ 31.761475, 39.917864 ], [ 31.761563, 39.917722 ], [ 31.761646, 39.917524 ], [ 31.761675, 39.917275 ], [ 31.761733, 39.917158 ], [ 31.761821, 39.917034 ], [ 31.761905, 39.916951 ], [ 31.762015, 39.916871 ], [ 31.762174, 39.9167 ], [ 31.762344, 39.916486 ], [ 31.762558, 39.916306 ], [ 31.762753, 39.916151 ], [ 31.762944, 39.916004 ], [ 31.763112, 39.915911 ], [ 31.763361, 39.915755 ], [ 31.763619, 39.915713 ], [ 31.764025, 39.91554 ], [ 31.764226, 39.91541 ], [ 31.76436, 39.915289 ], [ 31.76451, 39.915106 ], [ 31.76457, 39.914979 ], [ 31.764593, 39.914808 ], [ 31.764627, 39.914643 ], [ 31.764673, 39.914584 ], [ 31.764772, 39.914509 ], [ 31.764835, 39.914382 ], [ 31.764911, 39.91419 ], [ 31.764994, 39.914051 ], [ 31.76505, 39.913987 ], [ 31.765099, 39.913892 ], [ 31.765166, 39.913823 ], [ 31.765359, 39.91371 ], [ 31.765698, 39.913572 ], [ 31.765956, 39.913467 ], [ 31.766273, 39.913388 ], [ 31.766388, 39.913368 ], [ 31.766454, 39.913319 ], [ 31.766515, 39.913159 ], [ 31.766597, 39.913019 ], [ 31.766652, 39.912759 ], [ 31.766703, 39.912641 ], [ 31.766712, 39.91253 ], [ 31.766644, 39.912422 ], [ 31.766526, 39.912275 ], [ 31.76653, 39.912168 ], [ 31.766396, 39.911941 ], [ 31.766365, 39.911842 ], [ 31.766367, 39.911726 ], [ 31.766389, 39.911631 ], [ 31.766461, 39.911493 ], [ 31.766581, 39.911334 ], [ 31.766698, 39.911197 ], [ 31.766792, 39.911032 ], [ 31.766894, 39.910904 ], [ 31.766992, 39.910682 ], [ 31.767088, 39.910478 ], [ 31.767166, 39.910289 ], [ 31.767289, 39.910109 ], [ 31.767401, 39.910027 ], [ 31.767488, 39.909974 ], [ 31.767533, 39.909924 ], [ 31.767726, 39.909869 ], [ 31.767785, 39.909826 ], [ 31.767827, 39.909755 ], [ 31.76794, 39.909677 ], [ 31.768008, 39.909594 ], [ 31.768113, 39.909403 ], [ 31.768171, 39.909318 ], [ 31.768185, 39.909209 ], [ 31.768138, 39.909055 ], [ 31.768166, 39.909002 ], [ 31.768231, 39.908943 ], [ 31.768247, 39.908893 ], [ 31.768212, 39.908806 ], [ 31.768165, 39.908702 ], [ 31.768129, 39.908493 ], [ 31.768146, 39.908339 ], [ 31.768108, 39.908229 ], [ 31.768041, 39.908057 ], [ 31.767925, 39.907994 ], [ 31.76789, 39.907872 ], [ 31.76787, 39.907744 ], [ 31.767829, 39.907671 ], [ 31.767599, 39.907664 ], [ 31.767338, 39.907538 ], [ 31.767077, 39.907384 ], [ 31.766965, 39.907311 ], [ 31.766879, 39.907291 ], [ 31.766795, 39.907227 ], [ 31.766691, 39.907131 ], [ 31.76661, 39.907012 ], [ 31.766495, 39.906782 ], [ 31.76638, 39.906669 ], [ 31.766301, 39.90634 ], [ 31.766263, 39.906155 ], [ 31.766273, 39.905881 ], [ 31.766233, 39.905794 ], [ 31.766232, 39.905654 ], [ 31.766318, 39.905561 ], [ 31.766393, 39.905428 ], [ 31.766604, 39.90515 ], [ 31.766801, 39.904965 ], [ 31.767069, 39.90473 ], [ 31.767403, 39.904496 ], [ 31.767569, 39.904388 ], [ 31.767743, 39.904303 ], [ 31.76786, 39.904212 ], [ 31.76796, 39.904111 ], [ 31.768129, 39.90403 ], [ 31.768236, 39.903945 ], [ 31.768366, 39.903885 ], [ 31.768539, 39.90375 ], [ 31.768906, 39.903586 ], [ 31.769268, 39.903387 ], [ 31.769386, 39.903285 ], [ 31.769453, 39.903198 ], [ 31.769525, 39.903143 ], [ 31.769613, 39.902922 ], [ 31.769674, 39.902773 ], [ 31.769734, 39.902567 ], [ 31.769802, 39.902508 ], [ 31.769916, 39.902441 ], [ 31.769982, 39.902389 ], [ 31.770137, 39.902355 ], [ 31.770175, 39.902316 ], [ 31.770276, 39.902299 ], [ 31.770333, 39.902253 ], [ 31.770327, 39.902191 ], [ 31.770279, 39.902029 ], [ 31.770297, 39.901894 ], [ 31.770291, 39.901792 ], [ 31.770244, 39.901673 ], [ 31.770191, 39.901398 ], [ 31.770155, 39.901312 ], [ 31.77005, 39.901218 ], [ 31.76992, 39.901083 ], [ 31.769754, 39.900966 ], [ 31.769689, 39.900896 ], [ 31.769633, 39.900774 ], [ 31.769643, 39.900656 ], [ 31.769471, 39.900501 ], [ 31.769368, 39.900351 ], [ 31.769356, 39.900273 ], [ 31.769416, 39.900182 ], [ 31.769468, 39.900075 ], [ 31.769607, 39.899924 ], [ 31.769858, 39.899744 ], [ 31.77011, 39.899595 ], [ 31.770413, 39.899409 ], [ 31.770618, 39.899322 ], [ 31.771071, 39.899217 ], [ 31.771438, 39.899116 ], [ 31.771787, 39.898998 ], [ 31.771869, 39.898974 ], [ 31.772028, 39.898943 ], [ 31.772316, 39.898866 ], [ 31.772519, 39.898823 ], [ 31.772673, 39.898809 ], [ 31.7728, 39.898761 ], [ 31.772927, 39.898711 ], [ 31.773039, 39.898666 ], [ 31.773167, 39.898625 ], [ 31.773289, 39.898592 ], [ 31.773476, 39.898512 ], [ 31.773563, 39.89848 ], [ 31.773858, 39.898421 ], [ 31.773875, 39.898416 ], [ 31.774043, 39.898364 ], [ 31.77426, 39.898317 ], [ 31.774525, 39.898198 ], [ 31.774589, 39.898107 ], [ 31.774643, 39.897969 ], [ 31.77471, 39.89783 ], [ 31.774747, 39.897594 ], [ 31.774739, 39.897207 ], [ 31.774701, 39.896856 ], [ 31.774762, 39.896555 ], [ 31.774979, 39.896158 ], [ 31.775165, 39.895904 ], [ 31.775398, 39.895721 ], [ 31.775562, 39.895592 ], [ 31.775723, 39.89542 ], [ 31.775868, 39.895309 ], [ 31.776158, 39.895105 ], [ 31.776177, 39.895094 ], [ 31.776328, 39.89501 ], [ 31.776406, 39.894876 ], [ 31.776562, 39.894842 ], [ 31.776707, 39.894836 ], [ 31.77678, 39.894771 ], [ 31.776967, 39.894481 ], [ 31.777041, 39.894383 ], [ 31.777181, 39.894313 ], [ 31.777201, 39.894268 ], [ 31.777309, 39.894292 ], [ 31.777644, 39.894217 ], [ 31.777833, 39.894153 ], [ 31.77807, 39.894168 ], [ 31.778141, 39.894232 ], [ 31.778133, 39.894306 ], [ 31.778194, 39.894348 ], [ 31.778249, 39.894357 ], [ 31.778283, 39.894391 ], [ 31.77843, 39.894449 ], [ 31.778659, 39.894465 ], [ 31.778831, 39.894458 ], [ 31.779247, 39.89444 ], [ 31.779517, 39.894483 ], [ 31.779791, 39.894527 ], [ 31.780289, 39.894553 ], [ 31.780573, 39.894676 ], [ 31.780942, 39.894516 ], [ 31.781188, 39.894314 ], [ 31.781233, 39.894221 ], [ 31.781351, 39.894032 ], [ 31.781431, 39.893506 ], [ 31.781538, 39.893391 ], [ 31.781578, 39.893206 ], [ 31.781649, 39.893106 ], [ 31.781724, 39.892978 ], [ 31.78186, 39.892795 ], [ 31.781919, 39.892707 ], [ 31.78211, 39.892651 ], [ 31.782359, 39.892409 ], [ 31.782613, 39.892258 ], [ 31.782824, 39.892011 ], [ 31.782917, 39.891901 ], [ 31.782963, 39.891787 ], [ 31.783049, 39.891723 ], [ 31.783129, 39.891565 ], [ 31.783379, 39.891422 ], [ 31.783544, 39.891279 ], [ 31.783579, 39.891176 ], [ 31.783732, 39.890962 ], [ 31.783793, 39.890791 ], [ 31.783918, 39.890633 ], [ 31.784028, 39.890397 ], [ 31.784206, 39.890094 ], [ 31.784192, 39.889964 ], [ 31.78426, 39.889772 ], [ 31.784395, 39.889557 ], [ 31.784458, 39.889481 ], [ 31.784462, 39.889308 ], [ 31.784544, 39.889171 ], [ 31.784565, 39.889001 ], [ 31.784677, 39.88887 ], [ 31.78475, 39.88876 ], [ 31.784889, 39.88862 ], [ 31.785033, 39.888527 ], [ 31.785484, 39.888239 ], [ 31.785618, 39.888207 ], [ 31.785698, 39.888169 ], [ 31.785715, 39.888003 ], [ 31.785896, 39.887885 ], [ 31.786008, 39.887763 ], [ 31.786265, 39.887563 ], [ 31.786329, 39.887421 ], [ 31.786454, 39.887364 ], [ 31.78651, 39.887287 ], [ 31.78654, 39.887169 ], [ 31.786604, 39.887013 ], [ 31.787076, 39.886875 ], [ 31.78764, 39.886692 ], [ 31.787677, 39.886638 ], [ 31.787956, 39.886516 ], [ 31.788282, 39.88632 ], [ 31.788418, 39.886129 ], [ 31.788499, 39.885958 ], [ 31.788619, 39.885883 ], [ 31.788758, 39.885668 ], [ 31.78902, 39.885341 ], [ 31.789078, 39.885199 ], [ 31.789048, 39.885041 ], [ 31.789087, 39.884682 ], [ 31.789212, 39.884446 ], [ 31.789305, 39.884247 ], [ 31.78937, 39.884192 ], [ 31.789551, 39.883901 ], [ 31.789682, 39.883643 ], [ 31.789754, 39.883409 ], [ 31.789896, 39.883168 ], [ 31.78998, 39.883174 ], [ 31.790036, 39.883122 ], [ 31.790069, 39.882835 ], [ 31.790089, 39.88262 ], [ 31.790149, 39.88258 ], [ 31.79013, 39.882458 ], [ 31.790221, 39.882381 ], [ 31.790353, 39.882273 ], [ 31.79046, 39.882201 ], [ 31.790669, 39.882118 ], [ 31.790699, 39.88211 ], [ 31.790902, 39.882142 ], [ 31.791114, 39.882058 ], [ 31.791329, 39.882091 ], [ 31.791453, 39.882073 ], [ 31.791657, 39.881931 ], [ 31.791822, 39.881755 ], [ 31.791892, 39.88168 ], [ 31.792, 39.881638 ], [ 31.792094, 39.881523 ], [ 31.792242, 39.881444 ], [ 31.792509, 39.881351 ], [ 31.792736, 39.881299 ], [ 31.793043, 39.881173 ], [ 31.793523, 39.881076 ], [ 31.793789, 39.88101 ], [ 31.794025, 39.881009 ], [ 31.794117, 39.880975 ], [ 31.794447, 39.880961 ], [ 31.79463, 39.880938 ], [ 31.794964, 39.880939 ], [ 31.795269, 39.880909 ], [ 31.796001, 39.880896 ], [ 31.796204, 39.88097 ], [ 31.796621, 39.881066 ], [ 31.797049, 39.881139 ], [ 31.797269, 39.881173 ], [ 31.797408, 39.881183 ], [ 31.79787, 39.881176 ], [ 31.797952, 39.881173 ], [ 31.798472, 39.881154 ], [ 31.799044, 39.881163 ], [ 31.79944, 39.881139 ], [ 31.799501, 39.881083 ], [ 31.799683, 39.881059 ], [ 31.800079, 39.881029 ], [ 31.800234, 39.880985 ], [ 31.800685, 39.8809 ], [ 31.801084, 39.880771 ], [ 31.801231, 39.88074 ], [ 31.801391, 39.880634 ], [ 31.801586, 39.880555 ], [ 31.801734, 39.880454 ], [ 31.801916, 39.880351 ], [ 31.802117, 39.880261 ], [ 31.802195, 39.880248 ], [ 31.802323, 39.880192 ], [ 31.802397, 39.880112 ], [ 31.802522, 39.880044 ], [ 31.802581, 39.879984 ], [ 31.802628, 39.879986 ], [ 31.802651, 39.880037 ], [ 31.802651, 39.880105 ], [ 31.802673, 39.880194 ], [ 31.802718, 39.880192 ], [ 31.802749, 39.880129 ], [ 31.80277, 39.880036 ], [ 31.802742, 39.879928 ], [ 31.802921, 39.879789 ], [ 31.803054, 39.879763 ], [ 31.803153, 39.879603 ], [ 31.803143, 39.879392 ], [ 31.803282, 39.879232 ], [ 31.803236, 39.879173 ], [ 31.803118, 39.879119 ], [ 31.802983, 39.878994 ], [ 31.802939, 39.878867 ], [ 31.802943, 39.878763 ], [ 31.803041, 39.878501 ], [ 31.803023, 39.878431 ], [ 31.803058, 39.878313 ], [ 31.803169, 39.878118 ], [ 31.803333, 39.877767 ], [ 31.803534, 39.877443 ], [ 31.803634, 39.877305 ], [ 31.803706, 39.877113 ], [ 31.803766, 39.877028 ], [ 31.803925, 39.876914 ], [ 31.804113, 39.876852 ], [ 31.804173, 39.876817 ], [ 31.804523, 39.876695 ], [ 31.804664, 39.876677 ], [ 31.804764, 39.876662 ], [ 31.804947, 39.876587 ], [ 31.80521, 39.876544 ], [ 31.805495, 39.876598 ], [ 31.805596, 39.876666 ], [ 31.805669, 39.876653 ], [ 31.805689, 39.876636 ], [ 31.805748, 39.876583 ], [ 31.806069, 39.876559 ], [ 31.806179, 39.876565 ], [ 31.806318, 39.876616 ], [ 31.806713, 39.876721 ], [ 31.806865, 39.876781 ], [ 31.806948, 39.876788 ], [ 31.807187, 39.876787 ], [ 31.807455, 39.876787 ], [ 31.807627, 39.876898 ], [ 31.807804, 39.876959 ], [ 31.808141, 39.876934 ], [ 31.808669, 39.876871 ], [ 31.809053, 39.876931 ], [ 31.809299, 39.876987 ], [ 31.80971, 39.877144 ], [ 31.810108, 39.877253 ], [ 31.810448, 39.877345 ], [ 31.811371, 39.877683 ], [ 31.811437, 39.877632 ], [ 31.811547, 39.877594 ], [ 31.811825, 39.877493 ], [ 31.812364, 39.87731 ], [ 31.812612, 39.877224 ], [ 31.812773, 39.877168 ], [ 31.812938, 39.877112 ], [ 31.813354, 39.876971 ], [ 31.815184, 39.876778 ], [ 31.815563, 39.876591 ], [ 31.815976, 39.876823 ], [ 31.81626, 39.877078 ], [ 31.816401, 39.877448 ], [ 31.818043, 39.876297 ], [ 31.818916, 39.87616 ], [ 31.820985, 39.877511 ], [ 31.821852, 39.877724 ], [ 31.822164, 39.877735 ], [ 31.822828, 39.877827 ], [ 31.822987, 39.877864 ], [ 31.823003, 39.877871 ], [ 31.823037, 39.877768 ], [ 31.823488, 39.876939 ], [ 31.825531, 39.875119 ], [ 31.827517, 39.875553 ], [ 31.828119, 39.875746 ], [ 31.830755, 39.876592 ], [ 31.832418, 39.877126 ], [ 31.833341, 39.877561 ], [ 31.835601, 39.878626 ], [ 31.836983, 39.878952 ], [ 31.840405, 39.879758 ], [ 31.842117, 39.880528 ], [ 31.842876, 39.88087 ], [ 31.844364, 39.881539 ], [ 31.845006, 39.881321 ], [ 31.845642, 39.881304 ], [ 31.846437, 39.88133 ], [ 31.846991, 39.881461 ], [ 31.848375, 39.882174 ], [ 31.850802, 39.882593 ], [ 31.851941, 39.882801 ], [ 31.852146, 39.882838 ], [ 31.854555, 39.883455 ], [ 31.855326, 39.883397 ], [ 31.855638, 39.883568 ], [ 31.855878, 39.883699 ], [ 31.856653, 39.883393 ], [ 31.857941, 39.883175 ], [ 31.859165, 39.882326 ], [ 31.859556, 39.881986 ], [ 31.859323, 39.881547 ], [ 31.85875, 39.880919 ], [ 31.85787, 39.880343 ], [ 31.857135, 39.879943 ], [ 31.856809, 39.879592 ], [ 31.856645, 39.879148 ], [ 31.857431, 39.877578 ], [ 31.857937, 39.877444 ], [ 31.858866, 39.877465 ], [ 31.859436, 39.87676 ], [ 31.859713, 39.876483 ], [ 31.860504, 39.876258 ], [ 31.860729, 39.875985 ], [ 31.860871, 39.875476 ], [ 31.861099, 39.87496 ], [ 31.861619, 39.874788 ], [ 31.861634, 39.874783 ], [ 31.863064, 39.874594 ], [ 31.864057, 39.874463 ], [ 31.864884, 39.874883 ], [ 31.866456, 39.875624 ], [ 31.867309, 39.875469 ], [ 31.867396, 39.875375 ], [ 31.867414, 39.875341 ], [ 31.867474, 39.874843 ], [ 31.867792, 39.874537 ], [ 31.868018, 39.87432 ], [ 31.869541, 39.87389 ], [ 31.870648, 39.872908 ], [ 31.870144, 39.871934 ], [ 31.870057, 39.871766 ], [ 31.869301, 39.871106 ], [ 31.86831, 39.870029 ], [ 31.868045, 39.86986 ], [ 31.867111, 39.869266 ], [ 31.865519, 39.868737 ], [ 31.861933, 39.86678 ], [ 31.861329, 39.86645 ], [ 31.856029, 39.863557 ], [ 31.854064, 39.862485 ], [ 31.851985, 39.86135 ], [ 31.850548, 39.859839 ], [ 31.847364, 39.858878 ], [ 31.847512, 39.857703 ], [ 31.847801, 39.856111 ], [ 31.848292, 39.855715 ], [ 31.84813, 39.855073 ], [ 31.847461, 39.854481 ], [ 31.847307, 39.853318 ], [ 31.848592, 39.852053 ], [ 31.850362, 39.850541 ], [ 31.851078, 39.84966 ], [ 31.851341, 39.849672 ], [ 31.851314, 39.850614 ], [ 31.851297, 39.851206 ], [ 31.852492, 39.85183 ], [ 31.852831, 39.851572 ], [ 31.852752, 39.850992 ], [ 31.85309, 39.850787 ], [ 31.85393, 39.8508 ], [ 31.855043, 39.851032 ], [ 31.855743, 39.850672 ], [ 31.856383, 39.84955 ], [ 31.859184, 39.85148 ], [ 31.860244, 39.852477 ], [ 31.861295, 39.852641 ], [ 31.861718, 39.852149 ], [ 31.862439, 39.850939 ], [ 31.863056, 39.850361 ], [ 31.863661, 39.850544 ], [ 31.864561, 39.852148 ], [ 31.864703, 39.85246 ], [ 31.864601, 39.852665 ], [ 31.864308, 39.852744 ], [ 31.864133, 39.853035 ], [ 31.864166, 39.85394 ], [ 31.864857, 39.854604 ], [ 31.865952, 39.855167 ], [ 31.866646, 39.855309 ], [ 31.866539, 39.85449 ], [ 31.866712, 39.854049 ], [ 31.867109, 39.853692 ], [ 31.867736, 39.853724 ], [ 31.868188, 39.85404 ], [ 31.868636, 39.854348 ], [ 31.869464, 39.854389 ], [ 31.87005, 39.853956 ], [ 31.869999, 39.85293 ], [ 31.869047, 39.851982 ], [ 31.8687, 39.851298 ], [ 31.869401, 39.850462 ], [ 31.871194, 39.851067 ], [ 31.87151, 39.850665 ], [ 31.87164, 39.850611 ], [ 31.872092, 39.850422 ], [ 31.872239, 39.850662 ], [ 31.872288, 39.850947 ], [ 31.872327, 39.851171 ], [ 31.872917, 39.852492 ], [ 31.873065, 39.852962 ], [ 31.87285, 39.853492 ], [ 31.8726, 39.853764 ], [ 31.871636, 39.85409 ], [ 31.870456, 39.854607 ], [ 31.869944, 39.855539 ], [ 31.86981, 39.855807 ], [ 31.869567, 39.856197 ], [ 31.869149, 39.85706 ], [ 31.870518, 39.857052 ], [ 31.870552, 39.857052 ], [ 31.87115, 39.857373 ], [ 31.871758, 39.857341 ], [ 31.872855, 39.857284 ], [ 31.873902, 39.855619 ], [ 31.874409, 39.855417 ], [ 31.874957, 39.854499 ], [ 31.874973, 39.854473 ], [ 31.875114, 39.854512 ], [ 31.875117, 39.854528 ], [ 31.875255, 39.855218 ], [ 31.875994, 39.855778 ], [ 31.876559, 39.856115 ], [ 31.876941, 39.856715 ], [ 31.875741, 39.857811 ], [ 31.875971, 39.858565 ], [ 31.877138, 39.858323 ], [ 31.877459, 39.8584 ], [ 31.877688, 39.858455 ], [ 31.877915, 39.858627 ], [ 31.877936, 39.858764 ], [ 31.878031, 39.859379 ], [ 31.878598, 39.859862 ], [ 31.879167, 39.859736 ], [ 31.879895, 39.859803 ], [ 31.880474, 39.859857 ], [ 31.880716, 39.859893 ], [ 31.881004, 39.859935 ], [ 31.881519, 39.860011 ], [ 31.881647, 39.86003 ], [ 31.882328, 39.859117 ], [ 31.881907, 39.857973 ], [ 31.88073, 39.855627 ], [ 31.881804, 39.854857 ], [ 31.882235, 39.854843 ], [ 31.88234, 39.854839 ], [ 31.88298, 39.855593 ], [ 31.883697, 39.85591 ], [ 31.883756, 39.855937 ], [ 31.884141, 39.856107 ], [ 31.884342, 39.8561 ], [ 31.885083, 39.856075 ], [ 31.885138, 39.856137 ], [ 31.885515, 39.856091 ], [ 31.886149, 39.85556 ], [ 31.8868, 39.855608 ], [ 31.886928, 39.855675 ], [ 31.887093, 39.855953 ], [ 31.88722, 39.8562 ], [ 31.887234, 39.856294 ], [ 31.887229, 39.856565 ], [ 31.88753, 39.85698 ], [ 31.887907, 39.857453 ], [ 31.888498, 39.857606 ], [ 31.888787, 39.857542 ], [ 31.888963, 39.857474 ], [ 31.889168, 39.857464 ], [ 31.889544, 39.857673 ], [ 31.890128, 39.857936 ], [ 31.891157, 39.857989 ], [ 31.89194, 39.858079 ], [ 31.89267, 39.858535 ], [ 31.892985, 39.858807 ], [ 31.893172, 39.858843 ], [ 31.893672, 39.858767 ], [ 31.894009, 39.858629 ], [ 31.894493, 39.858352 ], [ 31.89475, 39.858268 ], [ 31.894993, 39.858093 ], [ 31.895448, 39.857673 ], [ 31.895733, 39.857613 ], [ 31.895797, 39.857571 ], [ 31.895895, 39.857578 ], [ 31.896151, 39.857668 ], [ 31.896311, 39.857606 ], [ 31.896475, 39.85763 ], [ 31.897214, 39.857625 ], [ 31.900619, 39.856643 ], [ 31.899719, 39.854392 ], [ 31.899647, 39.854211 ], [ 31.899374, 39.853529 ], [ 31.899237, 39.853185 ], [ 31.899131, 39.85292 ], [ 31.898893, 39.852325 ], [ 31.896964, 39.851535 ], [ 31.8949, 39.850264 ], [ 31.894854, 39.850184 ], [ 31.894744, 39.849997 ], [ 31.894668, 39.849866 ], [ 31.894186, 39.849041 ], [ 31.893151, 39.847268 ], [ 31.892916, 39.847021 ], [ 31.89111, 39.845124 ], [ 31.890455, 39.844131 ], [ 31.888502, 39.84275 ], [ 31.886352, 39.84005 ], [ 31.886308, 39.839838 ], [ 31.886273, 39.839669 ], [ 31.88613, 39.838978 ], [ 31.884073, 39.838449 ], [ 31.883121, 39.837182 ], [ 31.882804, 39.835819 ], [ 31.881979, 39.834162 ], [ 31.880267, 39.831434 ], [ 31.880831, 39.829947 ], [ 31.87592, 39.829794 ], [ 31.873269, 39.829598 ], [ 31.87288, 39.829637 ], [ 31.869232, 39.830003 ], [ 31.869088, 39.829994 ], [ 31.867607, 39.830257 ], [ 31.866071, 39.830529 ], [ 31.863765, 39.830856 ], [ 31.8631, 39.831007 ], [ 31.862015, 39.831253 ], [ 31.861735, 39.831408 ], [ 31.861512, 39.831109 ], [ 31.861413, 39.831125 ], [ 31.860932, 39.831321 ], [ 31.857691, 39.831038 ], [ 31.850371, 39.830545 ], [ 31.847418, 39.829987 ], [ 31.845717, 39.830015 ], [ 31.844561, 39.823867 ], [ 31.843779, 39.819708 ], [ 31.843084, 39.816013 ], [ 31.842131, 39.810947 ], [ 31.841994, 39.810218 ], [ 31.841477, 39.809865 ], [ 31.840942, 39.809507 ], [ 31.841128, 39.807978 ], [ 31.841124, 39.807824 ], [ 31.841341, 39.805888 ], [ 31.841474, 39.804735 ], [ 31.840555, 39.80298 ], [ 31.83985, 39.801639 ], [ 31.839355, 39.800688 ], [ 31.838849, 39.799722 ], [ 31.838369, 39.798779 ], [ 31.837852, 39.797804 ], [ 31.837345, 39.79684 ], [ 31.836824, 39.795859 ], [ 31.836313, 39.794897 ], [ 31.835805, 39.793948 ], [ 31.835279, 39.792968 ], [ 31.834797, 39.792048 ], [ 31.83428, 39.791071 ], [ 31.833777, 39.790109 ], [ 31.833265, 39.789139 ], [ 31.83277, 39.788184 ], [ 31.83227, 39.787224 ], [ 31.831744, 39.786238 ], [ 31.831094, 39.784992 ], [ 31.830243, 39.784662 ], [ 31.829987, 39.784552 ], [ 31.828572, 39.785383 ], [ 31.827318, 39.786127 ], [ 31.826378, 39.786684 ], [ 31.825516, 39.787189 ], [ 31.824686, 39.787687 ], [ 31.823923, 39.788162 ], [ 31.823053, 39.788655 ], [ 31.822823, 39.788792 ], [ 31.822552, 39.78895 ], [ 31.822274, 39.789105 ], [ 31.821791, 39.789379 ], [ 31.82141, 39.789606 ], [ 31.820471, 39.790147 ], [ 31.819447, 39.790757 ], [ 31.819124, 39.790946 ], [ 31.817107, 39.792129 ], [ 31.81667, 39.792387 ], [ 31.804684, 39.785908 ], [ 31.804419, 39.785764 ], [ 31.803788, 39.785405 ], [ 31.803325, 39.785393 ], [ 31.80298, 39.785396 ], [ 31.802353, 39.785405 ], [ 31.801872, 39.785384 ], [ 31.801526, 39.785363 ], [ 31.801211, 39.785335 ], [ 31.800014, 39.784703 ], [ 31.798712, 39.784708 ], [ 31.7982, 39.784705 ], [ 31.798149, 39.78379 ], [ 31.797592, 39.783727 ], [ 31.797163, 39.783747 ], [ 31.796839, 39.783657 ], [ 31.796507, 39.783587 ], [ 31.796252, 39.783559 ], [ 31.796058, 39.783555 ], [ 31.795786, 39.783548 ], [ 31.795393, 39.78351 ], [ 31.794783, 39.783495 ], [ 31.794467, 39.783431 ], [ 31.794382, 39.783423 ], [ 31.794288, 39.783404 ], [ 31.794078, 39.783377 ], [ 31.794024, 39.783359 ], [ 31.793978, 39.783071 ], [ 31.793978, 39.782668 ], [ 31.793966, 39.782377 ], [ 31.793723, 39.781597 ], [ 31.793419, 39.781062 ], [ 31.792956, 39.780583 ], [ 31.792433, 39.78018 ], [ 31.792263, 39.77956 ], [ 31.791362, 39.777476 ], [ 31.791386, 39.776236 ], [ 31.790973, 39.775091 ], [ 31.790851, 39.77203 ], [ 31.790583, 39.771391 ], [ 31.789999, 39.770621 ], [ 31.789488, 39.770471 ], [ 31.787638, 39.770471 ], [ 31.786884, 39.770433 ], [ 31.78428, 39.770838 ], [ 31.784046, 39.771074 ], [ 31.783695, 39.771009 ], [ 31.783188, 39.770934 ], [ 31.782968, 39.770892 ], [ 31.782721, 39.770792 ], [ 31.782419, 39.770629 ], [ 31.782246, 39.770535 ], [ 31.782045, 39.770459 ], [ 31.781753, 39.770376 ], [ 31.781665, 39.770347 ], [ 31.781542, 39.77048 ], [ 31.781446, 39.770619 ], [ 31.781357, 39.770738 ], [ 31.781249, 39.77091 ], [ 31.781119, 39.771098 ], [ 31.780847, 39.771478 ], [ 31.780642, 39.771621 ], [ 31.780419, 39.771614 ], [ 31.779779, 39.771514 ], [ 31.779299, 39.771445 ], [ 31.778966, 39.771379 ], [ 31.778836, 39.771312 ], [ 31.778688, 39.771163 ], [ 31.778504, 39.771028 ], [ 31.778354, 39.770975 ], [ 31.778233, 39.770979 ], [ 31.775509, 39.767912 ], [ 31.774365, 39.763926 ], [ 31.77406, 39.758826 ], [ 31.772306, 39.753549 ], [ 31.77162, 39.750794 ], [ 31.771086, 39.748273 ], [ 31.77101, 39.746103 ], [ 31.771848, 39.745048 ], [ 31.770476, 39.742292 ], [ 31.770476, 39.740943 ], [ 31.770933, 39.739184 ], [ 31.771467, 39.737307 ], [ 31.772306, 39.735313 ], [ 31.774289, 39.733319 ], [ 31.774746, 39.73156 ], [ 31.774365, 39.729801 ], [ 31.773755, 39.727807 ], [ 31.77402, 39.72665 ], [ 31.774985, 39.725884 ], [ 31.775665, 39.724833 ], [ 31.777512, 39.721831 ], [ 31.778872, 39.717703 ], [ 31.779261, 39.715827 ], [ 31.779553, 39.713425 ], [ 31.779553, 39.711173 ], [ 31.779747, 39.708846 ], [ 31.781108, 39.706594 ], [ 31.781594, 39.705167 ], [ 31.781885, 39.703891 ], [ 31.78208, 39.702765 ], [ 31.782857, 39.700588 ], [ 31.783246, 39.699912 ], [ 31.784801, 39.699912 ], [ 31.787425, 39.700138 ], [ 31.789174, 39.700663 ], [ 31.790827, 39.701414 ], [ 31.791993, 39.701939 ], [ 31.793742, 39.702765 ], [ 31.795589, 39.703366 ], [ 31.797435, 39.703666 ], [ 31.799671, 39.704267 ], [ 31.801129, 39.704717 ], [ 31.802489, 39.705393 ], [ 31.803656, 39.705318 ], [ 31.805211, 39.704717 ], [ 31.806953, 39.704102 ], [ 31.80696, 39.70299 ], [ 31.806668, 39.701789 ], [ 31.806377, 39.700963 ], [ 31.806766, 39.700213 ], [ 31.809584, 39.698861 ], [ 31.81075, 39.697885 ], [ 31.812208, 39.696459 ], [ 31.815027, 39.695333 ], [ 31.817359, 39.694131 ], [ 31.819692, 39.692555 ], [ 31.82115, 39.691128 ], [ 31.824551, 39.690452 ], [ 31.826884, 39.690152 ], [ 31.829119, 39.690002 ], [ 31.832715, 39.690002 ], [ 31.834756, 39.690152 ], [ 31.836797, 39.690152 ], [ 31.837574, 39.689551 ], [ 31.839324, 39.688124 ], [ 31.840587, 39.687374 ], [ 31.845252, 39.686623 ], [ 31.846905, 39.686623 ], [ 31.848071, 39.686397 ], [ 31.849917, 39.685496 ], [ 31.851473, 39.68422 ], [ 31.85293, 39.682868 ], [ 31.855846, 39.681667 ], [ 31.85915, 39.68069 ], [ 31.860803, 39.679339 ], [ 31.861872, 39.678588 ], [ 31.862941, 39.677912 ], [ 31.864295, 39.676121 ], [ 31.864178, 39.674068 ], [ 31.863967, 39.670346 ], [ 31.863495, 39.664771 ], [ 31.862235, 39.655075 ], [ 31.859087, 39.645862 ], [ 31.855746, 39.642045 ], [ 31.855388, 39.641468 ], [ 31.856135, 39.641103 ], [ 31.856574, 39.640839 ], [ 31.857583, 39.640456 ], [ 31.858772, 39.640091 ], [ 31.858926, 39.639668 ], [ 31.859616, 39.639546 ], [ 31.860286, 39.639496 ], [ 31.861242, 39.639464 ], [ 31.861185, 39.639241 ], [ 31.861035, 39.638645 ], [ 31.860844, 39.638013 ], [ 31.860775, 39.637775 ], [ 31.860712, 39.637557 ], [ 31.860728, 39.637345 ], [ 31.860747, 39.636648 ], [ 31.860777, 39.635987 ], [ 31.860804, 39.635181 ], [ 31.860853, 39.634251 ], [ 31.860907, 39.633384 ], [ 31.860926, 39.633048 ], [ 31.860833, 39.632608 ], [ 31.862462, 39.632674 ], [ 31.862918, 39.632521 ], [ 31.864438, 39.632495 ], [ 31.866427, 39.632463 ], [ 31.868361, 39.632409 ], [ 31.870537, 39.632334 ], [ 31.872552, 39.632109 ], [ 31.873968, 39.6319 ], [ 31.875358, 39.631721 ], [ 31.875987, 39.631646 ], [ 31.876749, 39.631472 ], [ 31.878151, 39.631303 ], [ 31.878466, 39.631225 ], [ 31.878807, 39.631178 ], [ 31.879135, 39.631131 ], [ 31.87949, 39.631053 ], [ 31.880958, 39.630875 ], [ 31.882307, 39.630746 ], [ 31.883801, 39.630589 ], [ 31.885088, 39.630328 ], [ 31.886829, 39.630233 ], [ 31.888858, 39.629579 ], [ 31.891304, 39.628914 ], [ 31.891361, 39.628902 ], [ 31.895148, 39.627741 ], [ 31.895232, 39.627391 ], [ 31.895146, 39.627261 ], [ 31.895208, 39.626667 ], [ 31.89527, 39.626113 ], [ 31.895263, 39.625958 ], [ 31.895301, 39.625755 ], [ 31.895246, 39.625369 ], [ 31.895317, 39.624795 ], [ 31.895449, 39.624148 ], [ 31.895626, 39.623473 ], [ 31.895971, 39.622692 ], [ 31.896341, 39.621932 ], [ 31.896547, 39.621636 ], [ 31.896643, 39.62111 ], [ 31.896688, 39.620742 ], [ 31.896723, 39.620461 ], [ 31.896469, 39.619979 ], [ 31.89623, 39.619969 ], [ 31.89598, 39.618583 ], [ 31.89598, 39.61857 ], [ 31.895985, 39.618474 ], [ 31.895991, 39.618108 ], [ 31.895876, 39.617648 ], [ 31.89586, 39.617308 ], [ 31.89585, 39.6171 ], [ 31.895828, 39.616849 ], [ 31.895067, 39.616869 ], [ 31.894228, 39.616814 ], [ 31.89387, 39.616831 ], [ 31.89354, 39.616706 ], [ 31.892849, 39.616679 ], [ 31.892864, 39.616481 ], [ 31.891933, 39.61624 ], [ 31.889903, 39.615791 ], [ 31.889778, 39.615763 ], [ 31.889818, 39.615545 ], [ 31.890334, 39.614417 ], [ 31.89058, 39.613892 ], [ 31.890779, 39.613468 ], [ 31.889907, 39.612848 ], [ 31.889438, 39.612476 ], [ 31.889101, 39.612368 ], [ 31.887817, 39.611828 ], [ 31.887528, 39.611706 ], [ 31.887737, 39.611349 ], [ 31.888491, 39.610158 ], [ 31.889365, 39.609715 ], [ 31.889052, 39.609549 ], [ 31.889029, 39.609537 ], [ 31.889241, 39.60924 ], [ 31.889424, 39.608994 ], [ 31.889483, 39.608812 ], [ 31.889631, 39.608428 ], [ 31.890371, 39.607516 ], [ 31.890698, 39.607075 ], [ 31.890782, 39.607134 ], [ 31.890868, 39.607033 ], [ 31.891685, 39.607245 ], [ 31.891723, 39.60718 ], [ 31.892562, 39.606235 ], [ 31.892884, 39.605872 ], [ 31.893723, 39.602526 ], [ 31.893497, 39.602307 ], [ 31.893229, 39.601962 ], [ 31.89385, 39.601989 ], [ 31.894328, 39.602169 ], [ 31.894722, 39.602275 ], [ 31.896377, 39.602421 ], [ 31.898109, 39.602518 ], [ 31.898645, 39.602589 ], [ 31.899379, 39.602632 ], [ 31.900408, 39.602482 ], [ 31.900889, 39.602457 ], [ 31.902099, 39.602242 ], [ 31.903069, 39.602252 ], [ 31.903089, 39.602186 ], [ 31.903132, 39.601793 ], [ 31.903185, 39.601451 ], [ 31.903349, 39.601183 ], [ 31.903969, 39.600118 ], [ 31.904513, 39.599044 ], [ 31.905117, 39.597782 ], [ 31.905638, 39.597 ], [ 31.906322, 39.596073 ], [ 31.906908, 39.595336 ], [ 31.907771, 39.594381 ], [ 31.908259, 39.59384 ], [ 31.908375, 39.59386 ], [ 31.907891, 39.593484 ], [ 31.907442, 39.59329 ], [ 31.906573, 39.592874 ], [ 31.905093, 39.59235 ], [ 31.904728, 39.592172 ], [ 31.903755, 39.591762 ], [ 31.902822, 39.591228 ], [ 31.901921, 39.590979 ], [ 31.900133, 39.590897 ], [ 31.898719, 39.590971 ], [ 31.897676, 39.590801 ], [ 31.896676, 39.590318 ], [ 31.895643, 39.589557 ], [ 31.895107, 39.589141 ], [ 31.894309, 39.588794 ], [ 31.893788, 39.588292 ], [ 31.893981, 39.586741 ], [ 31.894104, 39.584128 ], [ 31.894427, 39.581735 ], [ 31.894599, 39.580739 ], [ 31.895063, 39.579431 ], [ 31.895794, 39.577428 ], [ 31.896032, 39.576876 ], [ 31.896221, 39.576035 ], [ 31.896359, 39.575499 ], [ 31.897141, 39.572474 ], [ 31.897807, 39.568592 ], [ 31.897848, 39.568471 ], [ 31.898279, 39.566462 ], [ 31.900051, 39.558493 ], [ 31.898092, 39.556368 ], [ 31.893861, 39.554504 ], [ 31.890331, 39.541085 ], [ 31.890344, 39.536952 ], [ 31.896914, 39.533716 ], [ 31.902097, 39.532505 ], [ 31.914822, 39.532989 ], [ 31.921891, 39.534928 ], [ 31.927074, 39.536503 ], [ 31.935086, 39.537351 ], [ 31.940584, 39.53941 ], [ 31.944982, 39.541348 ], [ 31.951894, 39.544135 ], [ 31.956322, 39.544959 ], [ 31.956587, 39.544931 ], [ 31.958331, 39.541618 ], [ 31.959778, 39.538683 ], [ 31.961376, 39.534808 ], [ 31.963204, 39.530698 ], [ 31.965487, 39.526587 ], [ 31.965133, 39.523157 ], [ 31.965119, 39.522667 ], [ 31.965285, 39.522437 ], [ 31.96559, 39.522286 ], [ 31.965751, 39.522056 ], [ 31.965705, 39.521999 ], [ 31.965597, 39.521946 ], [ 31.965424, 39.521923 ], [ 31.965122, 39.521738 ], [ 31.964959, 39.521562 ], [ 31.964943, 39.521521 ], [ 31.965623, 39.520947 ], [ 31.966033, 39.520215 ], [ 31.965975, 39.520099 ], [ 31.965769, 39.520014 ], [ 31.965424, 39.520251 ], [ 31.965097, 39.520526 ], [ 31.964762, 39.520288 ], [ 31.964762, 39.520286 ], [ 31.964622, 39.520108 ], [ 31.964645, 39.520014 ], [ 31.964433, 39.519899 ], [ 31.964364, 39.519804 ], [ 31.964449, 39.519303 ], [ 31.964525, 39.519199 ], [ 31.964503, 39.519125 ], [ 31.965424, 39.518935 ], [ 31.966101, 39.51858 ], [ 31.96673, 39.518515 ], [ 31.967101, 39.5189 ], [ 31.967331, 39.518909 ], [ 31.967471, 39.51858 ], [ 31.967062, 39.518269 ], [ 31.96637, 39.517918 ], [ 31.965993, 39.517927 ], [ 31.965808, 39.518142 ], [ 31.965709, 39.51819 ], [ 31.964919, 39.518448 ], [ 31.964405, 39.51828 ], [ 31.964405, 39.518273 ], [ 31.964367, 39.518091 ], [ 31.964375, 39.517989 ], [ 31.964532, 39.517799 ], [ 31.964837, 39.51761 ], [ 31.964843, 39.517412 ], [ 31.964776, 39.517232 ], [ 31.964697, 39.517115 ], [ 31.964673, 39.516967 ], [ 31.964699, 39.516786 ], [ 31.964814, 39.516638 ], [ 31.964937, 39.516566 ], [ 31.965255, 39.516435 ], [ 31.965478, 39.516397 ], [ 31.96565, 39.516427 ], [ 31.965821, 39.516352 ], [ 31.965902, 39.516249 ], [ 31.965857, 39.516092 ], [ 31.965078, 39.515651 ], [ 31.964808, 39.515578 ], [ 31.96469, 39.51557 ], [ 31.964573, 39.515498 ], [ 31.964267, 39.515421 ], [ 31.964173, 39.51536 ], [ 31.964081, 39.515218 ], [ 31.964099, 39.515163 ], [ 31.964402, 39.515056 ], [ 31.964563, 39.514957 ], [ 31.964626, 39.514945 ], [ 31.964703, 39.514907 ], [ 31.96476, 39.514783 ], [ 31.964752, 39.514609 ], [ 31.964681, 39.514518 ], [ 31.964665, 39.514147 ], [ 31.964711, 39.513952 ], [ 31.964814, 39.51379 ], [ 31.965029, 39.513655 ], [ 31.965471, 39.513534 ], [ 31.965634, 39.513543 ], [ 31.965814, 39.513507 ], [ 31.966003, 39.513438 ], [ 31.966158, 39.513323 ], [ 31.966225, 39.513189 ], [ 31.966093, 39.512928 ], [ 31.966091, 39.512675 ], [ 31.966334, 39.512329 ], [ 31.966396, 39.512142 ], [ 31.966419, 39.511978 ], [ 31.966447, 39.51194 ], [ 31.966677, 39.511756 ], [ 31.966842, 39.511701 ], [ 31.967295, 39.511379 ], [ 31.967422, 39.511244 ], [ 31.967513, 39.511083 ], [ 31.968546, 39.5102 ], [ 31.969244, 39.510003 ], [ 31.969977, 39.510842 ], [ 31.970441, 39.511115 ], [ 31.970686, 39.510969 ], [ 31.970847, 39.509426 ], [ 31.97216, 39.50972 ], [ 31.972868, 39.509954 ], [ 31.972991, 39.509808 ], [ 31.972742, 39.508982 ], [ 31.972748, 39.508798 ], [ 31.972683, 39.508616 ], [ 31.972599, 39.508505 ], [ 31.972545, 39.508326 ], [ 31.972572, 39.507682 ], [ 31.973165, 39.507405 ], [ 31.973212, 39.507308 ], [ 31.973248, 39.50729 ], [ 31.973642, 39.506639 ], [ 31.973808, 39.50641 ], [ 31.973954, 39.506197 ], [ 31.974669, 39.506416 ], [ 31.974727, 39.506455 ], [ 31.974895, 39.506508 ], [ 31.975051, 39.506522 ], [ 31.975604, 39.506505 ], [ 31.975786, 39.506521 ], [ 31.975896, 39.506544 ], [ 31.976112, 39.506633 ], [ 31.976234, 39.506638 ], [ 31.976765, 39.506463 ], [ 31.97703, 39.50644 ], [ 31.977094, 39.506347 ], [ 31.977111, 39.506139 ], [ 31.977153, 39.506003 ], [ 31.977227, 39.505911 ], [ 31.97735, 39.505835 ], [ 31.9779, 39.505596 ], [ 31.977986, 39.505594 ], [ 31.978847, 39.505685 ], [ 31.97946, 39.50558 ], [ 31.979493, 39.505554 ], [ 31.979612, 39.505463 ], [ 31.9797, 39.505424 ], [ 31.979896, 39.505339 ], [ 31.980099, 39.505086 ], [ 31.98027, 39.505011 ], [ 31.980321, 39.505016 ], [ 31.981479, 39.505817 ], [ 31.981821, 39.505849 ], [ 31.981909, 39.505588 ], [ 31.982395, 39.505249 ], [ 31.983533, 39.504539 ], [ 31.983883, 39.504492 ], [ 31.984106, 39.504499 ], [ 31.984253, 39.504489 ], [ 31.984404, 39.504452 ], [ 31.984421, 39.504545 ], [ 31.984926, 39.504509 ], [ 31.985508, 39.504386 ], [ 31.985954, 39.504503 ], [ 31.98691, 39.504033 ], [ 31.987498, 39.504016 ], [ 31.98809, 39.504262 ], [ 31.987904, 39.504982 ], [ 31.987898, 39.505006 ], [ 31.987809, 39.505019 ], [ 31.9875, 39.505064 ], [ 31.987034, 39.505145 ], [ 31.986742, 39.505195 ], [ 31.98657, 39.505321 ], [ 31.986569, 39.505403 ], [ 31.986678, 39.50546 ], [ 31.987278, 39.505772 ], [ 31.987402, 39.505837 ], [ 31.987204, 39.505948 ], [ 31.986766, 39.506192 ], [ 31.986751, 39.5062 ], [ 31.986551, 39.506398 ], [ 31.986567, 39.506806 ], [ 31.986595, 39.50692 ], [ 31.986584, 39.507031 ], [ 31.986663, 39.507117 ], [ 31.986741, 39.507148 ], [ 31.987346, 39.506905 ], [ 31.98787, 39.506694 ], [ 31.98822, 39.507021 ], [ 31.988394, 39.507184 ], [ 31.989188, 39.507927 ], [ 31.989225, 39.507961 ], [ 31.989201, 39.507994 ], [ 31.988866, 39.50846 ], [ 31.988722, 39.508659 ], [ 31.988783, 39.508726 ], [ 31.988996, 39.508741 ], [ 31.989201, 39.508899 ], [ 31.989218, 39.508987 ], [ 31.989225, 39.508991 ], [ 31.989911, 39.508946 ], [ 31.990388, 39.508914 ], [ 31.991551, 39.508836 ], [ 31.992601, 39.508765 ], [ 31.992408, 39.508288 ], [ 31.992495, 39.508218 ], [ 31.993092, 39.507741 ], [ 31.993186, 39.507666 ], [ 31.995143, 39.508054 ], [ 31.995307, 39.507907 ], [ 31.995394, 39.507829 ], [ 31.995475, 39.507756 ], [ 31.996199, 39.507934 ], [ 31.996266, 39.508112 ], [ 31.996409, 39.508496 ], [ 31.996476, 39.508676 ], [ 31.997057, 39.508878 ], [ 31.998254, 39.508456 ], [ 31.998441, 39.508388 ], [ 31.998366, 39.508366 ], [ 31.998283, 39.508279 ], [ 31.998238, 39.508133 ], [ 31.99781, 39.507661 ], [ 31.998314, 39.506923 ], [ 31.998668, 39.506931 ], [ 31.998967, 39.506939 ], [ 31.999019, 39.50694 ], [ 31.999109, 39.506942 ], [ 31.999403, 39.50683 ], [ 31.999523, 39.506785 ], [ 32.000095, 39.505828 ], [ 32.000742, 39.505951 ], [ 32.000827, 39.505967 ], [ 32.001599, 39.506297 ], [ 32.001645, 39.506296 ], [ 32.001657, 39.506296 ], [ 32.001972, 39.506289 ], [ 32.002331, 39.506281 ], [ 32.002398, 39.506241 ], [ 32.002332, 39.50624 ], [ 32.001919, 39.505372 ], [ 32.001661, 39.505051 ], [ 32.00112, 39.504336 ], [ 32.001068, 39.503849 ], [ 32.000952, 39.502628 ], [ 32.002513, 39.502076 ], [ 32.002955, 39.502814 ], [ 32.003711, 39.503051 ], [ 32.004666, 39.503492 ], [ 32.005305, 39.503321 ], [ 32.005524, 39.502849 ], [ 32.005307, 39.502311 ], [ 32.005187, 39.502127 ], [ 32.004271, 39.501445 ], [ 32.004216, 39.501403 ], [ 32.004097, 39.501315 ], [ 32.003537, 39.500315 ], [ 32.003216, 39.500021 ], [ 32.003188, 39.499916 ], [ 32.003073, 39.499489 ], [ 32.003098, 39.49948 ], [ 32.005147, 39.498663 ], [ 32.003753, 39.497857 ], [ 32.0024, 39.497075 ], [ 31.998944, 39.495624 ], [ 31.999284, 39.494664 ], [ 31.999154, 39.494313 ], [ 31.999091, 39.494146 ], [ 31.998891, 39.493995 ], [ 31.998758, 39.493955 ], [ 31.997398, 39.494285 ], [ 31.997301, 39.494309 ], [ 31.995437, 39.49391 ], [ 31.993785, 39.493613 ], [ 31.992845, 39.490428 ], [ 31.992684, 39.489906 ], [ 31.992441, 39.489117 ], [ 31.992228, 39.488444 ], [ 31.990713, 39.485876 ], [ 31.990669, 39.485755 ], [ 31.990558, 39.485631 ], [ 31.990489, 39.485383 ], [ 31.990514, 39.485334 ], [ 31.990488, 39.485173 ], [ 31.990403, 39.485065 ], [ 31.989914, 39.484737 ], [ 31.989829, 39.484718 ], [ 31.989752, 39.484717 ], [ 31.989407, 39.484004 ], [ 31.98942, 39.48397 ], [ 31.989326, 39.483848 ], [ 31.989234, 39.483867 ], [ 31.989086, 39.4838 ], [ 31.988873, 39.483849 ], [ 31.988805, 39.483882 ], [ 31.988599, 39.483926 ], [ 31.988192, 39.483193 ], [ 31.987109, 39.483326 ], [ 31.98714, 39.482144 ], [ 31.986513, 39.47911 ], [ 31.986403, 39.479072 ], [ 31.986572, 39.478718 ], [ 31.986517, 39.478703 ], [ 31.98691, 39.47794 ], [ 31.986935, 39.477196 ], [ 31.986891, 39.476912 ], [ 31.986892, 39.47691 ], [ 31.986904, 39.476818 ], [ 31.98687, 39.47671 ], [ 31.986853, 39.476669 ], [ 31.986829, 39.476517 ], [ 31.98863, 39.475666 ], [ 31.988681, 39.475564 ], [ 31.988698, 39.47535 ], [ 31.988725, 39.474998 ], [ 31.989155, 39.474724 ], [ 31.990609, 39.474264 ], [ 31.991401, 39.473801 ], [ 31.99163, 39.473602 ], [ 31.991944, 39.473216 ], [ 31.992818, 39.472102 ], [ 31.992798, 39.471551 ], [ 31.992895, 39.471117 ], [ 31.993058, 39.470686 ], [ 31.99354, 39.470309 ], [ 31.993563, 39.469868 ], [ 31.993353, 39.469254 ], [ 31.992852, 39.468626 ], [ 31.993168, 39.468167 ], [ 31.994291, 39.467947 ], [ 31.994329, 39.467943 ], [ 31.993457, 39.467133 ], [ 31.9931, 39.466932 ], [ 31.993009, 39.46688 ], [ 31.992729, 39.466723 ], [ 31.993375, 39.466163 ], [ 31.993151, 39.465968 ], [ 31.992922, 39.465799 ], [ 31.993003, 39.465575 ], [ 31.993116, 39.465295 ], [ 31.993155, 39.465208 ], [ 31.993197, 39.465116 ], [ 31.993395, 39.465049 ], [ 31.993433, 39.465058 ], [ 31.994537, 39.465328 ], [ 31.994969, 39.465093 ], [ 31.995484, 39.464856 ], [ 31.995612, 39.464694 ], [ 31.996991, 39.464416 ], [ 31.997569, 39.46416 ], [ 31.997585, 39.46403 ], [ 31.99751, 39.463497 ], [ 31.996975, 39.46248 ], [ 31.996828, 39.462201 ], [ 31.996726, 39.462008 ], [ 31.996828, 39.462001 ], [ 31.997728, 39.461936 ], [ 31.998271, 39.461365 ], [ 31.998342, 39.46129 ], [ 31.997478, 39.460735 ], [ 31.997003, 39.460722 ], [ 31.995901, 39.460691 ], [ 31.995291, 39.461026 ], [ 31.994956, 39.460752 ], [ 31.995452, 39.459926 ], [ 31.996206, 39.45953 ], [ 31.995984, 39.459116 ], [ 31.995536, 39.458904 ], [ 31.995304, 39.458814 ], [ 31.995384, 39.458261 ], [ 31.994586, 39.457558 ], [ 31.994763, 39.45672 ], [ 31.994774, 39.45667 ], [ 31.996271, 39.456199 ], [ 31.996756, 39.45634 ], [ 31.996951, 39.456169 ], [ 31.997694, 39.455515 ], [ 31.997787, 39.454496 ], [ 31.997799, 39.454361 ], [ 31.998211, 39.454266 ], [ 31.99873, 39.45417 ], [ 31.998829, 39.453428 ], [ 31.998847, 39.45329 ], [ 31.999212, 39.453073 ], [ 32.000852, 39.4521 ], [ 32.000693, 39.45197 ], [ 32.000931, 39.451535 ], [ 32.000427, 39.450827 ], [ 32.000279, 39.447885 ], [ 31.997919, 39.444476 ], [ 31.996752, 39.442324 ], [ 31.996188, 39.441353 ], [ 31.99593, 39.440908 ], [ 31.995867, 39.440799 ], [ 31.995179, 39.440604 ], [ 31.995077, 39.440366 ], [ 31.994949, 39.440068 ], [ 31.994881, 39.439911 ], [ 31.994166, 39.440018 ], [ 31.993745, 39.439755 ], [ 31.993771, 39.4391 ], [ 31.993705, 39.439108 ], [ 31.993685, 39.439081 ], [ 31.99364, 39.438994 ], [ 31.993573, 39.438909 ], [ 31.993519, 39.438832 ], [ 31.99297, 39.437479 ], [ 31.992595, 39.436929 ], [ 31.992632, 39.436811 ], [ 31.992587, 39.436499 ], [ 31.992583, 39.436373 ], [ 31.992542, 39.436236 ], [ 31.992486, 39.436089 ], [ 31.992507, 39.435574 ], [ 31.992454, 39.435292 ], [ 31.992263, 39.434801 ], [ 31.992176, 39.434559 ], [ 31.992062, 39.434598 ], [ 31.991961, 39.434515 ], [ 31.992146, 39.434478 ], [ 31.991858, 39.4337 ], [ 31.991715, 39.433277 ], [ 31.99158, 39.432821 ], [ 31.991506, 39.432649 ], [ 31.991088, 39.432462 ], [ 31.990699, 39.43223 ], [ 31.990599, 39.432104 ], [ 31.990734, 39.431508 ], [ 31.990654, 39.431252 ], [ 31.990403, 39.431069 ], [ 31.989698, 39.430965 ], [ 31.98937, 39.430848 ], [ 31.989309, 39.43077 ], [ 31.98896, 39.430337 ], [ 31.98896, 39.43023 ], [ 31.988992, 39.430045 ], [ 31.98914, 39.429706 ], [ 31.989294, 39.429515 ], [ 31.989431, 39.429363 ], [ 31.989529, 39.429303 ], [ 31.989561, 39.429278 ], [ 31.98979, 39.429109 ], [ 31.989826, 39.42908 ], [ 31.989917, 39.428973 ], [ 31.990076, 39.428816 ], [ 31.990212, 39.428646 ], [ 31.990384, 39.428468 ], [ 31.990492, 39.428356 ], [ 31.990673, 39.428333 ], [ 31.991099, 39.428807 ], [ 31.991482, 39.429049 ], [ 31.992226, 39.429248 ], [ 31.992379, 39.429244 ], [ 31.992787, 39.429218 ], [ 31.993, 39.429113 ], [ 31.993217, 39.429153 ], [ 31.993272, 39.429065 ], [ 31.993308, 39.428937 ], [ 31.993319, 39.428776 ], [ 31.99332, 39.428597 ], [ 31.993312, 39.428432 ], [ 31.993295, 39.428334 ], [ 31.993288, 39.428289 ], [ 31.993221, 39.428088 ], [ 31.993077, 39.427624 ], [ 31.993043, 39.427469 ], [ 31.993011, 39.427265 ], [ 31.992985, 39.427078 ], [ 31.992953, 39.426905 ], [ 31.99292, 39.426783 ], [ 31.992863, 39.426644 ], [ 31.992767, 39.426436 ], [ 31.992733, 39.426372 ], [ 31.992591, 39.426067 ], [ 31.99256, 39.425972 ], [ 31.992466, 39.425817 ], [ 31.992403, 39.425695 ], [ 31.992358, 39.42555 ], [ 31.992348, 39.425519 ], [ 31.991568, 39.424041 ], [ 31.991487, 39.423917 ], [ 31.989773, 39.42281 ], [ 31.98456, 39.419464 ], [ 31.98448, 39.419216 ], [ 31.985888, 39.41419 ], [ 31.986059, 39.413849 ], [ 31.986029, 39.413807 ], [ 31.985603, 39.413125 ], [ 31.985558, 39.412753 ], [ 31.985507, 39.41237 ], [ 31.985182, 39.410918 ], [ 31.984881, 39.410298 ], [ 31.986264, 39.409802 ], [ 31.987089, 39.409329 ], [ 31.987338, 39.408758 ], [ 31.977363, 39.401002 ], [ 31.975053, 39.394059 ], [ 31.978104, 39.389591 ], [ 31.978296, 39.389457 ], [ 31.978512, 39.389127 ], [ 31.978764, 39.388812 ], [ 31.979372, 39.388815 ], [ 31.98052, 39.388591 ], [ 31.980785, 39.388471 ], [ 31.980822, 39.388295 ], [ 31.980737, 39.388127 ], [ 31.980175, 39.387619 ], [ 31.980571, 39.38738 ], [ 31.982722, 39.385974 ], [ 31.983072, 39.386247 ], [ 31.983275, 39.386242 ], [ 31.98349, 39.386099 ], [ 31.983632, 39.385931 ], [ 31.983657, 39.385699 ], [ 31.983417, 39.385542 ], [ 31.98316, 39.385281 ], [ 31.983688, 39.384891 ], [ 31.984916, 39.385682 ], [ 31.985366, 39.385093 ], [ 31.985795, 39.384648 ], [ 31.986504, 39.384312 ], [ 31.986495, 39.384035 ], [ 31.985647, 39.383463 ], [ 31.98477, 39.381542 ], [ 31.98512, 39.381043 ], [ 31.985857, 39.380648 ], [ 31.986564, 39.380467 ], [ 31.987642, 39.380563 ], [ 31.987864, 39.38032 ], [ 31.987853, 39.379544 ], [ 31.988091, 39.379114 ], [ 31.988733, 39.37885 ], [ 31.989483, 39.379046 ], [ 31.989975, 39.379251 ], [ 31.990043, 39.379217 ], [ 31.990071, 39.379103 ], [ 31.990046, 39.378975 ], [ 31.989388, 39.37826 ], [ 31.989102, 39.377365 ], [ 31.989605, 39.377075 ], [ 31.990299, 39.376911 ], [ 31.991244, 39.376916 ], [ 31.992042, 39.377248 ], [ 31.992786, 39.377279 ], [ 31.992977, 39.377042 ], [ 31.992866, 39.376681 ], [ 31.992502, 39.376238 ], [ 31.99242, 39.375459 ], [ 31.99334, 39.374993 ], [ 31.993474, 39.3747 ], [ 31.993609, 39.373957 ], [ 31.993222, 39.373569 ], [ 31.99311, 39.373658 ], [ 31.992796, 39.373707 ], [ 31.992765, 39.373479 ], [ 31.992566, 39.373256 ], [ 31.99212, 39.373078 ], [ 31.991903, 39.372763 ], [ 31.991562, 39.372684 ], [ 31.990805, 39.372606 ], [ 31.990678, 39.37257 ], [ 31.990472, 39.372255 ], [ 31.989773, 39.371489 ], [ 31.989506, 39.370955 ], [ 31.988236, 39.369589 ], [ 31.988084, 39.369469 ], [ 31.988334, 39.368932 ], [ 31.988697, 39.368984 ], [ 31.989108, 39.368928 ], [ 31.989192, 39.368882 ], [ 31.98916, 39.368509 ], [ 31.989238, 39.368205 ], [ 31.989031, 39.367986 ], [ 31.98902, 39.367879 ], [ 31.98869, 39.367772 ], [ 31.988495, 39.367709 ], [ 31.987954, 39.367977 ], [ 31.987626, 39.367746 ], [ 31.987385, 39.367689 ], [ 31.987117, 39.3677 ], [ 31.986756, 39.367903 ], [ 31.986666, 39.368067 ], [ 31.986436, 39.368288 ], [ 31.985616, 39.367953 ], [ 31.984958, 39.367829 ], [ 31.985032, 39.367464 ], [ 31.985033, 39.367388 ], [ 31.985045, 39.367305 ], [ 31.985021, 39.367233 ], [ 31.984925, 39.367154 ], [ 31.984746, 39.367081 ], [ 31.984496, 39.367036 ], [ 31.98395, 39.367032 ], [ 31.98364, 39.366951 ], [ 31.983362, 39.36698 ], [ 31.983095, 39.36711 ], [ 31.982265, 39.36684 ], [ 31.981796, 39.366677 ], [ 31.981741, 39.366627 ], [ 31.981614, 39.366282 ], [ 31.981525, 39.366198 ], [ 31.981316, 39.366151 ], [ 31.981035, 39.366212 ], [ 31.980607, 39.366486 ], [ 31.980294, 39.366521 ], [ 31.980095, 39.366506 ], [ 31.979282, 39.36605 ], [ 31.979275, 39.365599 ], [ 31.979113, 39.365444 ], [ 31.978762, 39.36538 ], [ 31.978312, 39.365457 ], [ 31.97831, 39.365572 ], [ 31.978149, 39.365682 ], [ 31.978047, 39.365502 ], [ 31.977056, 39.36415 ], [ 31.97678, 39.363776 ], [ 31.976707, 39.363601 ], [ 31.976709, 39.363469 ], [ 31.976568, 39.363374 ], [ 31.976221, 39.362959 ], [ 31.976188, 39.362893 ], [ 31.97626, 39.362633 ], [ 31.976011, 39.362322 ], [ 31.97579, 39.361929 ], [ 31.975634, 39.361644 ], [ 31.975613, 39.361402 ], [ 31.97563, 39.361313 ], [ 31.975643, 39.361192 ], [ 31.975561, 39.361025 ], [ 31.975202, 39.360763 ], [ 31.97467, 39.360255 ], [ 31.974214, 39.359909 ], [ 31.974125, 39.359813 ], [ 31.974106, 39.359742 ], [ 31.974116, 39.359631 ], [ 31.974039, 39.359426 ], [ 31.973904, 39.359384 ], [ 31.973766, 39.359273 ], [ 31.973648, 39.35905 ], [ 31.97348, 39.358867 ], [ 31.973061, 39.358193 ], [ 31.972931, 39.357355 ], [ 31.97301, 39.35728 ], [ 31.973167, 39.357304 ], [ 31.973177, 39.357213 ], [ 31.973028, 39.357259 ], [ 31.972571, 39.357105 ], [ 31.971891, 39.356906 ], [ 31.971717, 39.35669 ], [ 31.971764, 39.356583 ], [ 31.972595, 39.355522 ], [ 31.972676, 39.35542 ], [ 31.973168, 39.355064 ], [ 31.973474, 39.355039 ], [ 31.973967, 39.354396 ], [ 31.973845, 39.353938 ], [ 31.974423, 39.353833 ], [ 31.974654, 39.353767 ], [ 31.974775, 39.353675 ], [ 31.974778, 39.353476 ], [ 31.974709, 39.353066 ], [ 31.974142, 39.352532 ], [ 31.974557, 39.352242 ], [ 31.974501, 39.352072 ], [ 31.974329, 39.351991 ], [ 31.974213, 39.351624 ], [ 31.974051, 39.351417 ], [ 31.974092, 39.350889 ], [ 31.974236, 39.350739 ], [ 31.974548, 39.350694 ], [ 31.97512, 39.350782 ], [ 31.975764, 39.351063 ], [ 31.976107, 39.351349 ], [ 31.976458, 39.351366 ], [ 31.976775, 39.351157 ], [ 31.977224, 39.350579 ], [ 31.977547, 39.350494 ], [ 31.977999, 39.350524 ], [ 31.978139, 39.350463 ], [ 31.978255, 39.350412 ], [ 31.978404, 39.350277 ], [ 31.97871, 39.349756 ], [ 31.979575, 39.349103 ], [ 31.980345, 39.348887 ], [ 31.982048, 39.34905 ], [ 31.982376, 39.348904 ], [ 31.983154, 39.349402 ], [ 31.98476, 39.348966 ], [ 31.985919, 39.34895 ], [ 31.987573, 39.348533 ], [ 31.988257, 39.348306 ], [ 31.989527, 39.348721 ], [ 31.98987, 39.34833 ], [ 31.990121, 39.347676 ], [ 31.990771, 39.347278 ], [ 31.991894, 39.346861 ], [ 31.992402, 39.34682 ], [ 31.993367, 39.347135 ], [ 31.993947, 39.346993 ], [ 31.994162, 39.346731 ], [ 31.994206, 39.346254 ], [ 31.994055, 39.345854 ], [ 31.994265, 39.345314 ], [ 31.995283, 39.345394 ], [ 31.995799, 39.345242 ], [ 31.995777, 39.344871 ], [ 31.995368, 39.344561 ], [ 31.995384, 39.344084 ], [ 31.996367, 39.342766 ], [ 31.996664, 39.342661 ], [ 31.997072, 39.342909 ], [ 31.997279, 39.34318 ], [ 31.997228, 39.343501 ], [ 31.997423, 39.343994 ], [ 31.997578, 39.344067 ], [ 31.997911, 39.343891 ], [ 31.9981, 39.343494 ], [ 31.998129, 39.343466 ], [ 31.998174, 39.34345 ], [ 31.999265, 39.343445 ], [ 31.999807, 39.343516 ], [ 32.00021, 39.34372 ], [ 32.001239, 39.343628 ], [ 32.002012, 39.343295 ], [ 32.002704, 39.342787 ], [ 32.003087, 39.342442 ], [ 32.003039, 39.341689 ], [ 32.002877, 39.341448 ], [ 32.002868, 39.341402 ], [ 32.002746, 39.341099 ], [ 32.002361, 39.340931 ], [ 32.002075, 39.340774 ], [ 32.002006, 39.340688 ], [ 32.002373, 39.340308 ], [ 32.002797, 39.340217 ], [ 32.003232, 39.340374 ], [ 32.00342, 39.340467 ], [ 32.003787, 39.340717 ], [ 32.00429, 39.340842 ], [ 32.004398, 39.340747 ], [ 32.004521, 39.340407 ], [ 32.004655, 39.340066 ], [ 32.004994, 39.33994 ], [ 32.005317, 39.339847 ], [ 32.005529, 39.339703 ], [ 32.00558, 39.339496 ], [ 32.005278, 39.338831 ], [ 32.005134, 39.338811 ], [ 32.005002, 39.338591 ], [ 32.004684, 39.338559 ], [ 32.004267, 39.338948 ], [ 32.004023, 39.33896 ], [ 32.003611, 39.338682 ], [ 32.00364, 39.338638 ], [ 32.004197, 39.338309 ], [ 32.004469, 39.338012 ], [ 32.004291, 39.337727 ], [ 32.004277, 39.337725 ], [ 32.004325, 39.337614 ], [ 32.003578, 39.337308 ], [ 32.003537, 39.337192 ], [ 32.00362, 39.33703 ], [ 32.004262, 39.336761 ], [ 32.004258, 39.336632 ], [ 32.004043, 39.336288 ], [ 32.003844, 39.336141 ], [ 32.0038, 39.336095 ], [ 32.003706, 39.335902 ], [ 32.003701, 39.335465 ], [ 32.003683, 39.335124 ], [ 32.003958, 39.334686 ], [ 32.003975, 39.334689 ], [ 32.004151, 39.334732 ], [ 32.004287, 39.334803 ], [ 32.004421, 39.334732 ], [ 32.00449, 39.334685 ], [ 32.004462, 39.334374 ], [ 32.004694, 39.334295 ], [ 32.005069, 39.334253 ], [ 32.005227, 39.334288 ], [ 32.005599, 39.334498 ], [ 32.00579, 39.334525 ], [ 32.006007, 39.334435 ], [ 32.006049, 39.334312 ], [ 32.006241, 39.333927 ], [ 32.006208, 39.333717 ], [ 32.006092, 39.333642 ], [ 32.006012, 39.33359 ], [ 32.00589, 39.333586 ], [ 32.005793, 39.333512 ], [ 32.005781, 39.333395 ], [ 32.005718, 39.333278 ], [ 32.005695, 39.333236 ], [ 32.005686, 39.33321 ], [ 32.0057, 39.33296 ], [ 32.005675, 39.332697 ], [ 32.005743, 39.332519 ], [ 32.005902, 39.332456 ], [ 32.006211, 39.332511 ], [ 32.006971, 39.33251 ], [ 32.007958, 39.331774 ], [ 32.008337, 39.331363 ], [ 32.009046, 39.330974 ], [ 32.009359, 39.330538 ], [ 32.009396, 39.329965 ], [ 32.008034, 39.328874 ], [ 32.005376, 39.328112 ], [ 32.002642, 39.326231 ], [ 32.000896, 39.323881 ], [ 31.999659, 39.322149 ], [ 31.999268, 39.321915 ], [ 31.998687, 39.321521 ], [ 31.998212, 39.321174 ], [ 31.997987, 39.32105 ], [ 31.997964, 39.321037 ], [ 31.997878, 39.320976 ], [ 31.997438, 39.320666 ], [ 31.99675, 39.320232 ], [ 31.996322, 39.319945 ], [ 31.99558, 39.319492 ], [ 31.994691, 39.318951 ], [ 31.994201, 39.31866 ], [ 31.994048, 39.318561 ], [ 31.993787, 39.318205 ], [ 31.993673, 39.318155 ], [ 31.993258, 39.318006 ], [ 31.992964, 39.317814 ], [ 31.992526, 39.317524 ], [ 31.992273, 39.317354 ], [ 31.99201, 39.317227 ], [ 31.99152, 39.316974 ], [ 31.991212, 39.316806 ], [ 31.990287, 39.316303 ], [ 31.990155, 39.316072 ], [ 31.989875, 39.315559 ], [ 31.989739, 39.315323 ], [ 31.989474, 39.314906 ], [ 31.989321, 39.31477 ], [ 31.98895, 39.314416 ], [ 31.988711, 39.314354 ], [ 31.988476, 39.314155 ], [ 31.988245, 39.313941 ], [ 31.988132, 39.313732 ], [ 31.987918, 39.313545 ], [ 31.987695, 39.313199 ], [ 31.987497, 39.312902 ], [ 31.987294, 39.312595 ], [ 31.987266, 39.312549 ], [ 31.987009, 39.312131 ], [ 31.986604, 39.311557 ], [ 31.986539, 39.311479 ], [ 31.986474, 39.311247 ], [ 31.986329, 39.311007 ], [ 31.986256, 39.310886 ], [ 31.986524, 39.310705 ], [ 31.986739, 39.310444 ], [ 31.986615, 39.310291 ], [ 31.986532, 39.310184 ], [ 31.986438, 39.309977 ], [ 31.986406, 39.309918 ], [ 31.986407, 39.309737 ], [ 31.986142, 39.30944 ], [ 31.98609, 39.309385 ], [ 31.986018, 39.309221 ], [ 31.985704, 39.309071 ], [ 31.984924, 39.308352 ], [ 31.984468, 39.30784 ], [ 31.983243, 39.306553 ], [ 31.982762, 39.30608 ], [ 31.982433, 39.305784 ], [ 31.982225, 39.305557 ], [ 31.981819, 39.305097 ], [ 31.981473, 39.304718 ], [ 31.981075, 39.304266 ], [ 31.980843, 39.303983 ], [ 31.980584, 39.303715 ], [ 31.980317, 39.303317 ], [ 31.979802, 39.302541 ], [ 31.979163, 39.301778 ], [ 31.978792, 39.301332 ], [ 31.978369, 39.300816 ], [ 31.978276, 39.300591 ], [ 31.978263, 39.300519 ], [ 31.978486, 39.300359 ], [ 31.978844, 39.300193 ], [ 31.979768, 39.299817 ], [ 31.978588, 39.29808 ], [ 31.978278, 39.29764 ], [ 31.977999, 39.297806 ], [ 31.977931, 39.297629 ], [ 31.977812, 39.297374 ], [ 31.977588, 39.297122 ], [ 31.977207, 39.296767 ], [ 31.976849, 39.296572 ], [ 31.976596, 39.2965 ], [ 31.976234, 39.296454 ], [ 31.975814, 39.296339 ], [ 31.975303, 39.296164 ], [ 31.974889, 39.296018 ], [ 31.974643, 39.295884 ], [ 31.974518, 39.295712 ], [ 31.974448, 39.295528 ], [ 31.974465, 39.295285 ], [ 31.974397, 39.295183 ], [ 31.974194, 39.295023 ], [ 31.973914, 39.294939 ], [ 31.973849, 39.294907 ], [ 31.97367, 39.293985 ], [ 31.973353, 39.29235 ], [ 31.968865, 39.291843 ], [ 31.965, 39.289449 ], [ 31.964751, 39.288201 ], [ 31.962621, 39.285331 ], [ 31.961553, 39.284083 ], [ 31.959801, 39.282137 ], [ 31.959572, 39.281927 ], [ 31.959203, 39.281619 ], [ 31.957637, 39.280311 ], [ 31.955772, 39.2788 ], [ 31.953515, 39.277922 ], [ 31.953228, 39.277825 ], [ 31.953554, 39.275268 ], [ 31.955837, 39.270757 ], [ 31.960302, 39.268217 ], [ 31.963937, 39.265034 ], [ 31.968644, 39.261945 ], [ 31.974314, 39.258221 ], [ 31.975305, 39.257554 ], [ 31.976553, 39.256543 ], [ 31.977289, 39.255342 ], [ 31.977339, 39.255138 ], [ 31.980884, 39.251431 ], [ 31.982489, 39.249431 ], [ 31.98589, 39.247061 ], [ 31.986414, 39.246951 ], [ 31.987041, 39.246498 ], [ 31.987014, 39.246373 ], [ 31.987724, 39.244456 ], [ 31.987969, 39.244063 ], [ 31.988373, 39.242715 ], [ 31.988185, 39.241167 ], [ 31.987042, 39.241466 ], [ 31.984304, 39.242436 ], [ 31.982582, 39.242436 ], [ 31.979531, 39.241285 ], [ 31.978123, 39.240497 ], [ 31.97638, 39.239231 ], [ 31.976049, 39.239086 ], [ 31.975756, 39.238783 ], [ 31.975673, 39.238503 ], [ 31.97249, 39.242427 ], [ 31.971493, 39.243655 ], [ 31.971667, 39.243832 ], [ 31.971592, 39.244337 ], [ 31.971068, 39.244403 ], [ 31.970633, 39.244664 ], [ 31.970082, 39.245329 ], [ 31.97041, 39.245569 ], [ 31.97015, 39.245832 ], [ 31.969406, 39.24617 ], [ 31.969241, 39.246341 ], [ 31.96864, 39.246759 ], [ 31.968721, 39.247025 ], [ 31.968429, 39.247168 ], [ 31.968365, 39.247104 ], [ 31.968352, 39.247017 ], [ 31.968427, 39.246856 ], [ 31.968493, 39.246781 ], [ 31.968046, 39.246647 ], [ 31.967902, 39.246707 ], [ 31.967741, 39.246667 ], [ 31.967755, 39.246722 ], [ 31.967591, 39.246921 ], [ 31.967376, 39.246773 ], [ 31.96697, 39.246683 ], [ 31.966748, 39.246592 ], [ 31.96616, 39.246316 ], [ 31.965718, 39.246271 ], [ 31.965503, 39.245936 ], [ 31.965023, 39.245658 ], [ 31.964584, 39.245599 ], [ 31.964523, 39.245535 ], [ 31.963874, 39.245198 ], [ 31.963654, 39.24519 ], [ 31.963499, 39.245207 ], [ 31.963197, 39.245734 ], [ 31.962643, 39.245697 ], [ 31.9623, 39.245895 ], [ 31.962205, 39.245888 ], [ 31.96183, 39.245885 ], [ 31.96157, 39.245604 ], [ 31.961667, 39.245516 ], [ 31.961707, 39.245377 ], [ 31.961699, 39.245279 ], [ 31.96164, 39.245105 ], [ 31.961517, 39.24491 ], [ 31.961441, 39.244811 ], [ 31.961349, 39.244707 ], [ 31.961215, 39.244525 ], [ 31.961118, 39.244439 ], [ 31.961014, 39.244379 ], [ 31.96089, 39.244328 ], [ 31.960828, 39.244307 ], [ 31.960544, 39.244217 ], [ 31.960344, 39.244123 ], [ 31.960196, 39.244003 ], [ 31.960189, 39.243795 ], [ 31.960165, 39.243712 ], [ 31.96011, 39.243609 ], [ 31.960042, 39.24353 ], [ 31.959956, 39.243488 ], [ 31.959752, 39.243457 ], [ 31.959542, 39.243412 ], [ 31.959372, 39.243406 ], [ 31.959242, 39.243352 ], [ 31.958992, 39.243179 ], [ 31.958786, 39.243008 ], [ 31.958617, 39.242846 ], [ 31.958281, 39.242702 ], [ 31.958199, 39.242576 ], [ 31.958221, 39.242527 ], [ 31.958407, 39.242499 ], [ 31.958513, 39.242464 ], [ 31.95862, 39.242357 ], [ 31.958701, 39.242341 ], [ 31.95902, 39.242462 ], [ 31.959087, 39.242502 ], [ 31.95914, 39.242585 ], [ 31.959194, 39.242641 ], [ 31.9593, 39.242662 ], [ 31.959393, 39.242639 ], [ 31.959487, 39.242571 ], [ 31.95963, 39.242054 ], [ 31.95966, 39.241992 ], [ 31.959839, 39.241908 ], [ 31.959887, 39.241806 ], [ 31.959863, 39.241668 ], [ 31.959789, 39.241428 ], [ 31.959888, 39.241256 ], [ 31.959906, 39.24107 ], [ 31.960141, 39.241285 ], [ 31.960179, 39.241081 ], [ 31.959743, 39.240088 ], [ 31.959479, 39.239868 ], [ 31.958709, 39.239796 ], [ 31.958481, 39.239539 ], [ 31.958423, 39.239421 ], [ 31.958468, 39.239419 ], [ 31.958402, 39.239128 ], [ 31.957821, 39.239013 ], [ 31.957711, 39.238963 ], [ 31.957549, 39.238773 ], [ 31.957528, 39.238651 ], [ 31.957463, 39.238582 ], [ 31.957378, 39.238548 ], [ 31.957292, 39.23854 ], [ 31.957212, 39.238559 ], [ 31.957103, 39.238638 ], [ 31.957015, 39.238654 ], [ 31.956897, 39.238689 ], [ 31.956706, 39.238753 ], [ 31.956621, 39.238769 ], [ 31.956528, 39.238759 ], [ 31.956394, 39.238665 ], [ 31.956386, 39.238589 ], [ 31.956478, 39.238517 ], [ 31.956511, 39.23847 ], [ 31.956509, 39.238378 ], [ 31.956473, 39.238269 ], [ 31.956485, 39.238203 ], [ 31.956554, 39.238142 ], [ 31.956674, 39.23773 ], [ 31.956549, 39.237672 ], [ 31.956442, 39.237584 ], [ 31.956361, 39.237495 ], [ 31.956315, 39.237455 ], [ 31.956298, 39.237407 ], [ 31.956308, 39.237309 ], [ 31.956341, 39.237264 ], [ 31.956304, 39.237179 ], [ 31.956241, 39.237104 ], [ 31.956182, 39.236522 ], [ 31.956147, 39.23651 ], [ 31.956048, 39.236074 ], [ 31.956022, 39.236053 ], [ 31.956047, 39.235504 ], [ 31.95613, 39.235066 ], [ 31.956248, 39.234618 ], [ 31.956488, 39.234281 ], [ 31.956395, 39.234128 ], [ 31.956167, 39.234002 ], [ 31.955832, 39.234086 ], [ 31.955725, 39.234118 ], [ 31.955553, 39.234172 ], [ 31.95504, 39.234232 ], [ 31.954795, 39.234137 ], [ 31.954609, 39.234081 ], [ 31.954482, 39.233904 ], [ 31.95473, 39.233515 ], [ 31.954731, 39.233209 ], [ 31.954593, 39.233019 ], [ 31.953851, 39.232636 ], [ 31.953141, 39.232678 ], [ 31.952896, 39.232621 ], [ 31.952458, 39.232279 ], [ 31.952203, 39.232263 ], [ 31.951751, 39.232401 ], [ 31.951564, 39.232309 ], [ 31.951434, 39.232029 ], [ 31.951095, 39.231969 ], [ 31.950389, 39.231599 ], [ 31.950152, 39.231186 ], [ 31.949601, 39.231053 ], [ 31.949563, 39.231109 ], [ 31.949001, 39.231284 ], [ 31.948404, 39.230976 ], [ 31.948008, 39.230863 ], [ 31.947267, 39.231197 ], [ 31.946726, 39.231124 ], [ 31.946212, 39.230962 ], [ 31.945707, 39.231325 ], [ 31.945787, 39.231434 ], [ 31.946176, 39.231926 ], [ 31.946229, 39.232301 ], [ 31.945898, 39.232451 ], [ 31.94573, 39.232456 ], [ 31.945052, 39.232415 ], [ 31.944704, 39.23231 ], [ 31.944808, 39.231664 ], [ 31.944491, 39.231395 ], [ 31.943722, 39.231127 ], [ 31.943499, 39.230875 ], [ 31.943487, 39.230647 ], [ 31.943237, 39.230377 ], [ 31.943239, 39.230207 ], [ 31.942677, 39.230216 ], [ 31.939016, 39.231145 ], [ 31.936562, 39.229495 ], [ 31.93539, 39.229457 ], [ 31.934476, 39.230286 ], [ 31.932356, 39.229805 ], [ 31.930359, 39.229844 ], [ 31.929129, 39.229228 ], [ 31.929054, 39.229301 ], [ 31.928614, 39.229223 ], [ 31.928132, 39.22917 ], [ 31.927888, 39.229274 ], [ 31.927377, 39.229041 ], [ 31.927173, 39.228671 ], [ 31.927145, 39.228458 ], [ 31.926968, 39.228318 ], [ 31.92656, 39.228224 ], [ 31.925514, 39.227743 ], [ 31.925084, 39.227715 ], [ 31.924698, 39.228218 ], [ 31.923478, 39.227659 ], [ 31.924627, 39.226648 ], [ 31.924887, 39.226169 ], [ 31.924789, 39.225657 ], [ 31.926216, 39.223703 ], [ 31.926432, 39.223469 ], [ 31.928287, 39.222498 ], [ 31.928018, 39.222196 ], [ 31.928038, 39.221905 ], [ 31.92836, 39.221392 ], [ 31.928797, 39.221289 ], [ 31.929363, 39.221046 ], [ 31.929672, 39.220675 ], [ 31.929591, 39.220261 ], [ 31.928511, 39.219759 ], [ 31.928, 39.219348 ], [ 31.92768, 39.218537 ], [ 31.928517, 39.217563 ], [ 31.927378, 39.216914 ], [ 31.927188, 39.216747 ], [ 31.926655, 39.216135 ], [ 31.926813, 39.216085 ], [ 31.928122, 39.215589 ], [ 31.927024, 39.214531 ], [ 31.926612, 39.214653 ], [ 31.925574, 39.214862 ], [ 31.925531, 39.213817 ], [ 31.926162, 39.213393 ], [ 31.925769, 39.21312 ], [ 31.925404, 39.2129 ], [ 31.924929, 39.212593 ], [ 31.925174, 39.212444 ], [ 31.9257, 39.212217 ], [ 31.92579, 39.211834 ], [ 31.925872, 39.211491 ], [ 31.925765, 39.211446 ], [ 31.925613, 39.211113 ], [ 31.9259, 39.210654 ], [ 31.926039, 39.210359 ], [ 31.926084, 39.210008 ], [ 31.925844, 39.209643 ], [ 31.925056, 39.20937 ], [ 31.924746, 39.209466 ], [ 31.925366, 39.209835 ], [ 31.925663, 39.210079 ], [ 31.925564, 39.210373 ], [ 31.925231, 39.210395 ], [ 31.924799, 39.210126 ], [ 31.924301, 39.210035 ], [ 31.923856, 39.210099 ], [ 31.923141, 39.210265 ], [ 31.922968, 39.210189 ], [ 31.922707, 39.20962 ], [ 31.922717, 39.209004 ], [ 31.922493, 39.208588 ], [ 31.922051, 39.20851 ], [ 31.921583, 39.208518 ], [ 31.921459, 39.208345 ], [ 31.921517, 39.207973 ], [ 31.92147, 39.20778 ], [ 31.920633, 39.207498 ], [ 31.92046, 39.207308 ], [ 31.920196, 39.206925 ], [ 31.919941, 39.206717 ], [ 31.919432, 39.206922 ], [ 31.919203, 39.207108 ], [ 31.918904, 39.207208 ], [ 31.918522, 39.207025 ], [ 31.91819, 39.206834 ], [ 31.917847, 39.206925 ], [ 31.917588, 39.207282 ], [ 31.917388, 39.20746 ], [ 31.916982, 39.207379 ], [ 31.916655, 39.20717 ], [ 31.916327, 39.207052 ], [ 31.916073, 39.207105 ], [ 31.915754, 39.207111 ], [ 31.915244, 39.206943 ], [ 31.91485, 39.206824 ], [ 31.914331, 39.206631 ], [ 31.913938, 39.206773 ], [ 31.913674, 39.206745 ], [ 31.913154, 39.206551 ], [ 31.912659, 39.206217 ], [ 31.912542, 39.205946 ], [ 31.912564, 39.205621 ], [ 31.912426, 39.205299 ], [ 31.912264, 39.205083 ], [ 31.911977, 39.205111 ], [ 31.91183, 39.205358 ], [ 31.911584, 39.205989 ], [ 31.911334, 39.206136 ], [ 31.911082, 39.206113 ], [ 31.910618, 39.205834 ], [ 31.910452, 39.20558 ], [ 31.910426, 39.205126 ], [ 31.910351, 39.204599 ], [ 31.910466, 39.204275 ], [ 31.910726, 39.2042 ], [ 31.911433, 39.204031 ], [ 31.911759, 39.203949 ], [ 31.911796, 39.203649 ], [ 31.911492, 39.203424 ], [ 31.911057, 39.203446 ], [ 31.91037, 39.203401 ], [ 31.90947, 39.203247 ], [ 31.90907, 39.203157 ], [ 31.908875, 39.202976 ], [ 31.908922, 39.202779 ], [ 31.909266, 39.202556 ], [ 31.909412, 39.202343 ], [ 31.909124, 39.202118 ], [ 31.90866, 39.201878 ], [ 31.908128, 39.201826 ], [ 31.907645, 39.201719 ], [ 31.9075, 39.201529 ], [ 31.907293, 39.201001 ], [ 31.907095, 39.200648 ], [ 31.906661, 39.200605 ], [ 31.906142, 39.200767 ], [ 31.906001, 39.200967 ], [ 31.906123, 39.201272 ], [ 31.90636, 39.20157 ], [ 31.906358, 39.20172 ], [ 31.906185, 39.201872 ], [ 31.906036, 39.201962 ], [ 31.905705, 39.201865 ], [ 31.905619, 39.20185 ], [ 31.905426, 39.201782 ], [ 31.905181, 39.201696 ], [ 31.904975, 39.201505 ], [ 31.904786, 39.201294 ], [ 31.904889, 39.201017 ], [ 31.905207, 39.200703 ], [ 31.905192, 39.200613 ], [ 31.905152, 39.200381 ], [ 31.904774, 39.200292 ], [ 31.90459, 39.200316 ], [ 31.90441, 39.20034 ], [ 31.904, 39.200165 ], [ 31.904098, 39.199862 ], [ 31.904366, 39.199633 ], [ 31.904314, 39.199423 ], [ 31.903784, 39.1992 ], [ 31.903403, 39.198952 ], [ 31.903012, 39.198589 ], [ 31.902344, 39.198416 ], [ 31.90177, 39.198364 ], [ 31.901528, 39.198267 ], [ 31.901237, 39.198152 ], [ 31.900983, 39.198107 ], [ 31.900695, 39.198078 ], [ 31.900651, 39.198074 ], [ 31.900325, 39.19804 ], [ 31.90004, 39.197896 ], [ 31.899919, 39.197825 ], [ 31.899779, 39.197915 ], [ 31.89972, 39.198155 ], [ 31.899705, 39.198409 ], [ 31.899637, 39.198481 ], [ 31.899438, 39.198571 ], [ 31.899396, 39.198577 ], [ 31.89918, 39.19861 ], [ 31.898946, 39.198567 ], [ 31.898885, 39.198556 ], [ 31.898342, 39.198381 ], [ 31.898034, 39.198466 ], [ 31.898032, 39.198467 ], [ 31.897901, 39.198527 ], [ 31.897533, 39.198732 ], [ 31.897404, 39.198752 ], [ 31.897335, 39.198763 ], [ 31.897137, 39.198795 ], [ 31.896893, 39.198849 ], [ 31.896841, 39.198838 ], [ 31.896427, 39.198908 ], [ 31.896348, 39.198973 ], [ 31.896431, 39.199037 ], [ 31.89659, 39.199105 ], [ 31.89698, 39.199097 ], [ 31.897034, 39.199096 ], [ 31.897288, 39.199228 ], [ 31.897464, 39.199386 ], [ 31.897541, 39.199658 ], [ 31.897516, 39.19986 ], [ 31.897378, 39.200125 ], [ 31.897034, 39.200278 ], [ 31.896775, 39.200327 ], [ 31.896572, 39.200366 ], [ 31.895983, 39.200482 ], [ 31.895916, 39.200477 ], [ 31.895693, 39.200462 ], [ 31.895365, 39.200528 ], [ 31.89512, 39.200508 ], [ 31.8945, 39.200571 ], [ 31.893883, 39.200771 ], [ 31.894203, 39.201251 ], [ 31.8941, 39.201427 ], [ 31.894093, 39.201432 ], [ 31.894102, 39.201464 ], [ 31.893862, 39.201618 ], [ 31.893526, 39.201702 ], [ 31.893246, 39.201744 ], [ 31.892766, 39.201816 ], [ 31.892544, 39.201785 ], [ 31.892505, 39.201783 ], [ 31.892143, 39.201764 ], [ 31.891705, 39.201713 ], [ 31.891454, 39.201584 ], [ 31.891331, 39.201457 ], [ 31.89125, 39.201374 ], [ 31.891112, 39.201147 ], [ 31.891093, 39.200944 ], [ 31.891267, 39.200772 ], [ 31.891459, 39.200815 ], [ 31.891624, 39.200718 ], [ 31.891685, 39.200624 ], [ 31.891754, 39.200517 ], [ 31.89188, 39.20005 ], [ 31.892116, 39.199623 ], [ 31.892432, 39.199509 ], [ 31.892592, 39.199511 ], [ 31.892692, 39.199391 ], [ 31.892502, 39.198995 ], [ 31.892284, 39.198786 ], [ 31.892038, 39.198533 ], [ 31.891786, 39.198347 ], [ 31.891697, 39.198166 ], [ 31.891751, 39.197777 ], [ 31.891879, 39.197577 ], [ 31.891934, 39.19749 ], [ 31.892093, 39.197045 ], [ 31.892144, 39.196805 ], [ 31.892055, 39.196502 ], [ 31.891856, 39.196317 ], [ 31.891274, 39.196138 ], [ 31.891226, 39.19614 ], [ 31.891146, 39.196142 ], [ 31.890603, 39.196103 ], [ 31.890322, 39.195856 ], [ 31.890295, 39.195729 ], [ 31.890198, 39.195511 ], [ 31.890434, 39.19549 ], [ 31.890654, 39.195553 ], [ 31.890678, 39.19556 ], [ 31.89073, 39.195612 ], [ 31.890861, 39.195714 ], [ 31.891, 39.195749 ], [ 31.891141, 39.195686 ], [ 31.891144, 39.195684 ], [ 31.891288, 39.195375 ], [ 31.891435, 39.194904 ], [ 31.891583, 39.194465 ], [ 31.891566, 39.194404 ], [ 31.891539, 39.194308 ], [ 31.891236, 39.193926 ], [ 31.890637, 39.193436 ], [ 31.890656, 39.193234 ], [ 31.890989, 39.193108 ], [ 31.891462, 39.193107 ], [ 31.892138, 39.193174 ], [ 31.892436, 39.193027 ], [ 31.892467, 39.192971 ], [ 31.892434, 39.192859 ], [ 31.892423, 39.192834 ], [ 31.891942, 39.192627 ], [ 31.891352, 39.19256 ], [ 31.890929, 39.192409 ], [ 31.890847, 39.192101 ], [ 31.891493, 39.19179 ], [ 31.89165, 39.191648 ], [ 31.891662, 39.191637 ], [ 31.891717, 39.191422 ], [ 31.891543, 39.19111 ], [ 31.89124, 39.190874 ], [ 31.891305, 39.190456 ], [ 31.891326, 39.190374 ], [ 31.891396, 39.190107 ], [ 31.891397, 39.190102 ], [ 31.891254, 39.189637 ], [ 31.890884, 39.189305 ], [ 31.890594, 39.188992 ], [ 31.890457, 39.188629 ], [ 31.890411, 39.188508 ], [ 31.8904, 39.188478 ], [ 31.890022, 39.188591 ], [ 31.889794, 39.188454 ], [ 31.889648, 39.188143 ], [ 31.889574, 39.187337 ], [ 31.889603, 39.18696 ], [ 31.8896, 39.18695 ], [ 31.889554, 39.186805 ], [ 31.889488, 39.186599 ], [ 31.88908, 39.18642 ], [ 31.888673, 39.186258 ], [ 31.888404, 39.186085 ], [ 31.888286, 39.185832 ], [ 31.888411, 39.185644 ], [ 31.88854, 39.185581 ], [ 31.888652, 39.18552 ], [ 31.88874, 39.185431 ], [ 31.888753, 39.185396 ], [ 31.888652, 39.185315 ], [ 31.888259, 39.185287 ], [ 31.887856, 39.185351 ], [ 31.887604, 39.185299 ], [ 31.887183, 39.185062 ], [ 31.886981, 39.184827 ], [ 31.886546, 39.184467 ], [ 31.886464, 39.184154 ], [ 31.886152, 39.183942 ], [ 31.885359, 39.183744 ], [ 31.884897, 39.183568 ], [ 31.88352, 39.183457 ], [ 31.883172, 39.183509 ], [ 31.882717, 39.183872 ], [ 31.882489, 39.184367 ], [ 31.882335, 39.184586 ], [ 31.882282, 39.1846 ], [ 31.882274, 39.184614 ], [ 31.882261, 39.184605 ], [ 31.882, 39.184427 ], [ 31.881726, 39.184213 ], [ 31.881698, 39.184206 ], [ 31.881662, 39.184197 ], [ 31.881497, 39.18429 ], [ 31.88128, 39.184552 ], [ 31.881098, 39.18525 ], [ 31.880792, 39.185516 ], [ 31.880561, 39.185655 ], [ 31.880348, 39.185659 ], [ 31.879983, 39.185809 ], [ 31.87936, 39.185882 ], [ 31.878927, 39.185799 ], [ 31.878209, 39.185884 ], [ 31.877939, 39.18601 ], [ 31.877496, 39.186091 ], [ 31.877001, 39.186031 ], [ 31.876741, 39.186017 ], [ 31.876532, 39.186254 ], [ 31.876183, 39.186416 ], [ 31.875927, 39.186622 ], [ 31.875852, 39.186922 ], [ 31.875664, 39.187307 ], [ 31.875669, 39.187503 ], [ 31.875581, 39.187612 ], [ 31.875226, 39.187615 ], [ 31.87496, 39.18749 ], [ 31.874678, 39.187517 ], [ 31.874413, 39.187514 ], [ 31.874124, 39.187497 ], [ 31.873771, 39.187543 ], [ 31.87326, 39.187459 ], [ 31.872991, 39.18723 ], [ 31.872893, 39.187041 ], [ 31.872802, 39.186925 ], [ 31.872064, 39.186883 ], [ 31.871996, 39.18689 ], [ 31.871375, 39.186943 ], [ 31.871111, 39.186804 ], [ 31.871042, 39.186767 ], [ 31.870969, 39.186599 ], [ 31.870946, 39.186523 ], [ 31.870931, 39.186354 ], [ 31.870923, 39.186266 ], [ 31.870773, 39.186029 ], [ 31.8703, 39.185682 ], [ 31.870062, 39.185402 ], [ 31.870026, 39.185207 ], [ 31.870004, 39.184943 ], [ 31.869684, 39.184862 ], [ 31.869584, 39.184846 ], [ 31.869427, 39.184821 ], [ 31.86936, 39.18481 ], [ 31.869322, 39.18467 ], [ 31.869354, 39.184637 ], [ 31.869404, 39.184586 ], [ 31.869438, 39.184551 ], [ 31.869477, 39.184556 ], [ 31.869529, 39.184534 ], [ 31.86994, 39.184591 ], [ 31.870053, 39.184541 ], [ 31.870108, 39.184472 ], [ 31.870112, 39.183932 ], [ 31.870107, 39.183706 ], [ 31.870002, 39.18366 ], [ 31.869724, 39.183746 ], [ 31.869533, 39.183892 ], [ 31.869192, 39.184278 ], [ 31.86909, 39.184329 ], [ 31.868875, 39.18433 ], [ 31.868766, 39.18425 ], [ 31.868574, 39.184177 ], [ 31.86832, 39.184109 ], [ 31.868109, 39.184093 ], [ 31.868013, 39.184041 ], [ 31.868003, 39.18387 ], [ 31.867992, 39.183843 ], [ 31.867905, 39.183615 ], [ 31.867872, 39.18353 ], [ 31.86789, 39.183428 ], [ 31.867915, 39.183287 ], [ 31.868029, 39.183063 ], [ 31.868112, 39.18296 ], [ 31.868128, 39.18294 ], [ 31.868135, 39.182938 ], [ 31.868578, 39.182807 ], [ 31.868804, 39.182613 ], [ 31.868909, 39.182559 ], [ 31.868997, 39.182487 ], [ 31.86909, 39.182409 ], [ 31.869131, 39.182324 ], [ 31.869044, 39.182202 ], [ 31.868967, 39.182126 ], [ 31.868965, 39.182121 ], [ 31.868902, 39.182079 ], [ 31.868931, 39.181918 ], [ 31.868993, 39.18187 ], [ 31.869131, 39.181763 ], [ 31.869153, 39.18173 ], [ 31.869213, 39.181637 ], [ 31.869084, 39.181476 ], [ 31.869027, 39.181433 ], [ 31.868835, 39.181349 ], [ 31.868734, 39.181397 ], [ 31.868653, 39.181454 ], [ 31.868638, 39.181479 ], [ 31.868472, 39.181777 ], [ 31.868343, 39.181865 ], [ 31.868285, 39.181874 ], [ 31.868189, 39.181826 ], [ 31.868151, 39.181736 ], [ 31.868007, 39.181413 ], [ 31.867983, 39.181332 ], [ 31.867932, 39.181159 ], [ 31.867948, 39.18113 ], [ 31.868068, 39.180914 ], [ 31.86848, 39.180706 ], [ 31.868592, 39.180567 ], [ 31.868544, 39.180483 ], [ 31.86846, 39.180336 ], [ 31.868455, 39.180328 ], [ 31.868339, 39.180189 ], [ 31.868054, 39.180104 ], [ 31.867632, 39.180106 ], [ 31.867382, 39.180076 ], [ 31.86715, 39.180222 ], [ 31.867142, 39.180509 ], [ 31.867355, 39.180681 ], [ 31.867475, 39.180788 ], [ 31.867546, 39.180851 ], [ 31.867538, 39.181042 ], [ 31.867379, 39.181106 ], [ 31.867216, 39.181104 ], [ 31.866964, 39.180931 ], [ 31.86661, 39.1805 ], [ 31.866327, 39.180353 ], [ 31.865924, 39.180274 ], [ 31.865914, 39.180173 ], [ 31.865912, 39.180158 ], [ 31.866005, 39.179868 ], [ 31.866074, 39.179722 ], [ 31.866082, 39.179704 ], [ 31.866219, 39.179607 ], [ 31.866298, 39.179545 ], [ 31.866687, 39.179567 ], [ 31.866929, 39.17951 ], [ 31.867188, 39.179157 ], [ 31.86721, 39.178987 ], [ 31.867218, 39.178923 ], [ 31.867258, 39.178822 ], [ 31.867279, 39.17877 ], [ 31.867344, 39.17873 ], [ 31.867378, 39.178693 ], [ 31.867411, 39.178629 ], [ 31.867406, 39.178574 ], [ 31.867378, 39.178494 ], [ 31.867336, 39.178417 ], [ 31.867204, 39.1783 ], [ 31.867052, 39.178257 ], [ 31.866879, 39.178347 ], [ 31.866738, 39.178465 ], [ 31.866699, 39.178562 ], [ 31.866613, 39.178695 ], [ 31.866414, 39.178773 ], [ 31.86626, 39.178785 ], [ 31.86611, 39.17875 ], [ 31.866086, 39.178667 ], [ 31.866121, 39.178542 ], [ 31.86619, 39.178371 ], [ 31.866228, 39.178229 ], [ 31.866241, 39.178124 ], [ 31.866181, 39.177969 ], [ 31.866093, 39.177797 ], [ 31.865772, 39.177472 ], [ 31.865494, 39.177227 ], [ 31.865098, 39.177012 ], [ 31.864957, 39.176851 ], [ 31.864818, 39.176641 ], [ 31.864674, 39.176466 ], [ 31.864532, 39.176413 ], [ 31.864275, 39.176445 ], [ 31.864146, 39.176523 ], [ 31.864021, 39.176753 ], [ 31.863878, 39.176969 ], [ 31.863613, 39.177074 ], [ 31.863292, 39.176997 ], [ 31.862872, 39.17689 ], [ 31.862588, 39.17703 ], [ 31.862136, 39.177287 ], [ 31.86199, 39.177442 ], [ 31.861887, 39.17754 ], [ 31.861784, 39.17774 ], [ 31.861575, 39.177885 ], [ 31.861552, 39.178008 ], [ 31.861229, 39.178096 ], [ 31.861033, 39.178122 ], [ 31.860927, 39.178175 ], [ 31.860904, 39.178273 ], [ 31.86096, 39.17838 ], [ 31.861132, 39.178563 ], [ 31.861192, 39.17876 ], [ 31.861265, 39.179131 ], [ 31.861399, 39.179341 ], [ 31.861393, 39.179382 ], [ 31.861329, 39.17939 ], [ 31.861229, 39.179381 ], [ 31.861093, 39.179301 ], [ 31.860868, 39.17918 ], [ 31.860617, 39.179063 ], [ 31.860463, 39.179115 ], [ 31.86044, 39.179254 ], [ 31.86034, 39.179577 ], [ 31.860313, 39.179934 ], [ 31.860255, 39.180275 ], [ 31.860189, 39.180393 ], [ 31.859996, 39.180621 ], [ 31.859864, 39.180924 ], [ 31.859773, 39.181038 ], [ 31.859361, 39.181071 ], [ 31.858959, 39.181116 ], [ 31.858605, 39.181162 ], [ 31.858249, 39.181306 ], [ 31.857993, 39.181439 ], [ 31.857593, 39.181536 ], [ 31.85734, 39.181522 ], [ 31.857265, 39.181554 ], [ 31.857202, 39.181565 ], [ 31.857071, 39.181503 ], [ 31.856863, 39.181452 ], [ 31.856677, 39.181404 ], [ 31.856435, 39.181353 ], [ 31.856245, 39.181379 ], [ 31.856038, 39.181726 ], [ 31.85589, 39.182099 ], [ 31.855767, 39.182225 ], [ 31.85548, 39.182341 ], [ 31.855009, 39.18239 ], [ 31.854936, 39.182356 ], [ 31.854917, 39.182229 ], [ 31.854898, 39.182081 ], [ 31.854869, 39.181961 ], [ 31.854827, 39.181908 ], [ 31.854562, 39.182028 ], [ 31.854345, 39.182071 ], [ 31.854106, 39.182122 ], [ 31.853974, 39.182117 ], [ 31.853709, 39.182205 ], [ 31.853571, 39.182252 ], [ 31.85347, 39.182321 ], [ 31.853688, 39.182557 ], [ 31.854027, 39.182774 ], [ 31.854245, 39.18299 ], [ 31.854587, 39.183075 ], [ 31.854791, 39.183184 ], [ 31.854599, 39.183277 ], [ 31.85434, 39.183328 ], [ 31.853564, 39.18334 ], [ 31.853038, 39.183249 ], [ 31.852732, 39.18323 ], [ 31.852605, 39.183282 ], [ 31.85245, 39.183399 ], [ 31.852155, 39.183401 ], [ 31.851876, 39.183332 ], [ 31.851805, 39.183163 ], [ 31.851661, 39.182919 ], [ 31.851543, 39.182709 ], [ 31.851393, 39.182551 ], [ 31.850977, 39.18249 ], [ 31.850763, 39.182344 ], [ 31.850576, 39.182165 ], [ 31.850107, 39.182124 ], [ 31.849669, 39.182211 ], [ 31.849395, 39.182226 ], [ 31.849208, 39.182117 ], [ 31.849006, 39.181737 ], [ 31.848809, 39.181425 ], [ 31.848616, 39.181237 ], [ 31.848525, 39.181059 ], [ 31.848554, 39.180829 ], [ 31.848679, 39.180526 ], [ 31.848707, 39.1803 ], [ 31.848828, 39.179864 ], [ 31.848873, 39.179448 ], [ 31.848845, 39.179187 ], [ 31.848803, 39.178711 ], [ 31.848941, 39.178349 ], [ 31.849028, 39.17804 ], [ 31.849163, 39.177875 ], [ 31.849412, 39.177695 ], [ 31.849653, 39.177624 ], [ 31.849932, 39.177634 ], [ 31.850445, 39.177852 ], [ 31.850604, 39.177709 ], [ 31.850409, 39.177099 ], [ 31.850289, 39.17608 ], [ 31.850131, 39.175616 ], [ 31.849907, 39.175553 ], [ 31.849625, 39.175708 ], [ 31.849472, 39.175698 ], [ 31.849102, 39.175551 ], [ 31.848789, 39.175385 ], [ 31.84798, 39.175058 ], [ 31.846997, 39.174745 ], [ 31.846499, 39.174662 ], [ 31.846152, 39.17463 ], [ 31.845792, 39.174508 ], [ 31.845531, 39.174358 ], [ 31.845158, 39.174048 ], [ 31.844612, 39.173613 ], [ 31.844282, 39.173278 ], [ 31.843963, 39.173009 ], [ 31.843864, 39.172761 ], [ 31.843865, 39.172309 ], [ 31.843778, 39.172122 ], [ 31.843637, 39.17203 ], [ 31.843263, 39.172037 ], [ 31.842788, 39.172228 ], [ 31.842604, 39.172422 ], [ 31.842309, 39.172706 ], [ 31.842273, 39.172932 ], [ 31.842389, 39.17331 ], [ 31.842371, 39.173606 ], [ 31.842123, 39.17376 ], [ 31.841466, 39.173698 ], [ 31.84077, 39.173575 ], [ 31.840224, 39.173434 ], [ 31.839788, 39.173239 ], [ 31.839525, 39.173085 ], [ 31.839351, 39.173063 ], [ 31.838805, 39.173274 ], [ 31.838481, 39.173331 ], [ 31.838202, 39.173449 ], [ 31.837921, 39.173663 ], [ 31.837476, 39.173985 ], [ 31.83613, 39.174357 ], [ 31.835857, 39.173714 ], [ 31.836073, 39.173411 ], [ 31.838761, 39.168378 ], [ 31.838652, 39.167751 ], [ 31.841473, 39.166314 ], [ 31.84046, 39.164503 ], [ 31.840031, 39.161696 ], [ 31.847877, 39.158066 ], [ 31.849136, 39.154586 ], [ 31.848372, 39.147457 ], [ 31.849017, 39.146955 ], [ 31.849162, 39.146828 ], [ 31.849193, 39.14671 ], [ 31.849135, 39.145961 ], [ 31.851409, 39.145443 ], [ 31.854261, 39.142582 ], [ 31.859138, 39.14273 ], [ 31.860701, 39.141571 ], [ 31.861243, 39.14026 ], [ 31.860938, 39.140032 ], [ 31.858805, 39.139288 ], [ 31.858467, 39.138349 ], [ 31.860024, 39.138615 ], [ 31.861697, 39.138311 ], [ 31.863547, 39.138758 ], [ 31.86506, 39.138494 ], [ 31.865094, 39.138552 ], [ 31.865092, 39.138703 ], [ 31.865105, 39.139117 ], [ 31.866697, 39.138297 ], [ 31.86901, 39.137148 ], [ 31.870922, 39.136161 ], [ 31.871466, 39.135895 ], [ 31.871717, 39.135773 ], [ 31.871882, 39.135692 ], [ 31.872073, 39.135599 ], [ 31.872388, 39.135445 ], [ 31.872394, 39.135453 ], [ 31.872517, 39.135401 ], [ 31.872804, 39.135275 ], [ 31.873251, 39.135078 ], [ 31.873631, 39.134931 ], [ 31.873918, 39.134799 ], [ 31.874699, 39.134461 ], [ 31.875014, 39.134299 ], [ 31.875496, 39.134051 ], [ 31.876499, 39.133547 ], [ 31.876992, 39.133315 ], [ 31.877136, 39.133235 ], [ 31.877306, 39.133216 ], [ 31.877762, 39.13316 ], [ 31.878017, 39.132937 ], [ 31.878525, 39.132519 ], [ 31.87883, 39.132251 ], [ 31.879381, 39.131791 ], [ 31.879553, 39.131651 ], [ 31.879697, 39.131533 ], [ 31.880229, 39.131301 ], [ 31.88103, 39.130918 ], [ 31.881511, 39.130703 ], [ 31.881885, 39.130451 ], [ 31.882173, 39.130286 ], [ 31.882625, 39.130035 ], [ 31.883052, 39.12982 ], [ 31.883243, 39.129714 ], [ 31.883496, 39.129578 ], [ 31.884178, 39.129223 ], [ 31.884519, 39.129009 ], [ 31.884629, 39.12895 ], [ 31.885172, 39.128717 ], [ 31.885677, 39.128494 ], [ 31.885858, 39.128408 ], [ 31.886292, 39.128237 ], [ 31.886621, 39.128135 ], [ 31.887151, 39.12795 ], [ 31.887445, 39.12785 ], [ 31.887852, 39.127716 ], [ 31.88793, 39.12769 ], [ 31.888818, 39.127818 ], [ 31.889388, 39.127689 ], [ 31.890256, 39.127464 ], [ 31.891079, 39.127257 ], [ 31.89175, 39.127083 ], [ 31.891857, 39.127056 ], [ 31.892053, 39.127041 ], [ 31.892301, 39.127018 ], [ 31.892861, 39.126968 ], [ 31.893163, 39.126946 ], [ 31.893956, 39.126786 ], [ 31.894306, 39.126832 ], [ 31.894882, 39.126937 ], [ 31.895248, 39.126983 ], [ 31.895611, 39.127019 ], [ 31.895957, 39.12707 ], [ 31.8962, 39.127138 ], [ 31.896378, 39.127199 ], [ 31.896426, 39.127159 ], [ 31.896281, 39.127026 ], [ 31.895314, 39.126017 ], [ 31.893485, 39.124 ], [ 31.893071, 39.123484 ], [ 31.89214, 39.122273 ], [ 31.891869, 39.1219 ], [ 31.891351, 39.121351 ], [ 31.890577, 39.12077 ], [ 31.88969, 39.12016 ], [ 31.889028, 39.119731 ], [ 31.898263, 39.114236 ], [ 31.904324, 39.11047 ], [ 31.904403, 39.110322 ], [ 31.904865, 39.110743 ], [ 31.905135, 39.111019 ], [ 31.906835, 39.110261 ], [ 31.907729, 39.109858 ], [ 31.907084, 39.108745 ], [ 31.906787, 39.108228 ], [ 31.906124, 39.107097 ], [ 31.905683, 39.10631 ], [ 31.905265, 39.10553 ], [ 31.904768, 39.103984 ], [ 31.904521, 39.103358 ], [ 31.904568, 39.103223 ], [ 31.905556, 39.103256 ], [ 31.905624, 39.102821 ], [ 31.905791, 39.101769 ], [ 31.905891, 39.101293 ], [ 31.906137, 39.100181 ], [ 31.906345, 39.099398 ], [ 31.906519, 39.099028 ], [ 31.907057, 39.098436 ], [ 31.907384, 39.098056 ], [ 31.907672, 39.097558 ], [ 31.908127, 39.096802 ], [ 31.909929, 39.097313 ], [ 31.910324, 39.095141 ], [ 31.910485, 39.094462 ], [ 31.909532, 39.094267 ], [ 31.909739, 39.093699 ], [ 31.91, 39.093095 ], [ 31.910252, 39.092294 ], [ 31.910453, 39.09161 ], [ 31.912152, 39.091721 ], [ 31.912226, 39.09085 ], [ 31.912329, 39.089973 ], [ 31.912386, 39.089351 ], [ 31.913642, 39.089336 ], [ 31.915328, 39.089378 ], [ 31.916446, 39.089458 ], [ 31.916712, 39.089056 ], [ 31.917941, 39.089019 ], [ 31.918884, 39.089007 ], [ 31.919839, 39.089053 ], [ 31.920425, 39.089095 ], [ 31.920457, 39.089093 ], [ 31.921301, 39.08896 ], [ 31.922226, 39.088761 ], [ 31.922649, 39.088738 ], [ 31.923426, 39.08882 ], [ 31.924147, 39.088842 ], [ 31.92431, 39.087915 ], [ 31.92362, 39.087848 ], [ 31.9232, 39.084449 ], [ 31.923372, 39.084393 ], [ 31.924137, 39.084142 ], [ 31.924576, 39.083932 ], [ 31.925028, 39.083639 ], [ 31.92554, 39.083447 ], [ 31.925455, 39.083338 ], [ 31.924596, 39.082093 ], [ 31.928095, 39.080337 ], [ 31.928302, 39.080233 ], [ 31.929039, 39.078731 ], [ 31.92652, 39.077078 ], [ 31.926347, 39.077141 ], [ 31.925871, 39.077316 ], [ 31.924654, 39.076326 ], [ 31.924446, 39.076356 ], [ 31.92322, 39.076535 ], [ 31.922937, 39.076042 ], [ 31.923028, 39.074945 ], [ 31.922817, 39.071501 ], [ 31.924738, 39.071887 ], [ 31.926893, 39.072146 ], [ 31.929379, 39.072992 ], [ 31.929818, 39.073075 ], [ 31.9304, 39.073153 ], [ 31.931669, 39.073166 ], [ 31.931886, 39.073191 ], [ 31.932104, 39.073241 ], [ 31.932363, 39.073297 ], [ 31.93272, 39.073334 ], [ 31.932978, 39.073358 ], [ 31.933223, 39.073395 ], [ 31.933435, 39.073434 ], [ 31.933666, 39.073487 ], [ 31.933898, 39.073557 ], [ 31.934142, 39.073621 ], [ 31.934952, 39.073794 ], [ 31.935769, 39.073948 ], [ 31.936558, 39.074127 ], [ 31.937462, 39.074221 ], [ 31.937731, 39.074249 ], [ 31.938068, 39.074284 ], [ 31.938278, 39.074303 ], [ 31.938636, 39.07432 ], [ 31.938711, 39.074324 ], [ 31.938744, 39.074157 ], [ 31.938799, 39.074008 ], [ 31.938826, 39.073996 ], [ 31.93894, 39.073702 ], [ 31.939131, 39.073235 ], [ 31.939363, 39.072761 ], [ 31.939592, 39.072277 ], [ 31.939806, 39.071819 ], [ 31.940078, 39.071261 ], [ 31.9403, 39.070791 ], [ 31.940343, 39.070688 ], [ 31.940513, 39.070244 ], [ 31.940616, 39.069952 ], [ 31.940767, 39.069561 ], [ 31.940968, 39.069001 ], [ 31.940999, 39.068919 ], [ 31.941161, 39.068451 ], [ 31.941352, 39.067929 ], [ 31.941414, 39.067755 ], [ 31.94145, 39.067655 ], [ 31.94155, 39.067396 ], [ 31.941643, 39.067099 ], [ 31.941752, 39.066806 ], [ 31.941805, 39.06665 ], [ 31.941959, 39.06624 ], [ 31.942129, 39.065887 ], [ 31.942171, 39.0654 ], [ 31.942217, 39.064954 ], [ 31.942242, 39.064647 ], [ 31.942007, 39.064156 ], [ 31.941946, 39.06404 ], [ 31.94191, 39.063692 ], [ 31.941857, 39.063321 ], [ 31.941887, 39.062811 ], [ 31.941888, 39.062313 ], [ 31.941889, 39.061764 ], [ 31.941893, 39.061611 ], [ 31.941974, 39.06128 ], [ 31.942056, 39.060948 ], [ 31.942147, 39.060572 ], [ 31.942245, 39.060155 ], [ 31.942313, 39.059888 ], [ 31.942306, 39.059876 ], [ 31.94201, 39.059361 ], [ 31.94175, 39.05892 ], [ 31.941625, 39.058717 ], [ 31.941691, 39.058265 ], [ 31.941328, 39.05776 ], [ 31.940978, 39.05728 ], [ 31.940886, 39.057161 ], [ 31.940523, 39.056695 ], [ 31.940383, 39.056513 ], [ 31.940167, 39.056241 ], [ 31.93974, 39.055708 ], [ 31.939377, 39.055265 ], [ 31.939339, 39.055205 ], [ 31.939314, 39.055174 ], [ 31.93913, 39.054955 ], [ 31.938871, 39.054629 ], [ 31.938818, 39.054548 ], [ 31.938812, 39.054526 ], [ 31.939134, 39.054498 ], [ 31.939122, 39.054437 ], [ 31.939155, 39.054294 ], [ 31.938447, 39.052579 ], [ 31.93848, 39.052479 ], [ 31.938501, 39.052451 ], [ 31.939022, 39.051954 ], [ 31.939427, 39.051544 ], [ 31.939327, 39.051506 ], [ 31.939304, 39.051377 ], [ 31.939445, 39.051188 ], [ 31.939051, 39.048125 ], [ 31.939348, 39.047302 ], [ 31.939357, 39.047304 ], [ 31.93935, 39.047296 ], [ 31.939353, 39.047288 ], [ 31.939531, 39.047202 ], [ 31.939298, 39.046694 ], [ 31.939, 39.045602 ], [ 31.938421, 39.04459 ], [ 31.938231, 39.044232 ], [ 31.937788, 39.04365 ], [ 31.936773, 39.042783 ], [ 31.934071, 39.038621 ], [ 31.932886, 39.03682 ], [ 31.93285, 39.036706 ], [ 31.931378, 39.034771 ], [ 31.929831, 39.032519 ], [ 31.929793, 39.032428 ], [ 31.929772, 39.032376 ], [ 31.929584, 39.032112 ], [ 31.929446, 39.031901 ], [ 31.929418, 39.031847 ], [ 31.928944, 39.030925 ], [ 31.928893, 39.030661 ], [ 31.928838, 39.030418 ], [ 31.92889, 39.030057 ], [ 31.928911, 39.029905 ], [ 31.929188, 39.029189 ], [ 31.929793, 39.026528 ], [ 31.929789, 39.026437 ], [ 31.929806, 39.026381 ], [ 31.929781, 39.026009 ], [ 31.929756, 39.025562 ], [ 31.929752, 39.025444 ], [ 31.930191, 39.024784 ], [ 31.930318, 39.024443 ], [ 31.931132, 39.023391 ], [ 31.931854, 39.02242 ], [ 31.931941, 39.022324 ], [ 31.932105, 39.022137 ], [ 31.932134, 39.022113 ], [ 31.932159, 39.022086 ], [ 31.932216, 39.022024 ], [ 31.932354, 39.021881 ], [ 31.93253, 39.021708 ], [ 31.932627, 39.021622 ], [ 31.932828, 39.021461 ], [ 31.932997, 39.021329 ], [ 31.93315, 39.021194 ], [ 31.93327, 39.021099 ], [ 31.93344, 39.02096 ], [ 31.933485, 39.020927 ], [ 31.93355, 39.020882 ], [ 31.933602, 39.020839 ], [ 31.933713, 39.020752 ], [ 31.933865, 39.020627 ], [ 31.934056, 39.020468 ], [ 31.934312, 39.020261 ], [ 31.934367, 39.020214 ], [ 31.934382, 39.020195 ], [ 31.934505, 39.020091 ], [ 31.934554, 39.02005 ], [ 31.934625, 39.019989 ], [ 31.934713, 39.019915 ], [ 31.93484, 39.019824 ], [ 31.934946, 39.019741 ], [ 31.935124, 39.019608 ], [ 31.935276, 39.019497 ], [ 31.935379, 39.019419 ], [ 31.935459, 39.019344 ], [ 31.93564, 39.019183 ], [ 31.935814, 39.01904 ], [ 31.936013, 39.018883 ], [ 31.936149, 39.018777 ], [ 31.936351, 39.018618 ], [ 31.936461, 39.018519 ], [ 31.936582, 39.018414 ], [ 31.936765, 39.018265 ], [ 31.936844, 39.018209 ], [ 31.937014, 39.018082 ], [ 31.937064, 39.018046 ], [ 31.937193, 39.017956 ], [ 31.937284, 39.017893 ], [ 31.937407, 39.017812 ], [ 31.93749, 39.017754 ], [ 31.937675, 39.017611 ], [ 31.937747, 39.017544 ], [ 31.937827, 39.017479 ], [ 31.937993, 39.017347 ], [ 31.938169, 39.017204 ], [ 31.938332, 39.017063 ], [ 31.938433, 39.016973 ], [ 31.93854, 39.016883 ], [ 31.938593, 39.016846 ], [ 31.938638, 39.016803 ], [ 31.938739, 39.016718 ], [ 31.93888, 39.016605 ], [ 31.939032, 39.016486 ], [ 31.939224, 39.016337 ], [ 31.939322, 39.016258 ], [ 31.939466, 39.016138 ], [ 31.939645, 39.01599 ], [ 31.939812, 39.015855 ], [ 31.939869, 39.015806 ], [ 31.939984, 39.015706 ], [ 31.940162, 39.015561 ], [ 31.94029, 39.015452 ], [ 31.940511, 39.015237 ], [ 31.94069, 39.015028 ], [ 31.940739, 39.014959 ], [ 31.940874, 39.014781 ], [ 31.940961, 39.014672 ], [ 31.941089, 39.014531 ], [ 31.941276, 39.014335 ], [ 31.941424, 39.014166 ], [ 31.941504, 39.014079 ], [ 31.941588, 39.013976 ], [ 31.941794, 39.013741 ], [ 31.94438, 39.01097 ], [ 31.944837, 39.010578 ], [ 31.945268, 39.010195 ], [ 31.945387, 39.010092 ], [ 31.94568, 39.00991 ], [ 31.945996, 39.009713 ], [ 31.94628, 39.009542 ], [ 31.946667, 39.009299 ], [ 31.946833, 39.009202 ], [ 31.947154, 39.008782 ], [ 31.947363, 39.008515 ], [ 31.947374, 39.008494 ], [ 31.947646, 39.008377 ], [ 31.947909, 39.008261 ], [ 31.948018, 39.008213 ], [ 31.948365, 39.008058 ], [ 31.948703, 39.00791 ], [ 31.94926, 39.007666 ], [ 31.949539, 39.00754 ], [ 31.949895, 39.007376 ], [ 31.950189, 39.007244 ], [ 31.950419, 39.007142 ], [ 31.950879, 39.006941 ], [ 31.95121, 39.006792 ], [ 31.951613, 39.006617 ], [ 31.951842, 39.00651 ], [ 31.952053, 39.006422 ], [ 31.952434, 39.006255 ], [ 31.952781, 39.0061 ], [ 31.953094, 39.005964 ], [ 31.953465, 39.005799 ], [ 31.95361, 39.005732 ], [ 31.953798, 39.00566 ], [ 31.953973, 39.005596 ], [ 31.954068, 39.005546 ], [ 31.954139, 39.005494 ], [ 31.954207, 39.005422 ], [ 31.954273, 39.00536 ], [ 31.954321, 39.005309 ], [ 31.954347, 39.005283 ], [ 31.954435, 39.005247 ], [ 31.954815, 39.00488 ], [ 31.954866, 39.00487 ], [ 31.955261, 39.004794 ], [ 31.955483, 39.004745 ], [ 31.95588, 39.004663 ], [ 31.956151, 39.004605 ], [ 31.956762, 39.004484 ], [ 31.957223, 39.004217 ], [ 31.957376, 39.004128 ], [ 31.957536, 39.004036 ], [ 31.95795, 39.003803 ], [ 31.958809, 39.003321 ], [ 31.959098, 39.003186 ], [ 31.959835, 39.002852 ], [ 31.960315, 39.002632 ], [ 31.960937, 39.002348 ], [ 31.961156, 39.002248 ], [ 31.961209, 39.002224 ], [ 31.961012, 39.001985 ], [ 31.960866, 39.001825 ], [ 31.960642, 39.001607 ], [ 31.960569, 39.001534 ], [ 31.96063, 39.001535 ], [ 31.960599, 39.0015 ], [ 31.960741, 39.001489 ], [ 31.960921, 39.001455 ], [ 31.96108, 39.001411 ], [ 31.961288, 39.001336 ], [ 31.961473, 39.001274 ], [ 31.962075, 39.001076 ], [ 31.962315, 39.001022 ], [ 31.962687, 39.000969 ], [ 31.96277, 39.000949 ], [ 31.962938, 39.000909 ], [ 31.963327, 39.000807 ], [ 31.96346, 39.000766 ], [ 31.963691, 39.000707 ], [ 31.964039, 39.000617 ], [ 31.964287, 39.000556 ], [ 31.964732, 39.000444 ], [ 31.965202, 39.000339 ], [ 31.965252, 39.000323 ], [ 31.965591, 39.000227 ], [ 31.965844, 39.000166 ], [ 31.966095, 39.000096 ], [ 31.966229, 39.000067 ], [ 31.967542, 38.99977 ], [ 31.968052, 38.999678 ], [ 31.968744, 38.999537 ], [ 31.969513, 38.999404 ], [ 31.970153, 38.999288 ], [ 31.970817, 38.999173 ], [ 31.971261, 38.999095 ], [ 31.971719, 38.998999 ], [ 31.972157, 38.998926 ], [ 31.972423, 38.998905 ], [ 31.9732, 38.998746 ], [ 31.974644, 38.998426 ], [ 31.974695, 38.998412 ], [ 31.974753, 38.998407 ], [ 31.97518, 38.998308 ], [ 31.975596, 38.998186 ], [ 31.975658, 38.998168 ], [ 31.975802, 38.998126 ], [ 31.975854, 38.998093 ], [ 31.975957, 38.997828 ], [ 31.975976, 38.997776 ], [ 31.976043, 38.997766 ], [ 31.976042, 38.997724 ], [ 31.976085, 38.997703 ], [ 31.976529, 38.997718 ], [ 31.976729, 38.997722 ], [ 31.977205, 38.997733 ], [ 31.977211, 38.997733 ], [ 31.977623, 38.997736 ], [ 31.977839, 38.997724 ], [ 31.978309, 38.997699 ], [ 31.978347, 38.997697 ], [ 31.97863, 38.997682 ], [ 31.979147, 38.997642 ], [ 31.980579, 38.997492 ], [ 31.981808, 38.997362 ], [ 31.982528, 38.997282 ], [ 31.982886, 38.997247 ], [ 31.982894, 38.997245 ], [ 31.983005, 38.997223 ], [ 31.983501, 38.997122 ], [ 31.983905, 38.996991 ], [ 31.984437, 38.996841 ], [ 31.984464, 38.996829 ], [ 31.984876, 38.996652 ], [ 31.984957, 38.996636 ], [ 31.98496, 38.996634 ], [ 31.985033, 38.996581 ], [ 31.985026, 38.99654 ], [ 31.985026, 38.996536 ], [ 31.98505, 38.996529 ], [ 31.985085, 38.996533 ], [ 31.985214, 38.996479 ], [ 31.985175, 38.996427 ], [ 31.985916, 38.996165 ], [ 31.986756, 38.995925 ], [ 31.987117, 38.995826 ], [ 31.987985, 38.995597 ], [ 31.988738, 38.995407 ], [ 31.989752, 38.995124 ], [ 31.989816, 38.995109 ], [ 31.990332, 38.994994 ], [ 31.990484, 38.994966 ], [ 31.990929, 38.9949 ], [ 31.991208, 38.994881 ], [ 31.99172, 38.994879 ], [ 31.991866, 38.994866 ], [ 31.992179, 38.994777 ], [ 31.992246, 38.994804 ], [ 31.992288, 38.994838 ], [ 31.99232, 38.994863 ], [ 31.992506, 38.995106 ], [ 31.992586, 38.995017 ], [ 31.992634, 38.994484 ], [ 31.992672, 38.993812 ], [ 31.99263, 38.993734 ], [ 31.992254, 38.993249 ], [ 31.991921, 38.992769 ], [ 31.991918, 38.992712 ], [ 31.991901, 38.992436 ], [ 31.991821, 38.991563 ], [ 31.99176, 38.991041 ], [ 31.991728, 38.990689 ], [ 31.99187, 38.990666 ], [ 31.991853, 38.990589 ], [ 31.992088, 38.990577 ], [ 31.992089, 38.990509 ], [ 31.992194, 38.990496 ], [ 31.992157, 38.98976 ], [ 31.992117, 38.988962 ], [ 31.992097, 38.987766 ], [ 31.992094, 38.987563 ], [ 31.992088, 38.987052 ], [ 31.992196, 38.986904 ], [ 31.993122, 38.986478 ], [ 31.994049, 38.986047 ], [ 31.994782, 38.985701 ], [ 31.995361, 38.985436 ], [ 31.995478, 38.985384 ], [ 31.995674, 38.985252 ], [ 31.996489, 38.984691 ], [ 31.99726, 38.98416 ], [ 31.997368, 38.98403 ], [ 31.997695, 38.983699 ], [ 31.998232, 38.983139 ], [ 31.998545, 38.982808 ], [ 31.99906, 38.982309 ], [ 31.999201, 38.982198 ], [ 31.999582, 38.981897 ], [ 31.999664, 38.981814 ], [ 31.999784, 38.981729 ], [ 31.999927, 38.981614 ], [ 32.000186, 38.981421 ], [ 32.000333, 38.981321 ], [ 32.000599, 38.981129 ], [ 32.000682, 38.981067 ], [ 32.000749, 38.981015 ], [ 32.000822, 38.980966 ], [ 32.000899, 38.980915 ], [ 32.00105, 38.980818 ], [ 32.001141, 38.980767 ], [ 32.00127, 38.980702 ], [ 32.001431, 38.980618 ], [ 32.001546, 38.980558 ], [ 32.001683, 38.980494 ], [ 32.001924, 38.980376 ], [ 32.002002, 38.98033 ], [ 32.002216, 38.980224 ], [ 32.002446, 38.980112 ], [ 32.0026, 38.98004 ], [ 32.002674, 38.97999 ], [ 32.002764, 38.979955 ], [ 32.002895, 38.979901 ], [ 32.002964, 38.979864 ], [ 32.003134, 38.979771 ], [ 32.003222, 38.979723 ], [ 32.003268, 38.979696 ], [ 32.00333, 38.97965 ], [ 32.003466, 38.979576 ], [ 32.003616, 38.979506 ], [ 32.003669, 38.979479 ], [ 32.003753, 38.979443 ], [ 32.003859, 38.979398 ], [ 32.00393, 38.979371 ], [ 32.004019, 38.979328 ], [ 32.004127, 38.979276 ], [ 32.00422, 38.979231 ], [ 32.004306, 38.979194 ], [ 32.004417, 38.979135 ], [ 32.004431, 38.979127 ], [ 32.004406, 38.979083 ], [ 32.004496, 38.979044 ], [ 32.004632, 38.978979 ], [ 32.004652, 38.978969 ], [ 32.004767, 38.97892 ], [ 32.004864, 38.978881 ], [ 32.005004, 38.978822 ], [ 32.00514, 38.978768 ], [ 32.0052, 38.978744 ], [ 32.00531, 38.978697 ], [ 32.005418, 38.978649 ], [ 32.005552, 38.978586 ], [ 32.005659, 38.978532 ], [ 32.005722, 38.978501 ], [ 32.005811, 38.978464 ], [ 32.00594, 38.978409 ], [ 32.006044, 38.978366 ], [ 32.006173, 38.978317 ], [ 32.00627, 38.978275 ], [ 32.006447, 38.978197 ], [ 32.006477, 38.978184 ], [ 32.006612, 38.978134 ], [ 32.006724, 38.978083 ], [ 32.006857, 38.978028 ], [ 32.006958, 38.977978 ], [ 32.007038, 38.977944 ], [ 32.007126, 38.977904 ], [ 32.007209, 38.977867 ], [ 32.007247, 38.977852 ], [ 32.007309, 38.977817 ], [ 32.007419, 38.977762 ], [ 32.007525, 38.977704 ], [ 32.00762, 38.977646 ], [ 32.007694, 38.977598 ], [ 32.007778, 38.977551 ], [ 32.007847, 38.977505 ], [ 32.007937, 38.977451 ], [ 32.008082, 38.977362 ], [ 32.008149, 38.977321 ], [ 32.008311, 38.977226 ], [ 32.008438, 38.977157 ], [ 32.008527, 38.977104 ], [ 32.008594, 38.977066 ], [ 32.008615, 38.977055 ], [ 32.008638, 38.977053 ], [ 32.008739, 38.977008 ], [ 32.008804, 38.976981 ], [ 32.008896, 38.976935 ], [ 32.009006, 38.976873 ], [ 32.009134, 38.976804 ], [ 32.009211, 38.976756 ], [ 32.009276, 38.976723 ], [ 32.009341, 38.976702 ], [ 32.009484, 38.976646 ], [ 32.009653, 38.976552 ], [ 32.009718, 38.976513 ], [ 32.009819, 38.976452 ], [ 32.009885, 38.976413 ], [ 32.010069, 38.976299 ], [ 32.010218, 38.976214 ], [ 32.010357, 38.976116 ], [ 32.010463, 38.976032 ], [ 32.010507, 38.975988 ], [ 32.010685, 38.975835 ], [ 32.010841, 38.975708 ], [ 32.01098, 38.97559 ], [ 32.011153, 38.975456 ], [ 32.011196, 38.975436 ], [ 32.011377, 38.975307 ], [ 32.01155, 38.975183 ], [ 32.011646, 38.975086 ], [ 32.011691, 38.975035 ], [ 32.011782, 38.97499 ], [ 32.011853, 38.974952 ], [ 32.011881, 38.974934 ], [ 32.011924, 38.974916 ], [ 32.012056, 38.974846 ], [ 32.012123, 38.9748 ], [ 32.012211, 38.974753 ], [ 32.012328, 38.974687 ], [ 32.012457, 38.974634 ], [ 32.012543, 38.974601 ], [ 32.012663, 38.97458 ], [ 32.012897, 38.974488 ], [ 32.013159, 38.974379 ], [ 32.013295, 38.974321 ], [ 32.013454, 38.97426 ], [ 32.013757, 38.97414 ], [ 32.013896, 38.974084 ], [ 32.014239, 38.974003 ], [ 32.014292, 38.973978 ], [ 32.014451, 38.973949 ], [ 32.014568, 38.97393 ], [ 32.014693, 38.973909 ], [ 32.014796, 38.973889 ], [ 32.014916, 38.973872 ], [ 32.014999, 38.973867 ], [ 32.015206, 38.973851 ], [ 32.015384, 38.973846 ], [ 32.015505, 38.973844 ], [ 32.015635, 38.973842 ], [ 32.015725, 38.973841 ], [ 32.015896, 38.973829 ], [ 32.016037, 38.973816 ], [ 32.016134, 38.973806 ], [ 32.016217, 38.973797 ], [ 32.016354, 38.973785 ], [ 32.016462, 38.973776 ], [ 32.016544, 38.973768 ], [ 32.016602, 38.973764 ], [ 32.016701, 38.973752 ], [ 32.016872, 38.973735 ], [ 32.017026, 38.973717 ], [ 32.017135, 38.973698 ], [ 32.017222, 38.973683 ], [ 32.017277, 38.97368 ], [ 32.017432, 38.973671 ], [ 32.017562, 38.973667 ], [ 32.017644, 38.973665 ], [ 32.017711, 38.97366 ], [ 32.017793, 38.97365 ], [ 32.017844, 38.973645 ], [ 32.017905, 38.973638 ], [ 32.017986, 38.973628 ], [ 32.018043, 38.973623 ], [ 32.018151, 38.973611 ], [ 32.018366, 38.973599 ], [ 32.018511, 38.973592 ], [ 32.018679, 38.973582 ], [ 32.018815, 38.973574 ], [ 32.018987, 38.97357 ], [ 32.019185, 38.973573 ], [ 32.019249, 38.973571 ], [ 32.019384, 38.973572 ], [ 32.019533, 38.973569 ], [ 32.019698, 38.973567 ], [ 32.019838, 38.973569 ], [ 32.019862, 38.973565 ], [ 32.019982, 38.973562 ], [ 32.020113, 38.973561 ], [ 32.020304, 38.973564 ], [ 32.020369, 38.973566 ], [ 32.02057, 38.973567 ], [ 32.020655, 38.973571 ], [ 32.020718, 38.973576 ], [ 32.020777, 38.973579 ], [ 32.020822, 38.973581 ], [ 32.020916, 38.973583 ], [ 32.021024, 38.973584 ], [ 32.021056, 38.973584 ], [ 32.021093, 38.973583 ], [ 32.021159, 38.973583 ], [ 32.021279, 38.973582 ], [ 32.021375, 38.973583 ], [ 32.021514, 38.973586 ], [ 32.021673, 38.973591 ], [ 32.021743, 38.973593 ], [ 32.021789, 38.973589 ], [ 32.02201, 38.973591 ], [ 32.022146, 38.973591 ], [ 32.022365, 38.973594 ], [ 32.0224, 38.973592 ], [ 32.02254, 38.973593 ], [ 32.022557, 38.973593 ], [ 32.022634, 38.97359 ], [ 32.022801, 38.973587 ], [ 32.023006, 38.973586 ], [ 32.02303, 38.973582 ], [ 32.023167, 38.97358 ], [ 32.023283, 38.973578 ], [ 32.023346, 38.973574 ], [ 32.023462, 38.973573 ], [ 32.023521, 38.973572 ], [ 32.023587, 38.973571 ], [ 32.023671, 38.973569 ], [ 32.023863, 38.973566 ], [ 32.024015, 38.973559 ], [ 32.024229, 38.973549 ], [ 32.024637, 38.97353 ], [ 32.02467, 38.973505 ], [ 32.024769, 38.97349 ], [ 32.024979, 38.973465 ], [ 32.025134, 38.973453 ], [ 32.025328, 38.973444 ], [ 32.025428, 38.973443 ], [ 32.025452, 38.973438 ], [ 32.02554, 38.973436 ], [ 32.025699, 38.973432 ], [ 32.025919, 38.973428 ], [ 32.026077, 38.973422 ], [ 32.026155, 38.97342 ], [ 32.026208, 38.973416 ], [ 32.026304, 38.973414 ], [ 32.026387, 38.973415 ], [ 32.026414, 38.97341 ], [ 32.026468, 38.973411 ], [ 32.02655, 38.973407 ], [ 32.026598, 38.973406 ], [ 32.026677, 38.973402 ], [ 32.026896, 38.973392 ], [ 32.027054, 38.973389 ], [ 32.02713, 38.973387 ], [ 32.027248, 38.973383 ], [ 32.027328, 38.973378 ], [ 32.027398, 38.973369 ], [ 32.027493, 38.97336 ], [ 32.027584, 38.97335 ], [ 32.027668, 38.973333 ], [ 32.02779, 38.973312 ], [ 32.02788, 38.973293 ], [ 32.027952, 38.973276 ], [ 32.028047, 38.973259 ], [ 32.028151, 38.973229 ], [ 32.028312, 38.973193 ], [ 32.028478, 38.97315 ], [ 32.02869, 38.973094 ], [ 32.028843, 38.973046 ], [ 32.028997, 38.973003 ], [ 32.029136, 38.972966 ], [ 32.029277, 38.972934 ], [ 32.029339, 38.972916 ], [ 32.029422, 38.972897 ], [ 32.029549, 38.972863 ], [ 32.029609, 38.972852 ], [ 32.029725, 38.972828 ], [ 32.029842, 38.972801 ], [ 32.029957, 38.972778 ], [ 32.030068, 38.972752 ], [ 32.030155, 38.972734 ], [ 32.030337, 38.972698 ], [ 32.030484, 38.972668 ], [ 32.030533, 38.972653 ], [ 32.03064, 38.972634 ], [ 32.030719, 38.972613 ], [ 32.030737, 38.972608 ], [ 32.030826, 38.972584 ], [ 32.030953, 38.972551 ], [ 32.031097, 38.972514 ], [ 32.031267, 38.972476 ], [ 32.031428, 38.972439 ], [ 32.031606, 38.972395 ], [ 32.031839, 38.972339 ], [ 32.031948, 38.972318 ], [ 32.031986, 38.972306 ], [ 32.032067, 38.972293 ], [ 32.032179, 38.972269 ], [ 32.032297, 38.972244 ], [ 32.03254, 38.9722 ], [ 32.032659, 38.972178 ], [ 32.032784, 38.972149 ], [ 32.032964, 38.972123 ], [ 32.033149, 38.972108 ], [ 32.033287, 38.972078 ], [ 32.033464, 38.972027 ], [ 32.03367, 38.971971 ], [ 32.033749, 38.971947 ], [ 32.033886, 38.971896 ], [ 32.03403, 38.971826 ], [ 32.034042, 38.971816 ], [ 32.034115, 38.971758 ], [ 32.034167, 38.971717 ], [ 32.034344, 38.971568 ], [ 32.034399, 38.971533 ], [ 32.034553, 38.971429 ], [ 32.034704, 38.971333 ], [ 32.034762, 38.971295 ], [ 32.03478, 38.971282 ], [ 32.034811, 38.971259 ], [ 32.034845, 38.971234 ], [ 32.034957, 38.971152 ], [ 32.035142, 38.971015 ], [ 32.035175, 38.970994 ], [ 32.035231, 38.970965 ], [ 32.035345, 38.9709 ], [ 32.03543, 38.970852 ], [ 32.03557, 38.970779 ], [ 32.035678, 38.970713 ], [ 32.035779, 38.970654 ], [ 32.035861, 38.97061 ], [ 32.035903, 38.970586 ], [ 32.035992, 38.970534 ], [ 32.036125, 38.970453 ], [ 32.036272, 38.970372 ], [ 32.036356, 38.970314 ], [ 32.03641, 38.970283 ], [ 32.036442, 38.970265 ], [ 32.036502, 38.97023 ], [ 32.0366, 38.970172 ], [ 32.036684, 38.970117 ], [ 32.036789, 38.970055 ], [ 32.036893, 38.969987 ], [ 32.037024, 38.969907 ], [ 32.037189, 38.969807 ], [ 32.037358, 38.969703 ], [ 32.037508, 38.969619 ], [ 32.03759, 38.969564 ], [ 32.037836, 38.969418 ], [ 32.03808, 38.969276 ], [ 32.038255, 38.969162 ], [ 32.038369, 38.969088 ], [ 32.038573, 38.968943 ], [ 32.038737, 38.968847 ], [ 32.038907, 38.968739 ], [ 32.039049, 38.968653 ], [ 32.039308, 38.968508 ], [ 32.039557, 38.968351 ], [ 32.03968, 38.968284 ], [ 32.039704, 38.96826 ], [ 32.039764, 38.968229 ], [ 32.039903, 38.968135 ], [ 32.040016, 38.968065 ], [ 32.040177, 38.967963 ], [ 32.040329, 38.967866 ], [ 32.040446, 38.967785 ], [ 32.040563, 38.967714 ], [ 32.040667, 38.967653 ], [ 32.040778, 38.967596 ], [ 32.040911, 38.967525 ], [ 32.040946, 38.9675 ], [ 32.041037, 38.967455 ], [ 32.041173, 38.967374 ], [ 32.041302, 38.967284 ], [ 32.041382, 38.967245 ], [ 32.041466, 38.967191 ], [ 32.041523, 38.967161 ], [ 32.041587, 38.967123 ], [ 32.041633, 38.967096 ], [ 32.041667, 38.967075 ], [ 32.041807, 38.966997 ], [ 32.041864, 38.966961 ], [ 32.041914, 38.966929 ], [ 32.041983, 38.966893 ], [ 32.04206, 38.966852 ], [ 32.042143, 38.96681 ], [ 32.04224, 38.966759 ], [ 32.042326, 38.966712 ], [ 32.042414, 38.966659 ], [ 32.042517, 38.966594 ], [ 32.042567, 38.966562 ], [ 32.042617, 38.966617 ], [ 32.04263, 38.966613 ], [ 32.042642, 38.96661 ], [ 32.042712, 38.966686 ], [ 32.042717, 38.966691 ], [ 32.042734, 38.966709 ], [ 32.042753, 38.9667 ], [ 32.042807, 38.966681 ], [ 32.042872, 38.966656 ], [ 32.042945, 38.966636 ], [ 32.04308, 38.966599 ], [ 32.043219, 38.966556 ], [ 32.043386, 38.966503 ], [ 32.043513, 38.966464 ], [ 32.043554, 38.966451 ], [ 32.04357, 38.966443 ], [ 32.043616, 38.966427 ], [ 32.04363, 38.966422 ], [ 32.043639, 38.966419 ], [ 32.043646, 38.966417 ], [ 32.043689, 38.966403 ], [ 32.043885, 38.966335 ], [ 32.04405, 38.966275 ], [ 32.044123, 38.966252 ], [ 32.044458, 38.966153 ], [ 32.04475, 38.966071 ], [ 32.04479, 38.966055 ], [ 32.044882, 38.966025 ], [ 32.045007, 38.965991 ], [ 32.045029, 38.965981 ], [ 32.045206, 38.965934 ], [ 32.045273, 38.965912 ], [ 32.045287, 38.965935 ], [ 32.045477, 38.966362 ], [ 32.045488, 38.966397 ], [ 32.045533, 38.966489 ], [ 32.045585, 38.966606 ], [ 32.045621, 38.96669 ], [ 32.045781, 38.96664 ], [ 32.045889, 38.966608 ], [ 32.045992, 38.966577 ], [ 32.046092, 38.96655 ], [ 32.046197, 38.966525 ], [ 32.046246, 38.966508 ], [ 32.046317, 38.966489 ], [ 32.046402, 38.966467 ], [ 32.046466, 38.966449 ], [ 32.046516, 38.966433 ], [ 32.046568, 38.966423 ], [ 32.046656, 38.966401 ], [ 32.046752, 38.966373 ], [ 32.046815, 38.966358 ], [ 32.046934, 38.966325 ], [ 32.047035, 38.966301 ], [ 32.04711, 38.966278 ], [ 32.047182, 38.966261 ], [ 32.047285, 38.966228 ], [ 32.047399, 38.966194 ], [ 32.047423, 38.96618 ], [ 32.047493, 38.966161 ], [ 32.047533, 38.966154 ], [ 32.047655, 38.966122 ], [ 32.047828, 38.966068 ], [ 32.047967, 38.966023 ], [ 32.048093, 38.965987 ], [ 32.048144, 38.965969 ], [ 32.048233, 38.96594 ], [ 32.048329, 38.965917 ], [ 32.048463, 38.965881 ], [ 32.048533, 38.965865 ], [ 32.048649, 38.965832 ], [ 32.048777, 38.965795 ], [ 32.048871, 38.96577 ], [ 32.048914, 38.965754 ], [ 32.048991, 38.965735 ], [ 32.049124, 38.965694 ], [ 32.049251, 38.965654 ], [ 32.04937, 38.965622 ], [ 32.049501, 38.965586 ], [ 32.049638, 38.965544 ], [ 32.049712, 38.965525 ], [ 32.049876, 38.965479 ], [ 32.050005, 38.965432 ], [ 32.050134, 38.965393 ], [ 32.050258, 38.96535 ], [ 32.050369, 38.965317 ], [ 32.050487, 38.965278 ], [ 32.05061, 38.96524 ], [ 32.050615, 38.965238 ], [ 32.052859, 38.964613 ], [ 32.052926, 38.964601 ], [ 32.053004, 38.964572 ], [ 32.054675, 38.964106 ], [ 32.055486, 38.963885 ], [ 32.055559, 38.963866 ], [ 32.055626, 38.963846 ], [ 32.055986, 38.963748 ], [ 32.056123, 38.963716 ], [ 32.0563, 38.963665 ], [ 32.056466, 38.963623 ], [ 32.056682, 38.963563 ], [ 32.056864, 38.963517 ], [ 32.057, 38.963478 ], [ 32.057122, 38.963444 ], [ 32.057222, 38.963419 ], [ 32.057353, 38.963388 ], [ 32.057502, 38.963353 ], [ 32.057684, 38.963307 ], [ 32.05783, 38.963269 ], [ 32.058048, 38.963214 ], [ 32.058175, 38.963176 ], [ 32.058287, 38.963143 ], [ 32.058472, 38.963095 ], [ 32.058651, 38.963044 ], [ 32.058815, 38.96299 ], [ 32.058956, 38.962948 ], [ 32.05907, 38.962911 ], [ 32.05918, 38.962876 ], [ 32.059194, 38.962872 ], [ 32.059644, 38.962749 ], [ 32.062986, 38.96178 ], [ 32.063088, 38.961754 ], [ 32.063202, 38.961719 ], [ 32.063322, 38.961683 ], [ 32.063442, 38.961649 ], [ 32.063557, 38.961616 ], [ 32.063668, 38.961585 ], [ 32.063807, 38.961545 ], [ 32.063947, 38.961502 ], [ 32.064108, 38.961456 ], [ 32.064212, 38.961425 ], [ 32.064279, 38.961405 ], [ 32.064393, 38.961374 ], [ 32.064444, 38.961358 ], [ 32.06493, 38.961216 ], [ 32.065013, 38.961199 ], [ 32.065141, 38.961174 ], [ 32.065166, 38.961169 ], [ 32.065354, 38.961131 ], [ 32.065636, 38.961074 ], [ 32.065737, 38.961051 ], [ 32.065868, 38.961007 ], [ 32.06598, 38.960955 ], [ 32.066021, 38.960928 ], [ 32.066025, 38.960926 ], [ 32.066102, 38.960803 ], [ 32.06612, 38.960766 ], [ 32.066125, 38.960755 ], [ 32.066195, 38.960697 ], [ 32.066199, 38.9607 ], [ 32.066264, 38.960653 ], [ 32.066363, 38.960574 ], [ 32.06661, 38.960371 ], [ 32.066938, 38.960116 ], [ 32.067201, 38.959907 ], [ 32.067737, 38.95948 ], [ 32.067906, 38.959335 ], [ 32.068134, 38.959155 ], [ 32.068192, 38.959152 ], [ 32.068231, 38.959065 ], [ 32.068347, 38.959068 ], [ 32.068453, 38.959075 ], [ 32.068608, 38.959078 ], [ 32.068767, 38.959081 ], [ 32.068949, 38.959081 ], [ 32.069122, 38.959087 ], [ 32.069327, 38.959095 ], [ 32.069413, 38.959101 ], [ 32.069549, 38.959099 ], [ 32.069635, 38.959095 ], [ 32.069794, 38.95909 ], [ 32.06998, 38.959086 ], [ 32.070195, 38.959085 ], [ 32.070443, 38.959097 ], [ 32.070639, 38.959113 ], [ 32.070649, 38.959086 ], [ 32.070701, 38.959087 ], [ 32.070741, 38.959088 ], [ 32.070826, 38.959024 ], [ 32.071223, 38.958822 ], [ 32.071289, 38.958825 ], [ 32.071427, 38.958838 ], [ 32.071591, 38.958864 ], [ 32.071782, 38.958907 ], [ 32.071929, 38.958928 ], [ 32.0724, 38.959226 ], [ 32.072442, 38.959263 ], [ 32.072545, 38.959344 ], [ 32.072688, 38.959412 ], [ 32.072843, 38.959462 ], [ 32.072996, 38.959491 ], [ 32.07316, 38.95952 ], [ 32.073374, 38.959562 ], [ 32.073647, 38.959553 ], [ 32.073868, 38.959546 ], [ 32.074011, 38.959543 ], [ 32.074122, 38.959548 ], [ 32.074233, 38.959575 ], [ 32.074339, 38.959613 ], [ 32.074444, 38.959604 ], [ 32.074456, 38.959597 ], [ 32.074506, 38.959608 ], [ 32.074538, 38.959391 ], [ 32.074358, 38.958649 ], [ 32.074387, 38.957598 ], [ 32.074439, 38.9576 ], [ 32.074622, 38.957606 ], [ 32.075474, 38.957721 ], [ 32.075777, 38.957752 ], [ 32.092125, 38.959709 ], [ 32.094159, 38.959996 ], [ 32.094407, 38.959982 ], [ 32.096525, 38.959388 ], [ 32.097956, 38.958967 ], [ 32.098455, 38.958827 ], [ 32.099296, 38.958574 ], [ 32.099446, 38.958526 ], [ 32.103066, 38.957365 ], [ 32.104224, 38.956997 ], [ 32.105566, 38.956675 ], [ 32.105559, 38.956551 ], [ 32.105638, 38.956528 ], [ 32.105671, 38.956499 ], [ 32.105646, 38.9562 ], [ 32.105416, 38.954538 ], [ 32.105352, 38.954073 ], [ 32.105383, 38.954066 ], [ 32.105393, 38.954064 ], [ 32.109782, 38.953058 ], [ 32.119423, 38.950728 ], [ 32.119463, 38.951357 ], [ 32.119485, 38.951684 ], [ 32.119531, 38.952343 ], [ 32.119574, 38.952986 ], [ 32.119591, 38.953247 ], [ 32.119629, 38.953802 ], [ 32.119705, 38.954869 ], [ 32.119762, 38.955784 ], [ 32.119846, 38.956855 ], [ 32.119852, 38.956935 ], [ 32.119859, 38.957053 ], [ 32.119904, 38.958101 ], [ 32.119941, 38.95894 ], [ 32.121397, 38.958911 ], [ 32.123442, 38.95887 ], [ 32.124599, 38.958849 ], [ 32.126137, 38.9588 ], [ 32.126726, 38.958778 ], [ 32.128118, 38.958745 ], [ 32.130322, 38.958692 ], [ 32.130577, 38.958687 ], [ 32.130891, 38.958681 ], [ 32.131645, 38.958666 ], [ 32.132487, 38.958639 ], [ 32.133575, 38.958559 ], [ 32.133616, 38.958556 ], [ 32.134327, 38.958505 ], [ 32.135203, 38.958443 ], [ 32.135536, 38.95842 ], [ 32.137154, 38.958312 ], [ 32.137829, 38.958268 ], [ 32.138836, 38.958203 ], [ 32.140165, 38.958109 ], [ 32.141142, 38.958047 ], [ 32.141238, 38.959257 ], [ 32.141278, 38.959754 ], [ 32.141314, 38.960235 ], [ 32.141335, 38.960518 ], [ 32.14137, 38.961017 ], [ 32.141373, 38.961062 ], [ 32.141435, 38.96182 ], [ 32.141449, 38.961993 ], [ 32.141516, 38.962763 ], [ 32.141587, 38.963526 ], [ 32.141641, 38.964222 ], [ 32.141666, 38.964601 ], [ 32.141667, 38.964623 ], [ 32.141748, 38.96552 ], [ 32.141755, 38.965614 ], [ 32.141826, 38.966574 ], [ 32.141902, 38.96743 ], [ 32.141975, 38.96835 ], [ 32.142001, 38.968675 ], [ 32.14204, 38.969123 ], [ 32.142108, 38.970092 ], [ 32.142162, 38.970761 ], [ 32.142207, 38.971324 ], [ 32.142289, 38.972322 ], [ 32.142394, 38.973624 ], [ 32.142583, 38.975926 ], [ 32.142637, 38.976717 ], [ 32.142696, 38.97729 ], [ 32.142792, 38.978789 ], [ 32.142831, 38.97886 ], [ 32.143191, 38.982088 ], [ 32.143256, 38.982668 ], [ 32.143503, 38.984919 ], [ 32.143641, 38.986169 ], [ 32.143657, 38.986312 ], [ 32.143993, 38.989353 ], [ 32.144006, 38.989472 ], [ 32.144192, 38.991182 ], [ 32.14426, 38.991808 ], [ 32.144495, 38.993976 ], [ 32.144033, 38.994077 ], [ 32.14352, 38.994189 ], [ 32.141848, 38.994379 ], [ 32.141192, 38.994453 ], [ 32.137689, 38.994848 ], [ 32.137661, 38.995961 ], [ 32.137618, 38.997619 ], [ 32.137549, 38.999008 ], [ 32.137573, 38.999753 ], [ 32.137607, 39.001717 ], [ 32.137558, 39.002966 ], [ 32.137622, 39.00417 ], [ 32.137648, 39.00566 ], [ 32.136264, 39.005714 ], [ 32.134719, 39.005748 ], [ 32.134648, 39.00575 ], [ 32.133853, 39.005767 ], [ 32.133176, 39.005793 ], [ 32.132877, 39.006755 ], [ 32.132185, 39.008876 ], [ 32.131955, 39.009667 ], [ 32.131592, 39.01076 ], [ 32.131559, 39.010861 ], [ 32.131521, 39.010977 ], [ 32.131164, 39.012069 ], [ 32.130828, 39.013117 ], [ 32.1305, 39.01411 ], [ 32.130403, 39.014412 ], [ 32.130317, 39.014674 ], [ 32.130236, 39.014924 ], [ 32.1301, 39.015353 ], [ 32.129903, 39.015983 ], [ 32.129848, 39.016346 ], [ 32.129833, 39.016555 ], [ 32.129799, 39.01674 ], [ 32.129726, 39.016886 ], [ 32.129677, 39.016996 ], [ 32.129543, 39.01736 ], [ 32.129198, 39.018463 ], [ 32.129086, 39.018848 ], [ 32.128508, 39.020644 ], [ 32.128184, 39.021557 ], [ 32.127884, 39.02249 ], [ 32.127739, 39.022937 ], [ 32.127478, 39.023755 ], [ 32.12739, 39.024114 ], [ 32.127242, 39.024702 ], [ 32.127179, 39.024928 ], [ 32.127067, 39.02535 ], [ 32.127024, 39.025521 ], [ 32.126997, 39.025707 ], [ 32.127004, 39.025835 ], [ 32.127035, 39.025908 ], [ 32.129111, 39.026096 ], [ 32.130751, 39.026242 ], [ 32.132379, 39.026394 ], [ 32.133381, 39.026481 ], [ 32.133714, 39.025205 ], [ 32.134033, 39.024002 ], [ 32.134303, 39.023081 ], [ 32.134413, 39.022716 ], [ 32.134544, 39.022234 ], [ 32.134821, 39.021101 ], [ 32.135051, 39.020099 ], [ 32.135071, 39.02002 ], [ 32.135109, 39.019869 ], [ 32.135165, 39.019759 ], [ 32.135781, 39.019121 ], [ 32.135985, 39.018875 ], [ 32.136144, 39.018637 ], [ 32.136315, 39.018482 ], [ 32.13662, 39.018206 ], [ 32.136712, 39.018104 ], [ 32.136906, 39.01779 ], [ 32.137111, 39.017371 ], [ 32.137279, 39.017053 ], [ 32.137421, 39.016727 ], [ 32.137596, 39.016194 ], [ 32.137725, 39.015712 ], [ 32.137839, 39.015363 ], [ 32.138024, 39.015097 ], [ 32.138348, 39.014571 ], [ 32.138523, 39.014265 ], [ 32.13881, 39.013712 ], [ 32.139103, 39.013099 ], [ 32.139212, 39.013003 ], [ 32.139329, 39.012965 ], [ 32.139426, 39.012965 ], [ 32.139774, 39.013059 ], [ 32.139827, 39.013073 ], [ 32.141511, 39.013498 ], [ 32.142708, 39.013741 ], [ 32.145094, 39.014198 ], [ 32.14526, 39.014229 ], [ 32.14637, 39.01444 ], [ 32.149562, 39.015074 ], [ 32.149646, 39.015094 ], [ 32.150248, 39.015205 ], [ 32.150553, 39.015257 ], [ 32.150819, 39.015305 ], [ 32.15158, 39.015446 ], [ 32.152801, 39.015666 ], [ 32.153966, 39.015876 ], [ 32.154696, 39.016005 ], [ 32.15648, 39.016329 ], [ 32.156449, 39.016413 ], [ 32.156415, 39.016492 ], [ 32.156386, 39.016599 ], [ 32.156331, 39.016812 ], [ 32.156259, 39.017096 ], [ 32.155675, 39.019291 ], [ 32.155247, 39.020912 ], [ 32.154897, 39.022323 ], [ 32.154731, 39.022966 ], [ 32.154583, 39.023566 ], [ 32.154465, 39.02403 ], [ 32.154332, 39.024548 ], [ 32.154091, 39.02548 ], [ 32.153785, 39.026627 ], [ 32.153375, 39.028193 ], [ 32.152956, 39.029811 ], [ 32.152777, 39.030491 ], [ 32.152663, 39.030944 ], [ 32.152596, 39.031217 ], [ 32.152779, 39.031189 ], [ 32.153086, 39.031162 ], [ 32.153572, 39.031139 ], [ 32.153824, 39.031147 ], [ 32.154003, 39.03117 ], [ 32.154599, 39.031252 ], [ 32.154802, 39.03127 ], [ 32.155057, 39.031275 ], [ 32.15538, 39.031269 ], [ 32.155751, 39.031264 ], [ 32.156135, 39.031265 ], [ 32.156672, 39.031313 ], [ 32.158051, 39.031405 ], [ 32.159649, 39.031574 ], [ 32.16012, 39.031646 ], [ 32.160723, 39.031727 ], [ 32.161169, 39.031802 ], [ 32.161519, 39.031797 ], [ 32.161632, 39.031771 ], [ 32.161703, 39.031779 ], [ 32.161864, 39.031777 ], [ 32.162107, 39.031764 ], [ 32.162652, 39.03178 ], [ 32.163111, 39.031845 ], [ 32.163389, 39.031893 ], [ 32.164215, 39.03203 ], [ 32.164631, 39.032113 ], [ 32.165273, 39.032217 ], [ 32.165708, 39.032293 ], [ 32.166098, 39.032368 ], [ 32.166445, 39.032443 ], [ 32.166985, 39.032534 ], [ 32.167244, 39.032556 ], [ 32.167632, 39.032606 ], [ 32.167947, 39.032673 ], [ 32.168141, 39.032727 ], [ 32.168284, 39.032771 ], [ 32.168434, 39.032836 ], [ 32.168626, 39.032946 ], [ 32.16884, 39.033061 ], [ 32.169145, 39.03309 ], [ 32.169504, 39.033106 ], [ 32.169842, 39.033112 ], [ 32.170237, 39.033159 ], [ 32.170494, 39.03318 ], [ 32.1708, 39.033202 ], [ 32.171531, 39.033253 ], [ 32.171909, 39.033273 ], [ 32.172199, 39.033289 ], [ 32.172522, 39.033284 ], [ 32.172725, 39.03326 ], [ 32.17299, 39.033197 ], [ 32.173392, 39.033127 ], [ 32.173484, 39.033117 ], [ 32.173579, 39.033133 ], [ 32.173687, 39.033198 ], [ 32.173805, 39.033289 ], [ 32.174109, 39.033522 ], [ 32.174335, 39.033657 ], [ 32.17447, 39.033708 ], [ 32.174577, 39.033734 ], [ 32.174703, 39.03376 ], [ 32.174853, 39.033793 ], [ 32.175052, 39.033824 ], [ 32.175197, 39.033827 ], [ 32.175376, 39.033805 ], [ 32.175675, 39.033742 ], [ 32.175835, 39.033713 ], [ 32.175917, 39.033703 ], [ 32.176001, 39.0337 ], [ 32.176092, 39.03371 ], [ 32.176215, 39.033749 ], [ 32.176319, 39.033779 ], [ 32.176346, 39.033787 ], [ 32.176705, 39.033742 ], [ 32.176765, 39.033734 ], [ 32.177147, 39.033696 ], [ 32.177481, 39.033664 ], [ 32.177789, 39.033634 ], [ 32.178093, 39.033597 ], [ 32.17837, 39.03357 ], [ 32.178643, 39.033541 ], [ 32.179267, 39.033473 ], [ 32.17962, 39.033436 ], [ 32.179979, 39.033398 ], [ 32.180446, 39.033345 ], [ 32.180548, 39.033333 ], [ 32.180765, 39.033298 ], [ 32.18119, 39.033231 ], [ 32.181678, 39.033155 ], [ 32.181967, 39.033112 ], [ 32.182278, 39.033067 ], [ 32.182243, 39.032943 ], [ 32.182158, 39.032581 ], [ 32.182111, 39.032342 ], [ 32.182046, 39.032076 ], [ 32.181995, 39.03184 ], [ 32.181954, 39.031639 ], [ 32.181888, 39.031356 ], [ 32.181808, 39.031057 ], [ 32.182023, 39.031019 ], [ 32.18221, 39.030978 ], [ 32.182408, 39.030926 ], [ 32.182685, 39.030855 ], [ 32.183001, 39.030768 ], [ 32.183285, 39.030674 ], [ 32.183505, 39.030592 ], [ 32.183385, 39.030048 ], [ 32.183311, 39.029646 ], [ 32.183259, 39.029341 ], [ 32.183177, 39.02893 ], [ 32.183142, 39.028656 ], [ 32.183107, 39.02845 ], [ 32.183062, 39.028168 ], [ 32.183, 39.027763 ], [ 32.182975, 39.027622 ], [ 32.182936, 39.027412 ], [ 32.182822, 39.026885 ], [ 32.18277, 39.026537 ], [ 32.182686, 39.026112 ], [ 32.182634, 39.025862 ], [ 32.182582, 39.025606 ], [ 32.182537, 39.025328 ], [ 32.182481, 39.025005 ], [ 32.18245, 39.024749 ], [ 32.182439, 39.024621 ], [ 32.182433, 39.024543 ], [ 32.182454, 39.02437 ], [ 32.182238, 39.024396 ], [ 32.181732, 39.024463 ], [ 32.181175, 39.024537 ], [ 32.180792, 39.024591 ], [ 32.180506, 39.024624 ], [ 32.180174, 39.024661 ], [ 32.179897, 39.024693 ], [ 32.179539, 39.024742 ], [ 32.179109, 39.024788 ], [ 32.178679, 39.024818 ], [ 32.178602, 39.024829 ], [ 32.17858, 39.024684 ], [ 32.178426, 39.02411 ], [ 32.178423, 39.02406 ], [ 32.178407, 39.023983 ], [ 32.178395, 39.023891 ], [ 32.178371, 39.023734 ], [ 32.178369, 39.023657 ], [ 32.178388, 39.02355 ], [ 32.178412, 39.023434 ], [ 32.17844, 39.02335 ], [ 32.178465, 39.023252 ], [ 32.178484, 39.023213 ], [ 32.17852, 39.023167 ], [ 32.178565, 39.023133 ], [ 32.178613, 39.023106 ], [ 32.178705, 39.023082 ], [ 32.178796, 39.023071 ], [ 32.178746, 39.02302 ], [ 32.17869, 39.022992 ], [ 32.178681, 39.02299 ], [ 32.178666, 39.022981 ], [ 32.17858, 39.02296 ], [ 32.1785, 39.02295 ], [ 32.178437, 39.022934 ], [ 32.178406, 39.022831 ], [ 32.178386, 39.022734 ], [ 32.178367, 39.022584 ], [ 32.178354, 39.022471 ], [ 32.178333, 39.022276 ], [ 32.178305, 39.022013 ], [ 32.178298, 39.021953 ], [ 32.178293, 39.021799 ], [ 32.178284, 39.021649 ], [ 32.178266, 39.021515 ], [ 32.178261, 39.021357 ], [ 32.178256, 39.02116 ], [ 32.17826, 39.020966 ], [ 32.178267, 39.020672 ], [ 32.178284, 39.020358 ], [ 32.178297, 39.020014 ], [ 32.178314, 39.01978 ], [ 32.178318, 39.019717 ], [ 32.178582, 39.019709 ], [ 32.178673, 39.019704 ], [ 32.178769, 39.019692 ], [ 32.178818, 39.019675 ], [ 32.178916, 39.019597 ], [ 32.179138, 39.019415 ], [ 32.179319, 39.01925 ], [ 32.179446, 39.01914 ], [ 32.179389, 39.018948 ], [ 32.179344, 39.0188 ], [ 32.179264, 39.018449 ], [ 32.179208, 39.018204 ], [ 32.179141, 39.017841 ], [ 32.179096, 39.017635 ], [ 32.178985, 39.017154 ], [ 32.178934, 39.016913 ], [ 32.178902, 39.016767 ], [ 32.17887, 39.01665 ], [ 32.178857, 39.016574 ], [ 32.178832, 39.016316 ], [ 32.178845, 39.016205 ], [ 32.178873, 39.016058 ], [ 32.178965, 39.015596 ], [ 32.179022, 39.015388 ], [ 32.179097, 39.015203 ], [ 32.179181, 39.015028 ], [ 32.179319, 39.015076 ], [ 32.179444, 39.015164 ], [ 32.179554, 39.015234 ], [ 32.179786, 39.015372 ], [ 32.180071, 39.015531 ], [ 32.180324, 39.015663 ], [ 32.180433, 39.015708 ], [ 32.180587, 39.015753 ], [ 32.180774, 39.015787 ], [ 32.180853, 39.015798 ], [ 32.180931, 39.015809 ], [ 32.181016, 39.015815 ], [ 32.181054, 39.015817 ], [ 32.18126, 39.015821 ], [ 32.181391, 39.015817 ], [ 32.181472, 39.015813 ], [ 32.181558, 39.01581 ], [ 32.181717, 39.015796 ], [ 32.181835, 39.015779 ], [ 32.18198, 39.015743 ], [ 32.18213, 39.01568 ], [ 32.182362, 39.015562 ], [ 32.182817, 39.015328 ], [ 32.183217, 39.015128 ], [ 32.183387, 39.015054 ], [ 32.183536, 39.015001 ], [ 32.183628, 39.01498 ], [ 32.1837, 39.014972 ], [ 32.183774, 39.014972 ], [ 32.183866, 39.014982 ], [ 32.183988, 39.015001 ], [ 32.184091, 39.015024 ], [ 32.184275, 39.015073 ], [ 32.184544, 39.015156 ], [ 32.184876, 39.015246 ], [ 32.185262, 39.01534 ], [ 32.185314, 39.015388 ], [ 32.185228, 39.015471 ], [ 32.185106, 39.015631 ], [ 32.18502, 39.015761 ], [ 32.184997, 39.015861 ], [ 32.185039, 39.015962 ], [ 32.185096, 39.01607 ], [ 32.185153, 39.016151 ], [ 32.18528, 39.016367 ], [ 32.185297, 39.016413 ], [ 32.188074, 39.017333 ], [ 32.18843, 39.017002 ], [ 32.189029, 39.017278 ], [ 32.189043, 39.017285 ], [ 32.189061, 39.017364 ], [ 32.189434, 39.018906 ], [ 32.189816, 39.01885 ], [ 32.191747, 39.018546 ], [ 32.193953, 39.018194 ], [ 32.195084, 39.018021 ], [ 32.195793, 39.017903 ], [ 32.196749, 39.017693 ], [ 32.197828, 39.017554 ], [ 32.198251, 39.017491 ], [ 32.199086, 39.017375 ], [ 32.199337, 39.017341 ], [ 32.199633, 39.017292 ], [ 32.199797, 39.017273 ], [ 32.199934, 39.017261 ], [ 32.200016, 39.017248 ], [ 32.200258, 39.017223 ], [ 32.200641, 39.017184 ], [ 32.200712, 39.017174 ], [ 32.201262, 39.0171 ], [ 32.201682, 39.017032 ], [ 32.202227, 39.016922 ], [ 32.204768, 39.016524 ], [ 32.207418, 39.016125 ], [ 32.209825, 39.015762 ], [ 32.21029, 39.015679 ], [ 32.211283, 39.015525 ], [ 32.211864, 39.015458 ], [ 32.212709, 39.015325 ], [ 32.213772, 39.015162 ], [ 32.213865, 39.015603 ], [ 32.213876, 39.015602 ], [ 32.21388, 39.015622 ], [ 32.21907, 39.0148 ], [ 32.222358, 39.015032 ], [ 32.223947, 39.014914 ], [ 32.224401, 39.014032 ], [ 32.224219, 39.013717 ], [ 32.224332, 39.013435 ], [ 32.224452, 39.013138 ], [ 32.224618, 39.012679 ], [ 32.224612, 39.012576 ], [ 32.224637, 39.012428 ], [ 32.224724, 39.012226 ], [ 32.224846, 39.011937 ], [ 32.224916, 39.011711 ], [ 32.224935, 39.01162 ], [ 32.22499, 39.011514 ], [ 32.225065, 39.011276 ], [ 32.225107, 39.011138 ], [ 32.225247, 39.010855 ], [ 32.22531, 39.010649 ], [ 32.225315, 39.010575 ], [ 32.22544, 39.010235 ], [ 32.225498, 39.010058 ], [ 32.22558, 39.009914 ], [ 32.225625, 39.009774 ], [ 32.225651, 39.009693 ], [ 32.22566, 39.009665 ], [ 32.225824, 39.009258 ], [ 32.22601, 39.008868 ], [ 32.226104, 39.008658 ], [ 32.226163, 39.008489 ], [ 32.226195, 39.008335 ], [ 32.226196, 39.008326 ], [ 32.226233, 39.008112 ], [ 32.226321, 39.007775 ], [ 32.226327, 39.007744 ], [ 32.226415, 39.007382 ], [ 32.226463, 39.007134 ], [ 32.226526, 39.006855 ], [ 32.226578, 39.006524 ], [ 32.226597, 39.006406 ], [ 32.226623, 39.00624 ], [ 32.226729, 39.005873 ], [ 32.226847, 39.005462 ], [ 32.226896, 39.005298 ], [ 32.226949, 39.005156 ], [ 32.227232, 39.004567 ], [ 32.227259, 39.00451 ], [ 32.227338, 39.004328 ], [ 32.227475, 39.00375 ], [ 32.227546, 39.00344 ], [ 32.227549, 39.003428 ], [ 32.227551, 39.003417 ], [ 32.227855, 39.002095 ], [ 32.227982, 39.001548 ], [ 32.228105, 39.000979 ], [ 32.228112, 39.000936 ], [ 32.228113, 39.000882 ], [ 32.228174, 39.000518 ], [ 32.228227, 39.000172 ], [ 32.228253, 38.999978 ], [ 32.228255, 38.999963 ], [ 32.228276, 38.999781 ], [ 32.228313, 38.9995 ], [ 32.228348, 38.999269 ], [ 32.228383, 38.999005 ], [ 32.228451, 38.998719 ], [ 32.228568, 38.997856 ], [ 32.228627, 38.997415 ], [ 32.228683, 38.996863 ], [ 32.22911, 38.993496 ], [ 32.229207, 38.992737 ], [ 32.230312, 38.992661 ], [ 32.230654, 38.992652 ], [ 32.23144, 38.992709 ], [ 32.231591, 38.992715 ], [ 32.232283, 38.992702 ], [ 32.231802, 38.991202 ], [ 32.231239, 38.98936 ], [ 32.231249, 38.989359 ], [ 32.232452, 38.989199 ], [ 32.23457, 38.989432 ], [ 32.237091, 38.988437 ], [ 32.237422, 38.988453 ], [ 32.238443, 38.991971 ], [ 32.238921, 38.992019 ], [ 32.238994, 38.992529 ], [ 32.239016, 38.992532 ], [ 32.240257, 38.992701 ], [ 32.240294, 38.992726 ], [ 32.240317, 38.992742 ], [ 32.241093, 38.993266 ], [ 32.241967, 38.993175 ], [ 32.243523, 38.992799 ], [ 32.244563, 38.992554 ], [ 32.24643, 38.991962 ], [ 32.246509, 38.991934 ], [ 32.246528, 38.991927 ], [ 32.245901, 38.991196 ], [ 32.24557, 38.99033 ], [ 32.245597, 38.990322 ], [ 32.245619, 38.990316 ], [ 32.245615, 38.990307 ], [ 32.246784, 38.989965 ], [ 32.247742, 38.991467 ], [ 32.249303, 38.990983 ], [ 32.252648, 38.990075 ], [ 32.25468, 38.989735 ], [ 32.25691, 38.990106 ], [ 32.25839, 38.990526 ], [ 32.259809, 38.990106 ], [ 32.259854, 38.990142 ], [ 32.259911, 38.990125 ], [ 32.260037, 38.990078 ], [ 32.261583, 38.991191 ], [ 32.262202, 38.991603 ], [ 32.262525, 38.991819 ], [ 32.262671, 38.991916 ], [ 32.263307, 38.992549 ], [ 32.263261, 38.992579 ], [ 32.26285, 38.992858 ], [ 32.262318, 38.992962 ], [ 32.26197, 38.99314 ], [ 32.261728, 38.994202 ], [ 32.262146, 38.995105 ], [ 32.260821, 38.995943 ], [ 32.260482, 38.996338 ], [ 32.260778, 38.996754 ], [ 32.261979, 38.996765 ], [ 32.26379, 38.996782 ], [ 32.269539, 38.996725 ], [ 32.270613, 38.996726 ], [ 32.271045, 38.996721 ], [ 32.272364, 38.997592 ], [ 32.272615, 38.997626 ], [ 32.272663, 38.997624 ], [ 32.273127, 38.997605 ], [ 32.273134, 38.997607 ], [ 32.273748, 38.997783 ], [ 32.274383, 38.997462 ], [ 32.274645, 38.997329 ], [ 32.275005, 38.997257 ], [ 32.275739, 38.997453 ], [ 32.277181, 38.997838 ], [ 32.277962, 38.998258 ], [ 32.278519, 38.998997 ], [ 32.278748, 38.999326 ], [ 32.278864, 38.99952 ], [ 32.279202, 39.00012 ], [ 32.279612, 38.999997 ], [ 32.279851, 39.000346 ], [ 32.28034, 39.000748 ], [ 32.281019, 39.000978 ], [ 32.282045, 39.000613 ], [ 32.283584, 39.001428 ], [ 32.28424, 39.001765 ], [ 32.284753, 39.002031 ], [ 32.289978, 39.004702 ], [ 32.29239, 39.005943 ], [ 32.296546, 39.008159 ], [ 32.296566, 39.008185 ], [ 32.296594, 39.008221 ], [ 32.296615, 39.008249 ], [ 32.296422, 39.008389 ], [ 32.296399, 39.008422 ], [ 32.296388, 39.008438 ], [ 32.296824, 39.008577 ], [ 32.297364, 39.008731 ], [ 32.298158, 39.008973 ], [ 32.298195, 39.008984 ], [ 32.298329, 39.009469 ], [ 32.298829, 39.009989 ], [ 32.300611, 39.011253 ], [ 32.301917, 39.012699 ], [ 32.303914, 39.013104 ], [ 32.304698, 39.013225 ], [ 32.305537, 39.01338 ], [ 32.306647, 39.01365 ], [ 32.306677, 39.013656 ], [ 32.306692, 39.013659 ], [ 32.30678, 39.013676 ], [ 32.306804, 39.013681 ], [ 32.306916, 39.013677 ], [ 32.307415, 39.013808 ], [ 32.307832, 39.013952 ], [ 32.308142, 39.014059 ], [ 32.308818, 39.014183 ], [ 32.309372, 39.014188 ], [ 32.309431, 39.01417 ], [ 32.309457, 39.014183 ], [ 32.309639, 39.014373 ], [ 32.310602, 39.015344 ], [ 32.310881, 39.015635 ], [ 32.310895, 39.015667 ], [ 32.310932, 39.015688 ], [ 32.311138, 39.015804 ], [ 32.311268, 39.015877 ], [ 32.31132, 39.015906 ], [ 32.311727, 39.016147 ], [ 32.31202, 39.016354 ], [ 32.312174, 39.016396 ], [ 32.313005, 39.01663 ], [ 32.31346, 39.016758 ], [ 32.313729, 39.016746 ], [ 32.314679, 39.016703 ], [ 32.31488, 39.016688 ], [ 32.314889, 39.016687 ], [ 32.315308, 39.016714 ], [ 32.315592, 39.016689 ], [ 32.315801, 39.016628 ], [ 32.315995, 39.016534 ], [ 32.316948, 39.015834 ], [ 32.317894, 39.015055 ], [ 32.317948, 39.015012 ], [ 32.318004, 39.015129 ], [ 32.318074, 39.015275 ], [ 32.318166, 39.015466 ], [ 32.318597, 39.016121 ], [ 32.318753, 39.016319 ], [ 32.318767, 39.016337 ], [ 32.318898, 39.016463 ], [ 32.319066, 39.016593 ], [ 32.319199, 39.016696 ], [ 32.319379, 39.016838 ], [ 32.319645, 39.016995 ], [ 32.31993, 39.017151 ], [ 32.319935, 39.017153 ], [ 32.319823, 39.017269 ], [ 32.319687, 39.017383 ], [ 32.319639, 39.017458 ], [ 32.319602, 39.017534 ], [ 32.3196, 39.017555 ], [ 32.319599, 39.017557 ], [ 32.319454, 39.017899 ], [ 32.319334, 39.018202 ], [ 32.319207, 39.018547 ], [ 32.318922, 39.019262 ], [ 32.318799, 39.019576 ], [ 32.318702, 39.019823 ], [ 32.318695, 39.019841 ], [ 32.318678, 39.019885 ], [ 32.31867, 39.019906 ], [ 32.318667, 39.019913 ], [ 32.318027, 39.019973 ], [ 32.317516, 39.020397 ], [ 32.317513, 39.0204 ], [ 32.317707, 39.020519 ], [ 32.317888, 39.020795 ], [ 32.317995, 39.020973 ], [ 32.318402, 39.021596 ], [ 32.318682, 39.022011 ], [ 32.318819, 39.022219 ], [ 32.319105, 39.022665 ], [ 32.319518, 39.02329 ], [ 32.319717, 39.023587 ], [ 32.319905, 39.023875 ], [ 32.319952, 39.024 ], [ 32.320336, 39.024525 ], [ 32.325032, 39.030937 ], [ 32.325859, 39.032071 ], [ 32.327299, 39.034083 ], [ 32.330988, 39.029545 ], [ 32.333662, 39.026949 ], [ 32.337423, 39.025567 ], [ 32.338271, 39.02539 ], [ 32.338287, 39.025387 ], [ 32.338325, 39.025393 ], [ 32.338458, 39.025412 ], [ 32.37465, 39.030769 ], [ 32.374674, 39.030771 ], [ 32.375521, 39.023999 ], [ 32.375521, 39.02399 ], [ 32.375631, 39.018234 ], [ 32.374227, 39.017316 ], [ 32.374242, 39.017233 ], [ 32.376125, 39.0142 ], [ 32.375694, 39.014147 ], [ 32.37486, 39.013865 ], [ 32.374862, 39.013855 ], [ 32.374864, 39.013849 ], [ 32.376147, 39.014168 ], [ 32.376447, 39.011131 ], [ 32.376537, 39.010024 ], [ 32.376983, 39.009026 ], [ 32.377449, 39.007545 ], [ 32.377531, 39.007517 ], [ 32.378305, 39.00726 ], [ 32.37831, 39.007258 ], [ 32.378328, 39.007228 ], [ 32.378332, 39.007222 ], [ 32.378543, 39.006907 ], [ 32.379481, 39.006141 ], [ 32.380083, 39.004575 ], [ 32.380144, 39.004553 ], [ 32.380584, 39.004414 ], [ 32.380793, 39.004348 ], [ 32.380971, 39.004292 ], [ 32.381593, 39.004169 ], [ 32.38308, 39.004567 ], [ 32.383942, 39.004811 ], [ 32.385788, 39.004982 ], [ 32.385807, 39.004966 ], [ 32.385826, 39.004968 ], [ 32.386077, 39.004769 ], [ 32.38774, 39.004822 ], [ 32.388111, 39.004625 ], [ 32.388474, 39.004087 ], [ 32.388521, 39.004052 ], [ 32.388533, 39.004043 ], [ 32.388569, 39.004016 ], [ 32.388658, 39.003949 ], [ 32.388669, 39.003941 ], [ 32.389074, 39.003739 ], [ 32.38966, 39.00323 ], [ 32.390579, 39.003011 ], [ 32.391125, 39.002423 ], [ 32.391094, 39.00237 ], [ 32.391132, 39.002407 ], [ 32.391776, 39.001365 ], [ 32.392084, 39.000867 ], [ 32.392164, 39.000754 ], [ 32.39236, 39.000482 ], [ 32.392415, 39.000409 ], [ 32.392476, 39.000328 ], [ 32.392594, 39.000172 ], [ 32.392815, 38.999833 ], [ 32.392846, 38.999787 ], [ 32.393085, 38.999466 ], [ 32.39333, 38.999135 ], [ 32.393593, 38.998781 ], [ 32.394136, 38.998045 ], [ 32.394318, 38.997784 ], [ 32.394615, 38.997359 ], [ 32.395146, 38.996623 ], [ 32.395637, 38.995918 ], [ 32.395744, 38.995772 ], [ 32.395789, 38.99572 ], [ 32.396145, 38.995223 ], [ 32.396654, 38.994478 ], [ 32.397984, 38.992706 ], [ 32.398206, 38.992401 ], [ 32.398657, 38.991709 ], [ 32.398723, 38.991612 ], [ 32.399159, 38.990973 ], [ 32.399189, 38.990935 ], [ 32.399353, 38.990706 ], [ 32.399679, 38.990279 ], [ 32.4002, 38.9896 ], [ 32.400501, 38.98921 ], [ 32.400515, 38.989193 ], [ 32.400571, 38.989126 ], [ 32.400614, 38.989064 ], [ 32.400725, 38.988921 ], [ 32.400931, 38.98867 ], [ 32.400984, 38.988612 ], [ 32.401109, 38.988453 ], [ 32.401278, 38.988248 ], [ 32.401734, 38.987676 ], [ 32.402305, 38.987016 ], [ 32.402842, 38.986314 ], [ 32.403384, 38.985604 ], [ 32.403907, 38.984922 ], [ 32.404461, 38.98422 ], [ 32.404936, 38.983525 ], [ 32.405469, 38.982966 ], [ 32.405519, 38.982918 ], [ 32.405543, 38.982889 ], [ 32.405567, 38.98286 ], [ 32.406005, 38.982371 ], [ 32.406257, 38.98205 ], [ 32.406348, 38.98193 ], [ 32.406553, 38.981677 ], [ 32.406835, 38.981304 ], [ 32.40709, 38.980966 ], [ 32.407272, 38.980722 ], [ 32.407619, 38.980276 ], [ 32.407648, 38.980239 ], [ 32.407843, 38.979983 ], [ 32.407425, 38.979513 ], [ 32.407239, 38.979237 ], [ 32.407041, 38.978966 ], [ 32.406913, 38.97879 ], [ 32.406679, 38.978463 ], [ 32.406315, 38.978017 ], [ 32.406198, 38.977859 ], [ 32.405969, 38.977513 ], [ 32.406388, 38.977391 ], [ 32.406904, 38.977212 ], [ 32.40742, 38.977018 ], [ 32.407746, 38.976923 ], [ 32.408196, 38.976732 ], [ 32.408664, 38.976588 ], [ 32.409183, 38.976481 ], [ 32.409465, 38.976452 ], [ 32.410088, 38.976353 ], [ 32.410629, 38.976145 ], [ 32.410967, 38.975907 ], [ 32.410986, 38.975785 ], [ 32.411235, 38.975609 ], [ 32.411828, 38.975263 ], [ 32.412059, 38.975202 ], [ 32.413019, 38.974969 ], [ 32.414363, 38.974408 ], [ 32.415392, 38.974004 ], [ 32.416691, 38.973557 ], [ 32.417942, 38.973415 ], [ 32.418405, 38.973369 ], [ 32.418794, 38.9733 ], [ 32.419254, 38.973256 ], [ 32.419645, 38.973254 ], [ 32.420264, 38.973189 ], [ 32.421394, 38.972988 ], [ 32.422244, 38.972788 ], [ 32.422605, 38.9727 ], [ 32.422811, 38.972678 ], [ 32.423072, 38.972683 ], [ 32.423382, 38.972718 ], [ 32.423689, 38.972737 ], [ 32.424044, 38.972747 ], [ 32.424661, 38.972683 ], [ 32.424938, 38.972659 ], [ 32.425328, 38.97257 ], [ 32.4256, 38.972455 ], [ 32.425878, 38.972313 ], [ 32.426198, 38.972179 ], [ 32.42652, 38.972034 ], [ 32.426694, 38.971964 ], [ 32.426855, 38.971811 ], [ 32.426991, 38.971668 ], [ 32.427157, 38.971543 ], [ 32.427418, 38.971413 ], [ 32.428887, 38.970829 ], [ 32.429818, 38.970491 ], [ 32.431631, 38.969985 ], [ 32.432979, 38.96954 ], [ 32.43319, 38.969437 ], [ 32.43379, 38.968907 ], [ 32.434256, 38.968427 ], [ 32.434475, 38.968213 ], [ 32.435, 38.967835 ], [ 32.435382, 38.967531 ], [ 32.435572, 38.967347 ], [ 32.43561, 38.967286 ], [ 32.435892, 38.966949 ], [ 32.436146, 38.966676 ], [ 32.436755, 38.966141 ], [ 32.436993, 38.965891 ], [ 32.437405, 38.965502 ], [ 32.437769, 38.965223 ], [ 32.438407, 38.964752 ], [ 32.438677, 38.964389 ], [ 32.439142, 38.963925 ], [ 32.439585, 38.963551 ], [ 32.4401, 38.963188 ], [ 32.440349, 38.963049 ], [ 32.440927, 38.962683 ], [ 32.441481, 38.96228 ], [ 32.442247, 38.961735 ], [ 32.442798, 38.9613 ], [ 32.443191, 38.960951 ], [ 32.443361, 38.960761 ], [ 32.443513, 38.960531 ], [ 32.443675, 38.960449 ], [ 32.443855, 38.960364 ], [ 32.444006, 38.960237 ], [ 32.444158, 38.960108 ], [ 32.444399, 38.95999 ], [ 32.444611, 38.959908 ], [ 32.444767, 38.959821 ], [ 32.444861, 38.959769 ], [ 32.445177, 38.959588 ], [ 32.445617, 38.959429 ], [ 32.446446, 38.959184 ], [ 32.446679, 38.959099 ], [ 32.446884, 38.959045 ], [ 32.447004, 38.958968 ], [ 32.447013, 38.958964 ], [ 32.447339, 38.958895 ], [ 32.447473, 38.95899 ], [ 32.447629, 38.95915 ], [ 32.448335, 38.959626 ], [ 32.448679, 38.959848 ], [ 32.449248, 38.960139 ], [ 32.449449, 38.960228 ], [ 32.449595, 38.960319 ], [ 32.449656, 38.960358 ], [ 32.449872, 38.960497 ], [ 32.44997, 38.960537 ], [ 32.450023, 38.960559 ], [ 32.450118, 38.960623 ], [ 32.4503, 38.960794 ], [ 32.450653, 38.960979 ], [ 32.450809, 38.961055 ], [ 32.451657, 38.96141 ], [ 32.452112, 38.961566 ], [ 32.452466, 38.961644 ], [ 32.452863, 38.961786 ], [ 32.452993, 38.961807 ], [ 32.453405, 38.96187 ], [ 32.453802, 38.961926 ], [ 32.454034, 38.962042 ], [ 32.454153, 38.962093 ], [ 32.454296, 38.962118 ], [ 32.454561, 38.962146 ], [ 32.454845, 38.962196 ], [ 32.455025, 38.96222 ], [ 32.454911, 38.962715 ], [ 32.455134, 38.963036 ], [ 32.455284, 38.963433 ], [ 32.455361, 38.963684 ], [ 32.455454, 38.963834 ], [ 32.455517, 38.963901 ], [ 32.455568, 38.964014 ], [ 32.455671, 38.964135 ], [ 32.455777, 38.964245 ], [ 32.455853, 38.964325 ], [ 32.455908, 38.964424 ], [ 32.456022, 38.964526 ], [ 32.456149, 38.9646 ], [ 32.456332, 38.964683 ], [ 32.456435, 38.964739 ], [ 32.456535, 38.964826 ], [ 32.456626, 38.964936 ], [ 32.456731, 38.965113 ], [ 32.456809, 38.965262 ], [ 32.456885, 38.965402 ], [ 32.45692, 38.965503 ], [ 32.456937, 38.96561 ], [ 32.457023, 38.965992 ], [ 32.457076, 38.966246 ], [ 32.457065, 38.966654 ], [ 32.457016, 38.966908 ], [ 32.456935, 38.96714 ], [ 32.456841, 38.967315 ], [ 32.456794, 38.967425 ], [ 32.456746, 38.967488 ], [ 32.456724, 38.967551 ], [ 32.456734, 38.96771 ], [ 32.456778, 38.967866 ], [ 32.456758, 38.968101 ], [ 32.456702, 38.968366 ], [ 32.4566, 38.968498 ], [ 32.456573, 38.968669 ], [ 32.456669, 38.969017 ], [ 32.456678, 38.969079 ], [ 32.456464, 38.970617 ], [ 32.456472, 38.970762 ], [ 32.456549, 38.972086 ], [ 32.456563, 38.972194 ], [ 32.456691, 38.972409 ], [ 32.456882, 38.972568 ], [ 32.457127, 38.972738 ], [ 32.45744, 38.972877 ], [ 32.457707, 38.973012 ], [ 32.457887, 38.973177 ], [ 32.458008, 38.973375 ], [ 32.458177, 38.973709 ], [ 32.458394, 38.974001 ], [ 32.458401, 38.974009 ], [ 32.458399, 38.974013 ], [ 32.458428, 38.974041 ], [ 32.458726, 38.974392 ], [ 32.461774, 38.974522 ], [ 32.463841, 38.974798 ], [ 32.463857, 38.974801 ], [ 32.480753, 38.97706 ], [ 32.484106, 38.977787 ], [ 32.48458, 38.977885 ], [ 32.487926, 38.978575 ], [ 32.490422, 38.979606 ], [ 32.492917, 38.982333 ], [ 32.494554, 38.984273 ], [ 32.495646, 38.984091 ], [ 32.49627, 38.984818 ], [ 32.496815, 38.985788 ], [ 32.498765, 38.985546 ], [ 32.499077, 38.985485 ], [ 32.499467, 38.985909 ], [ 32.499467, 38.986576 ], [ 32.499389, 38.987 ], [ 32.500402, 38.988091 ], [ 32.501572, 38.988213 ], [ 32.503287, 38.988819 ], [ 32.503911, 38.989485 ], [ 32.504691, 38.990091 ], [ 32.505783, 38.989788 ], [ 32.506796, 38.989607 ], [ 32.508044, 38.989182 ], [ 32.508824, 38.989243 ], [ 32.509369, 38.990576 ], [ 32.509681, 38.991788 ], [ 32.509681, 38.992069 ], [ 32.509681, 38.993122 ], [ 32.50928, 38.993667 ], [ 32.509057, 38.99397 ], [ 32.509135, 38.994818 ], [ 32.509681, 38.995909 ], [ 32.510071, 38.99694 ], [ 32.511241, 38.99797 ], [ 32.514048, 38.999788 ], [ 32.515228, 39.001667 ], [ 32.516609, 39.003406 ], [ 32.517681, 39.004882 ], [ 32.518681, 39.005787 ], [ 32.520062, 39.006549 ], [ 32.521157, 39.006739 ], [ 32.522705, 39.00643 ], [ 32.523873, 39.006453 ], [ 32.524496, 39.007241 ], [ 32.525042, 39.008695 ], [ 32.52512, 39.010028 ], [ 32.524964, 39.01124 ], [ 32.525354, 39.012209 ], [ 32.525744, 39.012573 ], [ 32.526368, 39.013178 ], [ 32.526368, 39.013724 ], [ 32.525822, 39.014633 ], [ 32.525042, 39.015299 ], [ 32.523951, 39.015844 ], [ 32.522703, 39.016511 ], [ 32.522625, 39.017298 ], [ 32.521533, 39.018449 ], [ 32.520286, 39.020267 ], [ 32.518726, 39.021418 ], [ 32.518622, 39.021521 ], [ 32.520666, 39.035379 ], [ 32.520679, 39.035467 ], [ 32.520684, 39.0355 ], [ 32.520626, 39.035614 ], [ 32.520482, 39.035767 ], [ 32.520209, 39.036014 ], [ 32.520129, 39.036104 ], [ 32.52003, 39.036245 ], [ 32.519921, 39.036405 ], [ 32.519875, 39.036473 ], [ 32.519665, 39.036866 ], [ 32.519436, 39.037448 ], [ 32.519193, 39.037949 ], [ 32.519142, 39.038048 ], [ 32.519025, 39.038276 ], [ 32.518885, 39.038494 ], [ 32.518721, 39.038749 ], [ 32.518488, 39.039137 ], [ 32.518456, 39.03919 ], [ 32.518403, 39.039269 ], [ 32.5184, 39.039274 ], [ 32.518272, 39.039627 ], [ 32.518212, 39.039791 ], [ 32.51803, 39.040167 ], [ 32.517956, 39.040282 ], [ 32.517845, 39.040455 ], [ 32.519213, 39.040979 ], [ 32.521687, 39.041861 ], [ 32.523321, 39.042411 ], [ 32.524523, 39.04262 ], [ 32.524701, 39.042714 ], [ 32.524831, 39.042726 ], [ 32.525495, 39.042706 ], [ 32.525452, 39.042986 ], [ 32.52542, 39.04319 ], [ 32.525436, 39.043198 ], [ 32.525535, 39.043247 ], [ 32.525722, 39.04327 ], [ 32.525974, 39.043299 ], [ 32.526205, 39.043362 ], [ 32.526644, 39.043572 ], [ 32.526867, 39.043668 ], [ 32.527111, 39.043737 ], [ 32.527291, 39.043794 ], [ 32.527551, 39.043823 ], [ 32.527566, 39.043823 ], [ 32.527897, 39.04383 ], [ 32.527902, 39.04383 ], [ 32.528027, 39.043842 ], [ 32.528207, 39.043904 ], [ 32.528445, 39.043984 ], [ 32.528713, 39.043549 ], [ 32.528722, 39.043535 ], [ 32.528739, 39.043497 ], [ 32.528766, 39.04344 ], [ 32.528847, 39.043255 ], [ 32.528924, 39.043154 ], [ 32.52904, 39.043101 ], [ 32.529524, 39.042955 ], [ 32.529633, 39.042919 ], [ 32.529809, 39.042878 ], [ 32.529925, 39.042818 ], [ 32.53004, 39.042708 ], [ 32.530153, 39.042597 ], [ 32.530447, 39.042327 ], [ 32.530636, 39.04225 ], [ 32.530646, 39.042246 ], [ 32.5309, 39.042142 ], [ 32.53095, 39.042124 ], [ 32.531249, 39.042035 ], [ 32.531279, 39.042026 ], [ 32.531348, 39.042003 ], [ 32.531712, 39.041882 ], [ 32.531879, 39.041826 ], [ 32.532824, 39.041864 ], [ 32.533444, 39.041878 ], [ 32.533225, 39.042231 ], [ 32.533629, 39.042323 ], [ 32.534306, 39.042489 ], [ 32.534509, 39.042374 ], [ 32.534538, 39.042357 ], [ 32.53469, 39.042271 ], [ 32.534791, 39.04226 ], [ 32.535122, 39.042306 ], [ 32.535716, 39.042465 ], [ 32.53572, 39.042466 ], [ 32.535757, 39.042432 ], [ 32.535778, 39.04242 ], [ 32.535866, 39.042393 ], [ 32.535984, 39.042383 ], [ 32.536151, 39.042376 ], [ 32.536254, 39.04239 ], [ 32.536303, 39.042397 ], [ 32.53642, 39.042413 ], [ 32.536523, 39.042382 ], [ 32.53655, 39.042374 ], [ 32.536501, 39.042154 ], [ 32.536488, 39.042025 ], [ 32.536583, 39.041834 ], [ 32.53706, 39.041334 ], [ 32.537176, 39.041213 ], [ 32.537372, 39.041062 ], [ 32.537393, 39.041047 ], [ 32.539095, 39.040135 ], [ 32.539154, 39.040229 ], [ 32.539415, 39.040627 ], [ 32.539919, 39.041342 ], [ 32.540127, 39.041666 ], [ 32.540247, 39.041876 ], [ 32.54056, 39.042347 ], [ 32.540661, 39.042509 ], [ 32.540698, 39.04257 ], [ 32.540875, 39.04297 ], [ 32.541024, 39.043432 ], [ 32.541079, 39.043557 ], [ 32.541081, 39.043562 ], [ 32.541088, 39.043569 ], [ 32.541188, 39.043658 ], [ 32.541555, 39.043868 ], [ 32.541993, 39.044152 ], [ 32.542008, 39.044162 ], [ 32.542142, 39.04404 ], [ 32.542213, 39.043994 ], [ 32.542319, 39.043941 ], [ 32.542396, 39.043915 ], [ 32.542468, 39.043905 ], [ 32.542569, 39.043911 ], [ 32.542767, 39.044026 ], [ 32.54301, 39.044182 ], [ 32.543322, 39.044399 ], [ 32.543667, 39.044655 ], [ 32.543835, 39.04479 ], [ 32.544131, 39.045058 ], [ 32.544231, 39.04515 ], [ 32.544408, 39.045366 ], [ 32.544626, 39.045611 ], [ 32.544778, 39.045798 ], [ 32.544911, 39.045946 ], [ 32.545102, 39.046139 ], [ 32.54525, 39.046306 ], [ 32.545589, 39.046152 ], [ 32.546056, 39.045947 ], [ 32.546039, 39.045925 ], [ 32.545927, 39.045783 ], [ 32.54591, 39.045747 ], [ 32.545887, 39.045699 ], [ 32.545877, 39.045612 ], [ 32.545934, 39.045586 ], [ 32.546126, 39.045549 ], [ 32.546357, 39.045515 ], [ 32.546667, 39.045445 ], [ 32.546977, 39.045387 ], [ 32.547216, 39.045342 ], [ 32.547434, 39.045285 ], [ 32.547559, 39.045238 ], [ 32.547561, 39.045237 ], [ 32.547438, 39.044896 ], [ 32.547339, 39.044609 ], [ 32.547287, 39.044418 ], [ 32.547292, 39.044414 ], [ 32.547332, 39.044385 ], [ 32.547793, 39.04428 ], [ 32.547788, 39.044247 ], [ 32.547791, 39.044246 ], [ 32.548126, 39.045087 ], [ 32.548461, 39.045872 ], [ 32.548759, 39.046082 ], [ 32.549048, 39.045971 ], [ 32.54954, 39.045715 ], [ 32.550213, 39.045346 ], [ 32.55065, 39.045137 ], [ 32.550691, 39.04509 ], [ 32.550712, 39.044929 ], [ 32.5506, 39.044417 ], [ 32.55055, 39.044244 ], [ 32.550487, 39.044033 ], [ 32.550443, 39.04374 ], [ 32.550474, 39.043669 ], [ 32.550547, 39.0432 ], [ 32.550573, 39.04306 ], [ 32.550644, 39.042993 ], [ 32.550765, 39.042916 ], [ 32.551197, 39.042732 ], [ 32.551616, 39.042581 ], [ 32.55171, 39.042618 ], [ 32.55173, 39.042607 ], [ 32.551928, 39.042846 ], [ 32.552327, 39.04283 ], [ 32.552679, 39.042778 ], [ 32.553395, 39.042656 ], [ 32.55343, 39.04292 ], [ 32.553522, 39.042998 ], [ 32.553763, 39.042989 ], [ 32.554096, 39.042942 ], [ 32.555152, 39.042763 ], [ 32.555275, 39.042769 ], [ 32.555361, 39.042807 ], [ 32.555369, 39.042854 ], [ 32.555424, 39.042845 ], [ 32.55558, 39.043313 ], [ 32.555646, 39.043511 ], [ 32.555907, 39.043427 ], [ 32.55619, 39.043309 ], [ 32.556565, 39.043219 ], [ 32.55751, 39.042929 ], [ 32.558159, 39.042715 ], [ 32.559275, 39.042387 ], [ 32.560075, 39.042102 ], [ 32.561323, 39.041277 ], [ 32.562537, 39.040678 ], [ 32.56294, 39.040482 ], [ 32.563197, 39.040334 ], [ 32.563468, 39.040194 ], [ 32.564047, 39.039919 ], [ 32.564502, 39.039695 ], [ 32.564752, 39.039575 ], [ 32.56513, 39.039451 ], [ 32.565797, 39.039207 ], [ 32.565957, 39.039149 ], [ 32.565868, 39.038981 ], [ 32.565671, 39.038558 ], [ 32.565551, 39.038261 ], [ 32.565496, 39.038031 ], [ 32.565505, 39.037974 ], [ 32.565542, 39.037919 ], [ 32.565903, 39.037799 ], [ 32.56607, 39.037758 ], [ 32.566183, 39.03774 ], [ 32.56619, 39.037755 ], [ 32.56628, 39.03795 ], [ 32.566302, 39.037979 ], [ 32.566307, 39.037978 ], [ 32.566526, 39.037956 ], [ 32.566845, 39.037893 ], [ 32.567175, 39.037836 ], [ 32.567827, 39.037735 ], [ 32.568237, 39.037676 ], [ 32.568556, 39.037618 ], [ 32.568913, 39.037563 ], [ 32.569045, 39.037534 ], [ 32.569327, 39.03746 ], [ 32.569591, 39.037379 ], [ 32.569696, 39.037351 ], [ 32.569922, 39.037303 ], [ 32.5701, 39.037278 ], [ 32.570227, 39.03709 ], [ 32.570274, 39.03701 ], [ 32.570337, 39.03686 ], [ 32.570513, 39.036268 ], [ 32.570579, 39.036093 ], [ 32.571125, 39.036123 ], [ 32.571496, 39.036134 ], [ 32.57154, 39.036135 ], [ 32.571626, 39.035888 ], [ 32.572154, 39.035457 ], [ 32.572156, 39.035453 ], [ 32.572667, 39.034556 ], [ 32.573861, 39.034497 ], [ 32.574231, 39.034478 ], [ 32.574306, 39.033774 ], [ 32.574265, 39.033501 ], [ 32.574224, 39.033255 ], [ 32.573684, 39.033331 ], [ 32.573292, 39.03339 ], [ 32.573143, 39.033393 ], [ 32.573054, 39.033393 ], [ 32.573045, 39.033387 ], [ 32.573012, 39.033366 ], [ 32.572941, 39.03332 ], [ 32.572904, 39.033246 ], [ 32.572843, 39.033018 ], [ 32.572755, 39.032647 ], [ 32.572606, 39.031994 ], [ 32.572579, 39.031876 ], [ 32.572418, 39.031324 ], [ 32.57235, 39.031046 ], [ 32.572263, 39.030617 ], [ 32.572254, 39.030546 ], [ 32.57222, 39.030283 ], [ 32.57218, 39.030165 ], [ 32.57211, 39.030061 ], [ 32.572045, 39.030042 ], [ 32.571808, 39.029974 ], [ 32.571703, 39.029944 ], [ 32.571585, 39.029412 ], [ 32.57194, 39.029246 ], [ 32.571957, 39.029232 ], [ 32.571983, 39.029203 ], [ 32.572318, 39.028913 ], [ 32.572434, 39.028712 ], [ 32.572473, 39.028555 ], [ 32.572498, 39.028479 ], [ 32.572558, 39.028297 ], [ 32.572587, 39.028233 ], [ 32.572664, 39.028061 ], [ 32.572707, 39.028019 ], [ 32.572715, 39.028014 ], [ 32.572726, 39.028007 ], [ 32.572762, 39.027983 ], [ 32.572823, 39.027965 ], [ 32.573029, 39.027942 ], [ 32.573142, 39.027923 ], [ 32.573191, 39.027883 ], [ 32.573231, 39.027741 ], [ 32.573205, 39.027545 ], [ 32.573156, 39.027411 ], [ 32.573105, 39.027243 ], [ 32.572974, 39.026937 ], [ 32.574364, 39.026739 ], [ 32.57453, 39.026755 ], [ 32.574985, 39.0268 ], [ 32.575051, 39.026768 ], [ 32.575495, 39.026628 ], [ 32.575897, 39.026478 ], [ 32.576363, 39.026308 ], [ 32.576537, 39.026235 ], [ 32.57675, 39.026116 ], [ 32.576827, 39.026077 ], [ 32.577093, 39.025997 ], [ 32.577119, 39.025984 ], [ 32.577157, 39.025964 ], [ 32.577385, 39.025982 ], [ 32.577551, 39.026005 ], [ 32.57775, 39.026059 ], [ 32.578018, 39.026119 ], [ 32.578108, 39.026154 ], [ 32.578176, 39.026188 ], [ 32.578286, 39.026262 ], [ 32.578325, 39.02628 ], [ 32.578441, 39.026349 ], [ 32.578485, 39.026365 ], [ 32.578629, 39.026404 ], [ 32.578845, 39.026445 ], [ 32.579005, 39.026457 ], [ 32.579106, 39.026473 ], [ 32.579156, 39.026482 ], [ 32.579787, 39.026582 ], [ 32.580247, 39.026648 ], [ 32.58028, 39.026652 ], [ 32.580511, 39.026697 ], [ 32.580643, 39.026734 ], [ 32.580791, 39.026769 ], [ 32.581362, 39.026864 ], [ 32.581386, 39.026864 ], [ 32.581425, 39.026634 ], [ 32.581646, 39.026642 ], [ 32.581795, 39.026668 ], [ 32.581862, 39.026679 ], [ 32.581922, 39.026684 ], [ 32.582026, 39.026684 ], [ 32.582251, 39.026702 ], [ 32.582599, 39.026746 ], [ 32.582702, 39.02676 ], [ 32.582818, 39.026773 ], [ 32.582965, 39.026782 ], [ 32.583188, 39.026809 ], [ 32.583452, 39.026838 ], [ 32.583511, 39.02685 ], [ 32.583585, 39.026861 ], [ 32.58427, 39.026882 ], [ 32.58431, 39.026884 ], [ 32.584321, 39.026885 ], [ 32.584543, 39.026888 ], [ 32.584747, 39.026905 ], [ 32.584765, 39.026907 ], [ 32.584778, 39.026908 ], [ 32.584997, 39.026918 ], [ 32.58501, 39.026919 ], [ 32.585013, 39.026919 ], [ 32.585022, 39.026919 ], [ 32.585108, 39.026924 ], [ 32.585224, 39.026931 ], [ 32.585419, 39.026947 ], [ 32.585509, 39.02696 ], [ 32.585606, 39.026978 ], [ 32.585625, 39.026978 ], [ 32.585654, 39.026978 ], [ 32.585626, 39.026815 ], [ 32.585623, 39.026692 ], [ 32.585629, 39.026632 ], [ 32.585644, 39.026567 ], [ 32.585645, 39.026561 ], [ 32.585735, 39.026573 ], [ 32.585742, 39.026573 ], [ 32.585872, 39.026581 ], [ 32.586066, 39.026629 ], [ 32.586448, 39.026649 ], [ 32.587362, 39.026761 ], [ 32.587565, 39.02678 ], [ 32.58759, 39.026782 ], [ 32.587594, 39.026782 ], [ 32.587851, 39.0268 ], [ 32.588041, 39.026814 ], [ 32.588438, 39.026855 ], [ 32.588906, 39.026901 ], [ 32.589069, 39.026929 ], [ 32.590047, 39.027088 ], [ 32.590056, 39.027026 ], [ 32.59006, 39.026998 ], [ 32.590052, 39.026922 ], [ 32.590044, 39.026778 ], [ 32.590044, 39.026775 ], [ 32.590029, 39.026675 ], [ 32.590015, 39.02644 ], [ 32.590003, 39.026143 ], [ 32.590001, 39.025797 ], [ 32.590023, 39.025655 ], [ 32.590173, 39.025251 ], [ 32.590244, 39.025086 ], [ 32.590259, 39.025059 ], [ 32.590402, 39.024709 ], [ 32.590403, 39.024707 ], [ 32.590492, 39.024462 ], [ 32.590536, 39.024383 ], [ 32.590585, 39.024295 ], [ 32.591164, 39.024222 ], [ 32.591225, 39.024219 ], [ 32.591359, 39.024203 ], [ 32.591777, 39.024157 ], [ 32.591917, 39.024144 ], [ 32.592079, 39.024118 ], [ 32.592596, 39.024063 ], [ 32.592924, 39.024035 ], [ 32.593219, 39.023995 ], [ 32.593255, 39.024005 ], [ 32.59327, 39.02402 ], [ 32.59329, 39.024041 ], [ 32.593362, 39.024366 ], [ 32.593615, 39.024359 ], [ 32.594192, 39.024374 ], [ 32.594542, 39.024385 ], [ 32.594569, 39.024385 ], [ 32.594879, 39.02439 ], [ 32.596121, 39.024442 ], [ 32.596268, 39.024438 ], [ 32.596273, 39.024438 ], [ 32.596277, 39.024438 ], [ 32.596431, 39.024426 ], [ 32.59674, 39.024424 ], [ 32.596839, 39.024423 ], [ 32.597078, 39.024422 ], [ 32.597422, 39.024416 ], [ 32.597937, 39.024368 ], [ 32.59847, 39.024316 ], [ 32.598652, 39.024308 ], [ 32.59866, 39.02433 ], [ 32.598693, 39.024418 ], [ 32.59874, 39.024424 ], [ 32.599027, 39.024502 ], [ 32.599076, 39.024502 ], [ 32.599138, 39.024495 ], [ 32.599265, 39.024502 ], [ 32.599503, 39.024527 ], [ 32.599669, 39.024551 ], [ 32.599913, 39.024616 ], [ 32.600239, 39.024668 ], [ 32.600262, 39.024687 ], [ 32.600267, 39.024862 ], [ 32.600266, 39.025058 ], [ 32.600266, 39.025271 ], [ 32.600272, 39.025336 ], [ 32.600307, 39.025394 ], [ 32.600363, 39.025457 ], [ 32.600593, 39.025441 ], [ 32.601103, 39.025325 ], [ 32.601351, 39.025276 ], [ 32.601628, 39.025217 ], [ 32.601979, 39.025137 ], [ 32.602017, 39.025131 ], [ 32.602325, 39.025072 ], [ 32.602694, 39.02503 ], [ 32.602857, 39.024992 ], [ 32.602978, 39.02492 ], [ 32.603111, 39.024852 ], [ 32.60326, 39.024802 ], [ 32.603561, 39.024735 ], [ 32.603717, 39.024712 ], [ 32.603965, 39.024668 ], [ 32.60402, 39.024665 ], [ 32.604027, 39.024665 ], [ 32.604056, 39.024663 ], [ 32.60413, 39.024711 ], [ 32.604198, 39.024866 ], [ 32.604307, 39.025216 ], [ 32.604414, 39.025453 ], [ 32.604462, 39.025534 ], [ 32.60447, 39.025547 ], [ 32.604579, 39.02564 ], [ 32.604741, 39.025751 ], [ 32.604898, 39.025838 ], [ 32.605153, 39.025966 ], [ 32.605419, 39.026081 ], [ 32.605617, 39.02618 ], [ 32.605793, 39.026238 ], [ 32.60598, 39.026315 ], [ 32.606081, 39.026369 ], [ 32.606107, 39.026404 ], [ 32.60625, 39.027587 ], [ 32.605042, 39.028467 ], [ 32.604287, 39.028995 ], [ 32.604438, 39.029992 ], [ 32.606628, 39.031575 ], [ 32.608062, 39.03269 ], [ 32.609044, 39.033687 ], [ 32.609044, 39.034566 ], [ 32.609044, 39.035974 ], [ 32.610856, 39.038965 ], [ 32.613045, 39.041311 ], [ 32.614933, 39.043363 ], [ 32.616292, 39.045181 ], [ 32.617198, 39.047292 ], [ 32.619236, 39.049285 ], [ 32.620822, 39.050517 ], [ 32.622483, 39.051836 ], [ 32.622708, 39.055654 ], [ 32.622189, 39.055638 ], [ 32.621275, 39.055581 ], [ 32.620745, 39.055548 ], [ 32.620092, 39.055547 ], [ 32.619457, 39.055559 ], [ 32.618452, 39.055584 ], [ 32.617879, 39.0556 ], [ 32.616769, 39.055587 ], [ 32.616779, 39.055637 ], [ 32.616863, 39.056076 ], [ 32.616928, 39.056414 ], [ 32.616929, 39.05642 ], [ 32.616672, 39.056571 ], [ 32.616451, 39.056701 ], [ 32.616269, 39.056808 ], [ 32.616219, 39.056838 ], [ 32.616214, 39.056983 ], [ 32.61622, 39.057474 ], [ 32.61622, 39.057806 ], [ 32.616301, 39.057894 ], [ 32.616426, 39.057918 ], [ 32.617773, 39.05792 ], [ 32.617745, 39.058565 ], [ 32.617662, 39.05984 ], [ 32.61764, 39.06018 ], [ 32.617509, 39.060829 ], [ 32.617985, 39.061081 ], [ 32.61845, 39.061287 ], [ 32.618616, 39.061409 ], [ 32.618637, 39.061425 ], [ 32.618689, 39.061478 ], [ 32.618734, 39.06152 ], [ 32.6189, 39.061659 ], [ 32.619007, 39.061763 ], [ 32.619088, 39.061825 ], [ 32.619318, 39.061998 ], [ 32.619418, 39.062074 ], [ 32.619448, 39.0621 ], [ 32.61969, 39.062306 ], [ 32.619944, 39.062561 ], [ 32.620079, 39.062655 ], [ 32.619899, 39.062891 ], [ 32.619949, 39.062979 ], [ 32.620377, 39.06374 ], [ 32.62052, 39.063982 ], [ 32.620723, 39.064501 ], [ 32.620909, 39.064976 ], [ 32.621061, 39.06537 ], [ 32.62174, 39.067174 ], [ 32.622508, 39.069211 ], [ 32.623917, 39.072395 ], [ 32.623975, 39.072882 ], [ 32.623903, 39.073066 ], [ 32.62435, 39.073176 ], [ 32.62492, 39.073316 ], [ 32.624833, 39.073432 ], [ 32.625748, 39.07388 ], [ 32.626055, 39.073968 ], [ 32.626767, 39.074154 ], [ 32.62767, 39.074691 ], [ 32.630576, 39.076497 ], [ 32.630677, 39.076494 ], [ 32.629994, 39.077584 ], [ 32.630589, 39.07795 ], [ 32.630917, 39.07814 ], [ 32.630984, 39.07815 ], [ 32.631338, 39.07767 ], [ 32.631418, 39.077652 ], [ 32.631543, 39.077878 ], [ 32.631854, 39.078385 ], [ 32.632055, 39.078822 ], [ 32.632203, 39.079079 ], [ 32.632351, 39.079248 ], [ 32.632433, 39.079373 ], [ 32.63258, 39.079574 ], [ 32.632736, 39.079879 ], [ 32.632884, 39.080152 ], [ 32.633303, 39.080823 ], [ 32.633503, 39.081196 ], [ 32.633573, 39.081346 ], [ 32.633614, 39.081486 ], [ 32.633848, 39.082004 ], [ 32.633887, 39.082222 ], [ 32.633889, 39.082274 ], [ 32.634018, 39.082204 ], [ 32.634131, 39.082009 ], [ 32.634281, 39.081799 ], [ 32.634453, 39.081581 ], [ 32.634714, 39.081308 ], [ 32.63486, 39.081164 ], [ 32.634959, 39.081082 ], [ 32.635038, 39.081041 ], [ 32.635182, 39.080886 ], [ 32.635365, 39.080668 ], [ 32.635495, 39.080496 ], [ 32.635665, 39.080225 ], [ 32.63583, 39.079961 ], [ 32.63636, 39.079054 ], [ 32.636426, 39.078912 ], [ 32.637454, 39.078919 ], [ 32.637843, 39.078872 ], [ 32.63868, 39.078666 ], [ 32.640357, 39.076173 ], [ 32.641166, 39.074629 ], [ 32.641843, 39.073409 ], [ 32.642229, 39.072715 ], [ 32.642439, 39.072317 ], [ 32.642722, 39.071989 ], [ 32.642978, 39.071693 ], [ 32.643277, 39.071273 ], [ 32.643481, 39.070977 ], [ 32.643589, 39.07084 ], [ 32.64378, 39.070635 ], [ 32.643901, 39.070473 ], [ 32.644013, 39.070336 ], [ 32.644182, 39.070219 ], [ 32.64453, 39.069989 ], [ 32.644681, 39.069875 ], [ 32.644813, 39.069756 ], [ 32.644984, 39.069599 ], [ 32.645014, 39.069566 ], [ 32.645053, 39.069514 ], [ 32.64519, 39.069384 ], [ 32.645327, 39.069245 ], [ 32.645449, 39.069078 ], [ 32.645522, 39.068977 ], [ 32.64562, 39.06889 ], [ 32.645685, 39.068831 ], [ 32.645765, 39.06873 ], [ 32.645811, 39.068662 ], [ 32.645892, 39.068511 ], [ 32.64594, 39.068435 ], [ 32.646012, 39.068327 ], [ 32.646067, 39.068269 ], [ 32.646171, 39.068164 ], [ 32.64625, 39.068065 ], [ 32.646341, 39.067951 ], [ 32.646425, 39.067872 ], [ 32.646552, 39.067765 ], [ 32.646812, 39.06758 ], [ 32.646968, 39.067476 ], [ 32.647143, 39.067327 ], [ 32.647314, 39.06718 ], [ 32.647422, 39.067079 ], [ 32.647464, 39.066992 ], [ 32.647508, 39.066932 ], [ 32.647576, 39.066835 ], [ 32.653244, 39.069905 ], [ 32.655834, 39.072389 ], [ 32.658728, 39.076292 ], [ 32.659794, 39.077829 ], [ 32.662536, 39.08114 ], [ 32.664862, 39.084694 ], [ 32.666649, 39.086816 ], [ 32.670458, 39.088116 ], [ 32.669544, 39.092668 ], [ 32.674114, 39.094796 ], [ 32.678912, 39.097338 ], [ 32.680664, 39.098875 ], [ 32.68234, 39.100294 ], [ 32.684015, 39.101417 ], [ 32.687021, 39.103525 ], [ 32.69028, 39.104289 ], [ 32.691872, 39.104525 ], [ 32.696126, 39.104963 ], [ 32.696126, 39.105554 ], [ 32.697102, 39.108172 ], [ 32.70021, 39.109819 ], [ 32.704379, 39.111642 ], [ 32.709988, 39.112818 ], [ 32.713627, 39.113583 ], [ 32.717469, 39.114442 ], [ 32.719152, 39.113373 ], [ 32.725088, 39.115175 ], [ 32.736308, 39.121137 ], [ 32.736652, 39.122075 ], [ 32.736952, 39.122069 ], [ 32.737014, 39.122171 ], [ 32.741216, 39.120506 ], [ 32.74571, 39.120033 ], [ 32.747767, 39.120033 ], [ 32.7483, 39.12092 ], [ 32.748147, 39.121924 ], [ 32.747919, 39.122929 ], [ 32.748757, 39.124879 ], [ 32.75028, 39.124997 ], [ 32.754393, 39.125292 ], [ 32.755376, 39.125502 ], [ 32.756602, 39.125765 ], [ 32.759268, 39.126297 ], [ 32.760943, 39.126828 ], [ 32.762467, 39.127538 ], [ 32.764142, 39.128306 ], [ 32.765513, 39.12866 ], [ 32.767113, 39.12931 ], [ 32.768484, 39.129546 ], [ 32.769703, 39.129605 ], [ 32.773291, 39.126811 ], [ 32.776274, 39.129169 ], [ 32.778397, 39.128368 ], [ 32.778913, 39.128858 ], [ 32.78493, 39.125728 ], [ 32.786224, 39.124872 ], [ 32.786418, 39.124744 ], [ 32.786809, 39.124483 ], [ 32.786862, 39.124456 ], [ 32.78696, 39.124405 ], [ 32.787253, 39.124277 ], [ 32.789596, 39.124569 ], [ 32.791641, 39.125098 ], [ 32.793231, 39.125803 ], [ 32.794746, 39.12645 ], [ 32.797042, 39.127601 ], [ 32.797049, 39.127603 ], [ 32.797092, 39.127748 ], [ 32.797146, 39.127997 ], [ 32.797184, 39.128187 ], [ 32.797223, 39.128378 ], [ 32.797276, 39.128503 ], [ 32.797355, 39.128625 ], [ 32.797412, 39.128721 ], [ 32.797559, 39.128973 ], [ 32.797625, 39.129102 ], [ 32.797635, 39.129155 ], [ 32.797628, 39.129273 ], [ 32.797622, 39.129328 ], [ 32.797582, 39.129441 ], [ 32.797568, 39.129499 ], [ 32.79759, 39.129567 ], [ 32.797724, 39.129645 ], [ 32.797389, 39.129903 ], [ 32.797313, 39.129952 ], [ 32.797318, 39.129965 ], [ 32.79731, 39.12997 ], [ 32.797399, 39.130098 ], [ 32.79749, 39.13022 ], [ 32.797615, 39.130376 ], [ 32.797725, 39.130518 ], [ 32.79782, 39.130638 ], [ 32.797885, 39.13073 ], [ 32.797898, 39.130772 ], [ 32.797878, 39.130803 ], [ 32.797768, 39.130885 ], [ 32.797592, 39.130988 ], [ 32.797488, 39.131045 ], [ 32.797489, 39.131056 ], [ 32.797478, 39.131062 ], [ 32.797494, 39.131094 ], [ 32.797524, 39.131154 ], [ 32.797658, 39.131322 ], [ 32.797814, 39.131512 ], [ 32.797879, 39.131618 ], [ 32.797905, 39.131671 ], [ 32.7979, 39.131746 ], [ 32.79774, 39.13217 ], [ 32.797757, 39.13245 ], [ 32.797896, 39.132464 ], [ 32.798089, 39.132468 ], [ 32.798181, 39.132487 ], [ 32.798271, 39.132527 ], [ 32.798394, 39.132598 ], [ 32.798555, 39.132706 ], [ 32.798856, 39.132911 ], [ 32.799071, 39.133063 ], [ 32.799097, 39.133087 ], [ 32.798971, 39.133214 ], [ 32.798973, 39.133225 ], [ 32.798991, 39.133383 ], [ 32.799085, 39.133473 ], [ 32.79926, 39.133653 ], [ 32.799338, 39.133752 ], [ 32.799366, 39.133801 ], [ 32.799392, 39.133867 ], [ 32.799396, 39.133999 ], [ 32.799391, 39.134106 ], [ 32.799386, 39.13414 ], [ 32.799373, 39.134186 ], [ 32.79936, 39.134234 ], [ 32.79929, 39.13445 ], [ 32.799257, 39.134583 ], [ 32.799241, 39.134649 ], [ 32.799244, 39.134686 ], [ 32.799048, 39.134751 ], [ 32.798899, 39.13481 ], [ 32.798908, 39.134823 ], [ 32.798873, 39.134827 ], [ 32.799009, 39.134968 ], [ 32.799146, 39.135167 ], [ 32.799097, 39.135202 ], [ 32.799068, 39.135251 ], [ 32.799073, 39.135302 ], [ 32.799103, 39.13536 ], [ 32.799152, 39.135424 ], [ 32.801353, 39.138686 ], [ 32.801489, 39.138925 ], [ 32.801629, 39.139121 ], [ 32.801698, 39.139198 ], [ 32.801791, 39.139281 ], [ 32.802427, 39.140395 ], [ 32.802775, 39.140473 ], [ 32.803274, 39.140588 ], [ 32.803457, 39.140634 ], [ 32.803561, 39.14066 ], [ 32.803571, 39.140668 ], [ 32.80372, 39.141418 ], [ 32.804819, 39.142076 ], [ 32.8055, 39.143075 ], [ 32.806712, 39.144719 ], [ 32.806437, 39.145928 ], [ 32.806561, 39.146893 ], [ 32.806561, 39.149594 ], [ 32.806561, 39.153412 ], [ 32.807091, 39.156172 ], [ 32.807394, 39.158463 ], [ 32.808078, 39.161924 ], [ 32.809648, 39.162634 ], [ 32.809791, 39.162509 ], [ 32.810151, 39.162327 ], [ 32.810425, 39.162667 ], [ 32.815581, 39.162214 ], [ 32.815706, 39.162292 ], [ 32.816204, 39.162578 ], [ 32.816387, 39.162369 ], [ 32.816466, 39.162301 ], [ 32.816701, 39.162123 ], [ 32.817286, 39.162616 ], [ 32.818755, 39.163525 ], [ 32.8192, 39.163806 ], [ 32.820066, 39.164325 ], [ 32.820135, 39.164367 ], [ 32.820308, 39.164428 ], [ 32.824631, 39.166488 ], [ 32.824666, 39.16652 ], [ 32.824655, 39.166535 ], [ 32.83126, 39.179468 ], [ 32.835209, 39.180206 ], [ 32.839849, 39.182039 ], [ 32.840861, 39.182261 ], [ 32.842198, 39.184918 ], [ 32.842981, 39.186658 ], [ 32.846631, 39.188519 ], [ 32.84505, 39.193075 ], [ 32.84343, 39.193103 ], [ 32.841879, 39.193198 ], [ 32.836869, 39.192349 ], [ 32.835771, 39.191537 ], [ 32.835599, 39.191562 ], [ 32.827992, 39.192667 ], [ 32.823543, 39.193522 ], [ 32.822733, 39.193678 ], [ 32.821657, 39.194624 ], [ 32.817646, 39.196011 ], [ 32.816432, 39.19643 ], [ 32.815431, 39.196776 ], [ 32.815384, 39.196834 ], [ 32.815258, 39.19699 ], [ 32.815088, 39.197172 ], [ 32.814974, 39.197264 ], [ 32.81486, 39.197337 ], [ 32.814704, 39.197415 ], [ 32.814433, 39.197565 ], [ 32.814201, 39.197719 ], [ 32.813821, 39.198017 ], [ 32.813003, 39.198623 ], [ 32.812866, 39.198757 ], [ 32.812591, 39.19901 ], [ 32.812354, 39.19925 ], [ 32.812123, 39.199519 ], [ 32.81212, 39.199525 ], [ 32.812024, 39.199702 ], [ 32.811913, 39.199925 ], [ 32.811853, 39.200026 ], [ 32.811693, 39.200224 ], [ 32.811431, 39.200559 ], [ 32.811153, 39.200929 ], [ 32.811257, 39.20114 ], [ 32.811134, 39.201224 ], [ 32.810953, 39.201339 ], [ 32.810706, 39.201525 ], [ 32.810546, 39.201649 ], [ 32.810487, 39.2017 ], [ 32.810451, 39.20171 ], [ 32.810391, 39.201694 ], [ 32.810323, 39.201671 ], [ 32.810287, 39.201659 ], [ 32.810181, 39.201621 ], [ 32.810061, 39.201569 ], [ 32.809902, 39.201528 ], [ 32.80958, 39.201457 ], [ 32.809335, 39.201391 ], [ 32.808911, 39.201316 ], [ 32.808722, 39.201285 ], [ 32.808665, 39.201455 ], [ 32.808536, 39.201813 ], [ 32.808523, 39.201871 ], [ 32.808496, 39.201992 ], [ 32.808443, 39.202235 ], [ 32.808347, 39.202459 ], [ 32.808228, 39.202679 ], [ 32.808087, 39.20306 ], [ 32.808044, 39.203138 ], [ 32.808155, 39.203184 ], [ 32.807734, 39.204178 ], [ 32.807693, 39.204454 ], [ 32.808013, 39.204577 ], [ 32.808496, 39.204743 ], [ 32.808679, 39.204828 ], [ 32.808681, 39.204834 ], [ 32.808629, 39.20489 ], [ 32.808575, 39.204982 ], [ 32.808474, 39.205193 ], [ 32.808291, 39.205649 ], [ 32.808255, 39.205736 ], [ 32.808277, 39.205752 ], [ 32.808235, 39.205859 ], [ 32.808244, 39.205878 ], [ 32.808241, 39.205924 ], [ 32.808186, 39.206201 ], [ 32.808159, 39.206384 ], [ 32.808115, 39.206689 ], [ 32.808075, 39.207026 ], [ 32.808039, 39.207307 ], [ 32.807995, 39.20768 ], [ 32.808186, 39.207728 ], [ 32.808202, 39.207743 ], [ 32.808208, 39.20776 ], [ 32.8082, 39.207795 ], [ 32.808144, 39.207927 ], [ 32.808002, 39.208336 ], [ 32.807917, 39.208607 ], [ 32.807586, 39.20855 ], [ 32.807557, 39.208545 ], [ 32.807534, 39.208547 ], [ 32.807274, 39.20853 ], [ 32.807118, 39.209538 ], [ 32.807103, 39.210042 ], [ 32.805187, 39.210243 ], [ 32.805189, 39.211399 ], [ 32.80622, 39.21328 ], [ 32.807007, 39.214533 ], [ 32.807007, 39.216059 ], [ 32.808171, 39.219318 ], [ 32.808014, 39.219123 ], [ 32.807869, 39.218927 ], [ 32.807781, 39.218778 ], [ 32.807736, 39.218611 ], [ 32.807693, 39.218423 ], [ 32.807644, 39.218278 ], [ 32.807632, 39.218502 ], [ 32.807663, 39.218979 ], [ 32.807698, 39.219413 ], [ 32.807715, 39.219702 ], [ 32.807798, 39.219992 ], [ 32.80787, 39.220343 ], [ 32.807947, 39.220681 ], [ 32.80804, 39.221018 ], [ 32.808148, 39.221458 ], [ 32.807686, 39.221487 ], [ 32.807162, 39.221496 ], [ 32.806482, 39.221575 ], [ 32.805888, 39.221644 ], [ 32.805789, 39.221661 ], [ 32.805754, 39.221662 ], [ 32.805664, 39.221713 ], [ 32.805301, 39.22193 ], [ 32.805186, 39.221998 ], [ 32.805021, 39.222095 ], [ 32.804913, 39.222157 ], [ 32.803448, 39.22301 ], [ 32.802156, 39.224882 ], [ 32.801728, 39.227428 ], [ 32.802024, 39.230158 ], [ 32.802498, 39.231799 ], [ 32.804131, 39.234009 ], [ 32.802779, 39.235623 ], [ 32.802064, 39.237208 ], [ 32.801731, 39.238734 ], [ 32.804152, 39.241161 ], [ 32.805237, 39.243164 ], [ 32.806224, 39.244649 ], [ 32.807083, 39.247332 ], [ 32.805444, 39.248037 ], [ 32.804255, 39.248549 ], [ 32.804484, 39.249478 ], [ 32.8356, 39.254713 ], [ 32.83713, 39.257039 ], [ 32.837934, 39.257096 ], [ 32.839571, 39.259585 ], [ 32.839846, 39.259738 ], [ 32.841007, 39.260463 ], [ 32.843959, 39.262362 ], [ 32.846282, 39.262134 ], [ 32.84972, 39.261297 ], [ 32.852759, 39.261329 ], [ 32.854788, 39.261649 ], [ 32.857745, 39.262217 ], [ 32.859493, 39.262693 ], [ 32.860947, 39.261487 ], [ 32.862015, 39.26088 ], [ 32.862128, 39.260815 ], [ 32.862323, 39.259878 ], [ 32.862315, 39.259711 ], [ 32.862365, 39.259674 ], [ 32.862375, 39.259627 ], [ 32.86239, 39.259553 ], [ 32.862555, 39.258836 ], [ 32.86271, 39.258162 ], [ 32.864576, 39.256965 ], [ 32.865105, 39.256399 ], [ 32.867066, 39.254866 ], [ 32.868856, 39.254436 ], [ 32.869888, 39.256347 ], [ 32.871604, 39.257348 ], [ 32.872315, 39.258451 ], [ 32.874413, 39.259691 ], [ 32.875319, 39.260216 ], [ 32.878228, 39.260937 ], [ 32.878985, 39.261401 ], [ 32.879354, 39.261646 ], [ 32.879551, 39.261776 ], [ 32.879771, 39.261922 ], [ 32.880334, 39.2625 ], [ 32.880654, 39.262865 ], [ 32.881126, 39.263404 ], [ 32.881628, 39.263976 ], [ 32.881693, 39.264814 ], [ 32.881642, 39.264978 ], [ 32.882473, 39.265898 ], [ 32.884306, 39.267297 ], [ 32.886385, 39.268954 ], [ 32.887562, 39.269935 ], [ 32.89142, 39.27315 ], [ 32.891562, 39.273305 ], [ 32.894251, 39.272499 ], [ 32.900449, 39.270831 ], [ 32.901745, 39.268063 ], [ 32.903015, 39.262886 ], [ 32.903016, 39.262883 ], [ 32.903028, 39.262885 ], [ 32.903412, 39.262702 ], [ 32.903665, 39.262069 ], [ 32.905121, 39.260399 ], [ 32.90617, 39.258635 ], [ 32.906694, 39.257777 ], [ 32.907413, 39.25567 ], [ 32.911509, 39.251246 ], [ 32.91313, 39.249958 ], [ 32.914799, 39.247908 ], [ 32.916134, 39.246716 ], [ 32.917898, 39.244809 ], [ 32.919258, 39.24333 ], [ 32.919264, 39.24336 ], [ 32.919288, 39.243413 ], [ 32.919368, 39.24356 ], [ 32.919392, 39.243597 ], [ 32.919433, 39.243662 ], [ 32.919473, 39.243719 ], [ 32.919538, 39.243793 ], [ 32.91968, 39.243889 ], [ 32.919728, 39.243923 ], [ 32.919946, 39.24405 ], [ 32.920085, 39.244126 ], [ 32.920135, 39.244159 ], [ 32.920172, 39.24419 ], [ 32.920203, 39.244215 ], [ 32.920227, 39.244254 ], [ 32.920236, 39.24437 ], [ 32.920245, 39.244429 ], [ 32.920275, 39.244518 ], [ 32.920355, 39.244701 ], [ 32.920418, 39.244918 ], [ 32.920421, 39.244928 ], [ 32.920432, 39.245036 ], [ 32.920437, 39.245084 ], [ 32.920443, 39.24514 ], [ 32.920448, 39.245192 ], [ 32.920452, 39.245247 ], [ 32.920455, 39.245305 ], [ 32.92046, 39.245348 ], [ 32.920479, 39.245416 ], [ 32.920491, 39.245446 ], [ 32.920519, 39.245474 ], [ 32.920562, 39.245496 ], [ 32.920625, 39.245522 ], [ 32.920749, 39.245573 ], [ 32.920841, 39.245603 ], [ 32.921031, 39.245673 ], [ 32.921223, 39.245732 ], [ 32.921294, 39.245751 ], [ 32.921309, 39.245542 ], [ 32.921327, 39.245359 ], [ 32.9214, 39.245374 ], [ 32.921709, 39.24547 ], [ 32.922023, 39.245593 ], [ 32.922338, 39.245713 ], [ 32.922662, 39.245825 ], [ 32.922854, 39.24588 ], [ 32.924402, 39.24637 ], [ 32.928447, 39.250261 ], [ 32.929122, 39.250811 ], [ 32.929487, 39.251945 ], [ 32.929518, 39.252029 ], [ 32.929525, 39.252048 ], [ 32.92968, 39.25214 ], [ 32.929848, 39.252256 ], [ 32.929971, 39.252357 ], [ 32.930031, 39.252421 ], [ 32.930107, 39.252503 ], [ 32.930148, 39.252541 ], [ 32.930193, 39.252579 ], [ 32.930235, 39.252609 ], [ 32.930267, 39.252628 ], [ 32.930321, 39.252652 ], [ 32.930361, 39.252668 ], [ 32.930413, 39.252686 ], [ 32.930469, 39.252709 ], [ 32.930567, 39.25276 ], [ 32.930654, 39.252797 ], [ 32.930702, 39.252825 ], [ 32.93074, 39.252851 ], [ 32.930165, 39.253543 ], [ 32.930637, 39.25537 ], [ 32.930647, 39.255379 ], [ 32.930677, 39.255403 ], [ 32.934024, 39.258136 ], [ 32.935477, 39.259349 ], [ 32.936064, 39.259175 ], [ 32.936632, 39.259631 ], [ 32.93629, 39.259932 ], [ 32.937946, 39.261111 ], [ 32.939297, 39.263221 ], [ 32.940511, 39.26636 ], [ 32.943421, 39.269686 ], [ 32.945605, 39.270588 ], [ 32.947763, 39.272217 ], [ 32.949843, 39.27523 ], [ 32.950917, 39.276457 ], [ 32.951692, 39.277277 ], [ 32.952002, 39.278616 ], [ 32.951989, 39.27888 ], [ 32.951984, 39.278999 ], [ 32.950384, 39.281309 ], [ 32.950293, 39.28144 ], [ 32.949984, 39.281886 ], [ 32.951446, 39.283144 ], [ 32.951489, 39.283078 ], [ 32.951557, 39.283008 ], [ 32.95167, 39.28289 ], [ 32.951779, 39.282782 ], [ 32.951918, 39.282675 ], [ 32.951975, 39.282625 ], [ 32.953204, 39.283164 ], [ 32.953222, 39.283207 ], [ 32.953255, 39.283236 ], [ 32.953286, 39.283256 ], [ 32.953342, 39.283286 ], [ 32.953541, 39.283358 ], [ 32.953614, 39.28338 ], [ 32.954248, 39.284213 ], [ 32.954317, 39.284264 ], [ 32.954571, 39.284477 ], [ 32.954743, 39.284628 ], [ 32.9549, 39.284793 ], [ 32.955062, 39.28471 ], [ 32.955285, 39.284548 ], [ 32.955353, 39.284521 ], [ 32.955451, 39.284481 ], [ 32.955618, 39.284403 ], [ 32.955753, 39.284343 ], [ 32.955778, 39.28434 ], [ 32.955813, 39.284353 ], [ 32.955841, 39.284375 ], [ 32.955883, 39.284427 ], [ 32.955975, 39.284578 ], [ 32.956089, 39.284753 ], [ 32.956245, 39.284925 ], [ 32.956401, 39.285043 ], [ 32.956578, 39.285156 ], [ 32.956633, 39.285185 ], [ 32.956674, 39.285208 ], [ 32.956725, 39.285237 ], [ 32.956776, 39.285265 ], [ 32.956898, 39.285335 ], [ 32.956981, 39.285375 ], [ 32.957026, 39.285396 ], [ 32.957171, 39.285469 ], [ 32.957201, 39.285479 ], [ 32.957304, 39.285527 ], [ 32.957529, 39.285605 ], [ 32.957749, 39.285673 ], [ 32.958111, 39.285775 ], [ 32.958306, 39.285814 ], [ 32.958513, 39.285852 ], [ 32.958556, 39.285854 ], [ 32.958589, 39.285851 ], [ 32.958627, 39.285839 ], [ 32.958658, 39.285826 ], [ 32.958701, 39.285805 ], [ 32.95873, 39.285783 ], [ 32.958763, 39.285754 ], [ 32.9588, 39.285724 ], [ 32.958834, 39.285697 ], [ 32.958865, 39.285678 ], [ 32.958943, 39.285706 ], [ 32.958987, 39.285722 ], [ 32.959237, 39.285808 ], [ 32.959406, 39.285864 ], [ 32.959477, 39.285897 ], [ 32.959571, 39.285953 ], [ 32.959638, 39.286004 ], [ 32.959666, 39.286034 ], [ 32.959674, 39.28603 ], [ 32.960543, 39.285547 ], [ 32.960709, 39.285447 ], [ 32.960794, 39.285397 ], [ 32.960802, 39.285391 ], [ 32.960836, 39.285363 ], [ 32.96097, 39.285281 ], [ 32.961013, 39.285255 ], [ 32.961047, 39.285274 ], [ 32.961088, 39.285298 ], [ 32.961653, 39.285647 ], [ 32.96285, 39.285902 ], [ 32.96291, 39.285902 ], [ 32.962955, 39.285888 ], [ 32.962989, 39.285846 ], [ 32.963066, 39.28572 ], [ 32.963171, 39.285509 ], [ 32.963304, 39.285242 ], [ 32.963489, 39.284921 ], [ 32.963554, 39.284843 ], [ 32.963568, 39.284833 ], [ 32.963642, 39.284891 ], [ 32.963699, 39.284954 ], [ 32.963717, 39.284974 ], [ 32.963789, 39.285053 ], [ 32.963827, 39.2851 ], [ 32.963904, 39.285194 ], [ 32.963988, 39.285274 ], [ 32.964036, 39.285347 ], [ 32.964103, 39.285463 ], [ 32.964161, 39.285542 ], [ 32.964164, 39.285545 ], [ 32.964234, 39.285626 ], [ 32.964304, 39.285685 ], [ 32.964419, 39.285749 ], [ 32.964493, 39.285835 ], [ 32.964888, 39.286294 ], [ 32.965023, 39.286447 ], [ 32.965219, 39.28665 ], [ 32.965282, 39.286686 ], [ 32.965301, 39.286675 ], [ 32.965333, 39.286652 ], [ 32.965428, 39.286523 ], [ 32.96557, 39.286363 ], [ 32.96563, 39.286309 ], [ 32.965671, 39.286312 ], [ 32.965734, 39.286324 ], [ 32.965748, 39.28632 ], [ 32.965786, 39.286329 ], [ 32.965812, 39.286349 ], [ 32.965805, 39.286388 ], [ 32.965795, 39.286401 ], [ 32.965832, 39.286432 ], [ 32.965889, 39.286453 ], [ 32.965934, 39.286448 ], [ 32.965974, 39.286439 ], [ 32.966017, 39.286426 ], [ 32.96612, 39.286382 ], [ 32.966269, 39.286325 ], [ 32.96639, 39.286283 ], [ 32.966445, 39.28628 ], [ 32.9666, 39.28628 ], [ 32.966689, 39.286283 ], [ 32.966732, 39.286294 ], [ 32.966733, 39.286315 ], [ 32.966736, 39.286314 ], [ 32.967569, 39.287697 ], [ 32.967508, 39.287735 ], [ 32.967406, 39.287798 ], [ 32.967263, 39.287908 ], [ 32.967472, 39.288009 ], [ 32.9677, 39.28814 ], [ 32.967817, 39.288214 ], [ 32.967857, 39.288245 ], [ 32.967878, 39.288261 ], [ 32.967897, 39.288285 ], [ 32.967912, 39.288311 ], [ 32.967914, 39.288314 ], [ 32.968432, 39.288198 ], [ 32.969446, 39.289792 ], [ 32.969186, 39.289953 ], [ 32.969349, 39.29002 ], [ 32.969506, 39.290089 ], [ 32.969684, 39.290187 ], [ 32.969949, 39.290318 ], [ 32.970147, 39.29042 ], [ 32.970291, 39.290486 ], [ 32.970357, 39.290506 ], [ 32.970427, 39.290512 ], [ 32.970555, 39.290494 ], [ 32.970724, 39.290438 ], [ 32.970909, 39.290373 ], [ 32.97094, 39.290355 ], [ 32.970945, 39.290349 ], [ 32.971861, 39.290213 ], [ 32.971878, 39.290257 ], [ 32.971958, 39.290366 ], [ 32.972072, 39.290516 ], [ 32.972165, 39.290633 ], [ 32.972251, 39.290725 ], [ 32.972308, 39.290775 ], [ 32.972389, 39.290827 ], [ 32.97246, 39.290885 ], [ 32.972528, 39.29097 ], [ 32.972553, 39.291 ], [ 32.972557, 39.291003 ], [ 32.97257, 39.29101 ], [ 32.972588, 39.291016 ], [ 32.972591, 39.291016 ], [ 32.972609, 39.291017 ], [ 32.972646, 39.291004 ], [ 32.972694, 39.290978 ], [ 32.97282, 39.290862 ], [ 32.972936, 39.290763 ], [ 32.972976, 39.290742 ], [ 32.973016, 39.290731 ], [ 32.973086, 39.290721 ], [ 32.973218, 39.290729 ], [ 32.973297, 39.290743 ], [ 32.973374, 39.290665 ], [ 32.973524, 39.290529 ], [ 32.973645, 39.290409 ], [ 32.973779, 39.290297 ], [ 32.973868, 39.290217 ], [ 32.973918, 39.290172 ], [ 32.973931, 39.29016 ], [ 32.973952, 39.290144 ], [ 32.974134, 39.290231 ], [ 32.974292, 39.290324 ], [ 32.974328, 39.290347 ], [ 32.974452, 39.290426 ], [ 32.97466, 39.290626 ], [ 32.974669, 39.290635 ], [ 32.974886, 39.29085 ], [ 32.974891, 39.290845 ], [ 32.97497, 39.290941 ], [ 32.975061, 39.29106 ], [ 32.97518, 39.291237 ], [ 32.975268, 39.291396 ], [ 32.97538, 39.291604 ], [ 32.975456, 39.291744 ], [ 32.975557, 39.291923 ], [ 32.975663, 39.292158 ], [ 32.975723, 39.292367 ], [ 32.975747, 39.292455 ], [ 32.975997, 39.293012 ], [ 32.976545, 39.292666 ], [ 32.976573, 39.292652 ], [ 32.976918, 39.292407 ], [ 32.97792, 39.29171 ], [ 32.978089, 39.291616 ], [ 32.978241, 39.29151 ], [ 32.980209, 39.290725 ], [ 32.981333, 39.290299 ], [ 32.98146, 39.290242 ], [ 32.981684, 39.290163 ], [ 32.981583, 39.290176 ], [ 32.981075, 39.290244 ], [ 32.981804, 39.289045 ], [ 32.982888, 39.289014 ], [ 32.982955, 39.288908 ], [ 32.983056, 39.288746 ], [ 32.98311, 39.288609 ], [ 32.983182, 39.288387 ], [ 32.98324, 39.288152 ], [ 32.983305, 39.287934 ], [ 32.983359, 39.287783 ], [ 32.983373, 39.287757 ], [ 32.983369, 39.287756 ], [ 32.982356, 39.287461 ], [ 32.983035, 39.287005 ], [ 32.98389, 39.286412 ], [ 32.984589, 39.285953 ], [ 32.984679, 39.285896 ], [ 32.984777, 39.285834 ], [ 32.984864, 39.285861 ], [ 32.984904, 39.285877 ], [ 32.984983, 39.285799 ], [ 32.985269, 39.285531 ], [ 32.985528, 39.285244 ], [ 32.985749, 39.284996 ], [ 32.985856, 39.284877 ], [ 32.985863, 39.28487 ], [ 32.98594, 39.284882 ], [ 32.98596, 39.284888 ], [ 32.98627, 39.284951 ], [ 32.986432, 39.284976 ], [ 32.986462, 39.284899 ], [ 32.9865, 39.284799 ], [ 32.986519, 39.284748 ], [ 32.986585, 39.284638 ], [ 32.986595, 39.284633 ], [ 32.98663, 39.284635 ], [ 32.986883, 39.284702 ], [ 32.987177, 39.284779 ], [ 32.987376, 39.284816 ], [ 32.987425, 39.284823 ], [ 32.987478, 39.284827 ], [ 32.987522, 39.284828 ], [ 32.987551, 39.284808 ], [ 32.987572, 39.284781 ], [ 32.987582, 39.284754 ], [ 32.987588, 39.284737 ], [ 32.987575, 39.284726 ], [ 32.987568, 39.284706 ], [ 32.98756, 39.284601 ], [ 32.987567, 39.284486 ], [ 32.987572, 39.284462 ], [ 32.987582, 39.284418 ], [ 32.987594, 39.284375 ], [ 32.987607, 39.28434 ], [ 32.987627, 39.284284 ], [ 32.987654, 39.284237 ], [ 32.987677, 39.284201 ], [ 32.987697, 39.284161 ], [ 32.987717, 39.284125 ], [ 32.988214, 39.283873 ], [ 32.990384, 39.282854 ], [ 32.990783, 39.282651 ], [ 32.990969, 39.282714 ], [ 32.991183, 39.282811 ], [ 32.991315, 39.282855 ], [ 32.991334, 39.28265 ], [ 32.991358, 39.282385 ], [ 32.99136, 39.282357 ], [ 32.991604, 39.282233 ], [ 32.991621, 39.281744 ], [ 32.99571, 39.281254 ], [ 32.995869, 39.28116 ], [ 32.996565, 39.2811 ], [ 32.996587, 39.281098 ], [ 32.996823, 39.281078 ], [ 32.99702, 39.280722 ], [ 32.997042, 39.280601 ], [ 32.997082, 39.2805 ], [ 32.997093, 39.280479 ], [ 32.997107, 39.280452 ], [ 32.997109, 39.280447 ], [ 32.997135, 39.280421 ], [ 32.997163, 39.280394 ], [ 32.997171, 39.280389 ], [ 32.997352, 39.280301 ], [ 32.998717, 39.280817 ], [ 32.998837, 39.280857 ], [ 32.998863, 39.280869 ], [ 32.998909, 39.280822 ], [ 32.999031, 39.280699 ], [ 32.999089, 39.280667 ], [ 32.999148, 39.280647 ], [ 32.999106, 39.280614 ], [ 32.999087, 39.280598 ], [ 32.999067, 39.280583 ], [ 32.998965, 39.280542 ], [ 32.998812, 39.280492 ], [ 32.998727, 39.280458 ], [ 32.998694, 39.280435 ], [ 32.998669, 39.280413 ], [ 32.998651, 39.280392 ], [ 32.998634, 39.28037 ], [ 32.99862, 39.280353 ], [ 32.998603, 39.280327 ], [ 32.998594, 39.280306 ], [ 32.998587, 39.280283 ], [ 32.998588, 39.280248 ], [ 32.998591, 39.280209 ], [ 32.998594, 39.280161 ], [ 32.998585, 39.280101 ], [ 32.998577, 39.280008 ], [ 32.99856, 39.279901 ], [ 32.998557, 39.279796 ], [ 32.998546, 39.279764 ], [ 32.998536, 39.279747 ], [ 32.999015, 39.279472 ], [ 33.000676, 39.27863 ], [ 33.000718, 39.278616 ], [ 33.000819, 39.278673 ], [ 33.000969, 39.27873 ], [ 33.001225, 39.278791 ], [ 33.001426, 39.27882 ], [ 33.001609, 39.278846 ], [ 33.001624, 39.278848 ], [ 33.001833, 39.278884 ], [ 33.002022, 39.278917 ], [ 33.00208, 39.278928 ], [ 33.002365, 39.278963 ], [ 33.002469, 39.278955 ], [ 33.002529, 39.278942 ], [ 33.002481, 39.278808 ], [ 33.002443, 39.278651 ], [ 33.002416, 39.278472 ], [ 33.002404, 39.278307 ], [ 33.002418, 39.27819 ], [ 33.002469, 39.2781 ], [ 33.002551, 39.278024 ], [ 33.0027, 39.277943 ], [ 33.00272, 39.27793 ], [ 33.002949, 39.277784 ], [ 33.003064, 39.277687 ], [ 33.003233, 39.277716 ], [ 33.004181, 39.277986 ], [ 33.004299, 39.27802 ], [ 33.004394, 39.278047 ], [ 33.005779, 39.277719 ], [ 33.007524, 39.277306 ], [ 33.00756, 39.277298 ], [ 33.007611, 39.277286 ], [ 33.007584, 39.277257 ], [ 33.007571, 39.27724 ], [ 33.007539, 39.277215 ], [ 33.008831, 39.276985 ], [ 33.010665, 39.277458 ], [ 33.01157, 39.277591 ], [ 33.011773, 39.277781 ], [ 33.0137, 39.278225 ], [ 33.016911, 39.278398 ], [ 33.017632, 39.278557 ], [ 33.018654, 39.278714 ], [ 33.019005, 39.278839 ], [ 33.019336, 39.278881 ], [ 33.020195, 39.279072 ], [ 33.022062, 39.27951 ], [ 33.022913, 39.27958 ], [ 33.024669, 39.278853 ], [ 33.02526, 39.278895 ], [ 33.025823, 39.278894 ], [ 33.02645, 39.278883 ], [ 33.027073, 39.278815 ], [ 33.0276, 39.278868 ], [ 33.028201, 39.27888 ], [ 33.028794, 39.278897 ], [ 33.02941, 39.278938 ], [ 33.029965, 39.278929 ], [ 33.030681, 39.278926 ], [ 33.03155, 39.278861 ], [ 33.032038, 39.278863 ], [ 33.033412, 39.273719 ], [ 33.033793, 39.27368 ], [ 33.034133, 39.273524 ], [ 33.034421, 39.273392 ], [ 33.034737, 39.273251 ], [ 33.035057, 39.273138 ], [ 33.035392, 39.273084 ], [ 33.035716, 39.273029 ], [ 33.036035, 39.272972 ], [ 33.036419, 39.27293 ], [ 33.036111, 39.272702 ], [ 33.035817, 39.272568 ], [ 33.0355, 39.272421 ], [ 33.035249, 39.272354 ], [ 33.035276, 39.271983 ], [ 33.036095, 39.271755 ], [ 33.036101, 39.271757 ], [ 33.036352, 39.271764 ], [ 33.036407, 39.271744 ], [ 33.036536, 39.271704 ], [ 33.036843, 39.271682 ], [ 33.03685, 39.271556 ], [ 33.03683, 39.271285 ], [ 33.036828, 39.271262 ], [ 33.036765, 39.271199 ], [ 33.036653, 39.271089 ], [ 33.036515, 39.270903 ], [ 33.03642, 39.27067 ], [ 33.036295, 39.270361 ], [ 33.03621, 39.270212 ], [ 33.036061, 39.270006 ], [ 33.035825, 39.269733 ], [ 33.035647, 39.269588 ], [ 33.035242, 39.269189 ], [ 33.034945, 39.268892 ], [ 33.034509, 39.268475 ], [ 33.034199, 39.268159 ], [ 33.034157, 39.268104 ], [ 33.033982, 39.267899 ], [ 33.033979, 39.267896 ], [ 33.033515, 39.267464 ], [ 33.033269, 39.267215 ], [ 33.033011, 39.266964 ], [ 33.03294, 39.26688 ], [ 33.03272, 39.266638 ], [ 33.032484, 39.266392 ], [ 33.03228, 39.266211 ], [ 33.032075, 39.266007 ], [ 33.031791, 39.265635 ], [ 33.031665, 39.265443 ], [ 33.031609, 39.265294 ], [ 33.031604, 39.265115 ], [ 33.031629, 39.264922 ], [ 33.031641, 39.264755 ], [ 33.031623, 39.264545 ], [ 33.031581, 39.264361 ], [ 33.031475, 39.264179 ], [ 33.031402, 39.264064 ], [ 33.031216, 39.264091 ], [ 33.031046, 39.264146 ], [ 33.030958, 39.264147 ], [ 33.030697, 39.264147 ], [ 33.030432, 39.264069 ], [ 33.03015, 39.263985 ], [ 33.030139, 39.263948 ], [ 33.030071, 39.262715 ], [ 33.028815, 39.263194 ], [ 33.028823, 39.263152 ], [ 33.028801, 39.262946 ], [ 33.028832, 39.26275 ], [ 33.028973, 39.262552 ], [ 33.029193, 39.26238 ], [ 33.029421, 39.262268 ], [ 33.029593, 39.262195 ], [ 33.029696, 39.262159 ], [ 33.029701, 39.262164 ], [ 33.029826, 39.262093 ], [ 33.029949, 39.261933 ], [ 33.030016, 39.261671 ], [ 33.030109, 39.261209 ], [ 33.030189, 39.260864 ], [ 33.030267, 39.260576 ], [ 33.030262, 39.260509 ], [ 33.030087, 39.260519 ], [ 33.029854, 39.260557 ], [ 33.029632, 39.260609 ], [ 33.029637, 39.26058 ], [ 33.029632, 39.260547 ], [ 33.0295, 39.260565 ], [ 33.02944, 39.259723 ], [ 33.029415, 39.259171 ], [ 33.029359, 39.258784 ], [ 33.029288, 39.258496 ], [ 33.029222, 39.258323 ], [ 33.02903, 39.25781 ], [ 33.028831, 39.257898 ], [ 33.028645, 39.257966 ], [ 33.028519, 39.258007 ], [ 33.028503, 39.257937 ], [ 33.028425, 39.257778 ], [ 33.028391, 39.257749 ], [ 33.027229, 39.258087 ], [ 33.027212, 39.258001 ], [ 33.027152, 39.257801 ], [ 33.027111, 39.257662 ], [ 33.027118, 39.257629 ], [ 33.027211, 39.257594 ], [ 33.027451, 39.257537 ], [ 33.027864, 39.257427 ], [ 33.028211, 39.25733 ], [ 33.028554, 39.257237 ], [ 33.028462, 39.257066 ], [ 33.028348, 39.256813 ], [ 33.028236, 39.256471 ], [ 33.028159, 39.256278 ], [ 33.027626, 39.255824 ], [ 33.027489, 39.255729 ], [ 33.027351, 39.255646 ], [ 33.027181, 39.255578 ], [ 33.02709, 39.255559 ], [ 33.02699, 39.255554 ], [ 33.026877, 39.255563 ], [ 33.026878, 39.255558 ], [ 33.026793, 39.255616 ], [ 33.026768, 39.255597 ], [ 33.026317, 39.255519 ], [ 33.02599, 39.255742 ], [ 33.025919, 39.25517 ], [ 33.025912, 39.25505 ], [ 33.025925, 39.254957 ], [ 33.025925, 39.254951 ], [ 33.025945, 39.254692 ], [ 33.025979, 39.254377 ], [ 33.026089, 39.254401 ], [ 33.026242, 39.254422 ], [ 33.026269, 39.254403 ], [ 33.026377, 39.254162 ], [ 33.0264, 39.254082 ], [ 33.0264, 39.25408 ], [ 33.026404, 39.254022 ], [ 33.026414, 39.25392 ], [ 33.026528, 39.253666 ], [ 33.026638, 39.25347 ], [ 33.026721, 39.253299 ], [ 33.026748, 39.253184 ], [ 33.02675, 39.253166 ], [ 33.026498, 39.253084 ], [ 33.026295, 39.253005 ], [ 33.026181, 39.252955 ], [ 33.026148, 39.252537 ], [ 33.026169, 39.252465 ], [ 33.026188, 39.252298 ], [ 33.02619, 39.252168 ], [ 33.02617, 39.251972 ], [ 33.026176, 39.251881 ], [ 33.026057, 39.251834 ], [ 33.025989, 39.251797 ], [ 33.025955, 39.25174 ], [ 33.025962, 39.251677 ], [ 33.025987, 39.251611 ], [ 33.026014, 39.25154 ], [ 33.025942, 39.251508 ], [ 33.025628, 39.251479 ], [ 33.025626, 39.251417 ], [ 33.025623, 39.251317 ], [ 33.025638, 39.251126 ], [ 33.025657, 39.250947 ], [ 33.025672, 39.250837 ], [ 33.025671, 39.250653 ], [ 33.025672, 39.250516 ], [ 33.02567, 39.250324 ], [ 33.025675, 39.249937 ], [ 33.025684, 39.24969 ], [ 33.025684, 39.249406 ], [ 33.025669, 39.249388 ], [ 33.025689, 39.24923 ], [ 33.025693, 39.249034 ], [ 33.025691, 39.249012 ], [ 33.025682, 39.248931 ], [ 33.025674, 39.24883 ], [ 33.025608, 39.248838 ], [ 33.025504, 39.24887 ], [ 33.025379, 39.248907 ], [ 33.025296, 39.248928 ], [ 33.025172, 39.248953 ], [ 33.025129, 39.24896 ], [ 33.025126, 39.248871 ], [ 33.025209, 39.248696 ], [ 33.022118, 39.24911 ], [ 33.020732, 39.249016 ], [ 33.020616, 39.248967 ], [ 33.020387, 39.248827 ], [ 33.020153, 39.248695 ], [ 33.020064, 39.248656 ], [ 33.019531, 39.248318 ], [ 33.01942, 39.248375 ], [ 33.018324, 39.248224 ], [ 33.017423, 39.247998 ], [ 33.016868, 39.247851 ], [ 33.016546, 39.247762 ], [ 33.016497, 39.247748 ], [ 33.016423, 39.247729 ], [ 33.016342, 39.24772 ], [ 33.015376, 39.247491 ], [ 33.014452, 39.247482 ], [ 33.013521, 39.247523 ], [ 33.013531, 39.247653 ], [ 33.012086, 39.24782 ], [ 33.012083, 39.247813 ], [ 33.011998, 39.247643 ], [ 33.011916, 39.247424 ], [ 33.011847, 39.247057 ], [ 33.011805, 39.246822 ], [ 33.011702, 39.246317 ], [ 33.011605, 39.245918 ], [ 33.010158, 39.245335 ], [ 33.010031, 39.245256 ], [ 33.009957, 39.244453 ], [ 33.009929, 39.244404 ], [ 33.00971, 39.243982 ], [ 33.009525, 39.24361 ], [ 33.009371, 39.243292 ], [ 33.009254, 39.243022 ], [ 33.009128, 39.242752 ], [ 33.00906, 39.242647 ], [ 33.009023, 39.242629 ], [ 33.00897, 39.242622 ], [ 33.008898, 39.242629 ], [ 33.008776, 39.242654 ], [ 33.008688, 39.242551 ], [ 33.008643, 39.242497 ], [ 33.008528, 39.242361 ], [ 33.008461, 39.242289 ], [ 33.00837, 39.242191 ], [ 33.008215, 39.242065 ], [ 33.008127, 39.241978 ], [ 33.007964, 39.241886 ], [ 33.007891, 39.241851 ], [ 33.007822, 39.241771 ], [ 33.007192, 39.241388 ], [ 33.006965, 39.241373 ], [ 33.006969, 39.241367 ], [ 33.007066, 39.241253 ], [ 33.007147, 39.24112 ], [ 33.007192, 39.241023 ], [ 33.007167, 39.241032 ], [ 33.007105, 39.241019 ], [ 33.006913, 39.240984 ], [ 33.006736, 39.240954 ], [ 33.006545, 39.240936 ], [ 33.006709, 39.240674 ], [ 33.006854, 39.240442 ], [ 33.007719, 39.238212 ], [ 33.007852, 39.237868 ], [ 33.008037, 39.23738 ], [ 33.008001, 39.236986 ], [ 33.007965, 39.236487 ], [ 33.007992, 39.236248 ], [ 33.008013, 39.23606 ], [ 33.008038, 39.235878 ], [ 33.007201, 39.235858 ], [ 33.007177, 39.235609 ], [ 33.007175, 39.235584 ], [ 33.006485, 39.235562 ], [ 33.006578, 39.235161 ], [ 33.007576, 39.235242 ], [ 33.007567, 39.235131 ], [ 33.007538, 39.234697 ], [ 33.007607, 39.234309 ], [ 33.007655, 39.234187 ], [ 33.007785, 39.233857 ], [ 33.007482, 39.233762 ], [ 33.006299, 39.233394 ], [ 33.005935, 39.234042 ], [ 33.005468, 39.233825 ], [ 33.005025, 39.233619 ], [ 33.004482, 39.229917 ], [ 33.005424, 39.227965 ], [ 33.006115, 39.224336 ], [ 33.006013, 39.224277 ], [ 33.006083, 39.224147 ], [ 33.006151, 39.224011 ], [ 33.006162, 39.223989 ], [ 33.005932, 39.223826 ], [ 33.00684, 39.222158 ], [ 33.007456, 39.220659 ], [ 33.0072, 39.220574 ], [ 33.00696, 39.220499 ], [ 33.006671, 39.22039 ], [ 33.005461, 39.220072 ], [ 33.004898, 39.219954 ], [ 33.004479, 39.219865 ], [ 33.003273, 39.219589 ], [ 33.00322, 39.219581 ], [ 33.00276, 39.219475 ], [ 33.002229, 39.219354 ], [ 33.001432, 39.219148 ], [ 33.001282, 39.219111 ], [ 33.000431, 39.218919 ], [ 32.999849, 39.218751 ], [ 32.999416, 39.218642 ], [ 32.999156, 39.21858 ], [ 32.998965, 39.218531 ], [ 32.997941, 39.218269 ], [ 32.997486, 39.218108 ], [ 33.000128, 39.213507 ], [ 33.005516, 39.209833 ], [ 33.011663, 39.208825 ], [ 33.011755, 39.20726 ], [ 33.011965, 39.205584 ], [ 33.012077, 39.204766 ], [ 33.012159, 39.204251 ], [ 33.01256, 39.203919 ], [ 33.012941, 39.203603 ], [ 33.013329, 39.203349 ], [ 33.01395, 39.203036 ], [ 33.014408, 39.202875 ], [ 33.015208, 39.202598 ], [ 33.015713, 39.202433 ], [ 33.01616, 39.202283 ], [ 33.016449, 39.202354 ], [ 33.017652, 39.202061 ], [ 33.018271, 39.201877 ], [ 33.018404, 39.201741 ], [ 33.020644, 39.201546 ], [ 33.021055, 39.201195 ], [ 33.021624, 39.200546 ], [ 33.022672, 39.200409 ], [ 33.022909, 39.200166 ], [ 33.023156, 39.199519 ], [ 33.023503, 39.199613 ], [ 33.023573, 39.199515 ], [ 33.023829, 39.199159 ], [ 33.024338, 39.198372 ], [ 33.024829, 39.197614 ], [ 33.024884, 39.19751 ], [ 33.026379, 39.198005 ], [ 33.026392, 39.198011 ], [ 33.026946, 39.198255 ], [ 33.0275, 39.198499 ], [ 33.028467, 39.198925 ], [ 33.029313, 39.199298 ], [ 33.029639, 39.199441 ], [ 33.030034, 39.199684 ], [ 33.030105, 39.199738 ], [ 33.030951, 39.200253 ], [ 33.032341, 39.201163 ], [ 33.032482, 39.201591 ], [ 33.034444, 39.202499 ], [ 33.045922, 39.207742 ], [ 33.04637, 39.207876 ], [ 33.048612, 39.208141 ], [ 33.049844, 39.208386 ], [ 33.050441, 39.20849 ], [ 33.05176, 39.208817 ], [ 33.051646, 39.209601 ], [ 33.05361, 39.209693 ], [ 33.05379, 39.209175 ], [ 33.055042, 39.209586 ], [ 33.056368, 39.210053 ], [ 33.057667, 39.21049 ], [ 33.057871, 39.210259 ], [ 33.058444, 39.210478 ], [ 33.059682, 39.211046 ], [ 33.060554, 39.210894 ], [ 33.060457, 39.210223 ], [ 33.061871, 39.210065 ], [ 33.062884, 39.210621 ], [ 33.063234, 39.210473 ], [ 33.063791, 39.211361 ], [ 33.066045, 39.210515 ], [ 33.066818, 39.210317 ], [ 33.066818, 39.210349 ], [ 33.066818, 39.210371 ], [ 33.066819, 39.210745 ], [ 33.066915, 39.210933 ], [ 33.067, 39.210998 ], [ 33.067111, 39.211083 ], [ 33.067072, 39.211768 ], [ 33.068611, 39.211927 ], [ 33.068566, 39.212402 ], [ 33.068409, 39.212907 ], [ 33.068436, 39.213028 ], [ 33.069212, 39.214347 ], [ 33.07012, 39.214382 ], [ 33.070014, 39.214659 ], [ 33.070053, 39.215785 ], [ 33.070645, 39.217012 ], [ 33.070995, 39.217396 ], [ 33.070532, 39.218551 ], [ 33.071087, 39.21856 ], [ 33.071731, 39.218503 ], [ 33.072299, 39.218453 ], [ 33.073654, 39.218332 ], [ 33.073692, 39.218379 ], [ 33.073803, 39.219191 ], [ 33.074349, 39.220123 ], [ 33.07468, 39.22053 ], [ 33.074782, 39.220655 ], [ 33.074174, 39.221008 ], [ 33.073336, 39.221084 ], [ 33.072995, 39.221559 ], [ 33.074307, 39.221891 ], [ 33.073982, 39.223262 ], [ 33.073929, 39.223486 ], [ 33.074219, 39.224218 ], [ 33.074534, 39.225016 ], [ 33.075373, 39.224862 ], [ 33.075637, 39.22477 ], [ 33.075692, 39.224751 ], [ 33.07593, 39.224778 ], [ 33.075969, 39.224896 ], [ 33.076207, 39.225355 ], [ 33.076209, 39.225359 ], [ 33.075928, 39.226459 ], [ 33.075843, 39.226794 ], [ 33.075839, 39.226809 ], [ 33.075452, 39.227195 ], [ 33.075537, 39.22776 ], [ 33.076376, 39.227831 ], [ 33.077332, 39.227977 ], [ 33.077398, 39.227987 ], [ 33.077203, 39.228142 ], [ 33.076758, 39.228496 ], [ 33.076914, 39.229264 ], [ 33.076951, 39.229445 ], [ 33.077333, 39.229392 ], [ 33.077383, 39.229369 ], [ 33.077722, 39.22982 ], [ 33.078366, 39.231035 ], [ 33.078936, 39.231216 ], [ 33.079401, 39.231941 ], [ 33.07958, 39.232194 ], [ 33.079554, 39.23234 ], [ 33.079563, 39.233027 ], [ 33.080379, 39.23342 ], [ 33.081084, 39.23302 ], [ 33.081471, 39.23273 ], [ 33.08158, 39.232722 ], [ 33.083047, 39.233666 ], [ 33.083753, 39.233107 ], [ 33.084836, 39.234187 ], [ 33.084893, 39.234243 ], [ 33.085103, 39.234453 ], [ 33.085374, 39.235204 ], [ 33.085645, 39.235516 ], [ 33.085336, 39.235769 ], [ 33.085577, 39.236077 ], [ 33.085885, 39.236572 ], [ 33.086324, 39.237048 ], [ 33.086595, 39.237369 ], [ 33.087225, 39.237857 ], [ 33.087539, 39.238154 ], [ 33.087931, 39.238663 ], [ 33.088352, 39.239232 ], [ 33.088865, 39.239648 ], [ 33.089637, 39.240111 ], [ 33.089752, 39.24018 ], [ 33.090399, 39.240648 ], [ 33.091141, 39.241029 ], [ 33.092085, 39.242024 ], [ 33.093042, 39.241862 ], [ 33.09362, 39.242013 ], [ 33.094597, 39.242438 ], [ 33.095503, 39.242798 ], [ 33.095757, 39.242925 ], [ 33.096493, 39.243358 ], [ 33.09656, 39.243307 ], [ 33.097245, 39.243739 ], [ 33.097727, 39.244003 ], [ 33.0992, 39.244566 ], [ 33.102375, 39.247022 ], [ 33.10196, 39.247381 ], [ 33.101966, 39.24743 ], [ 33.10194, 39.247449 ], [ 33.101947, 39.24765 ], [ 33.101996, 39.247701 ], [ 33.102005, 39.247776 ], [ 33.102508, 39.247863 ], [ 33.102436, 39.247941 ], [ 33.102331, 39.247994 ], [ 33.101961, 39.248518 ], [ 33.102466, 39.248625 ], [ 33.102903, 39.248758 ], [ 33.103714, 39.249005 ], [ 33.105405, 39.249292 ], [ 33.106458, 39.249703 ], [ 33.107462, 39.250012 ], [ 33.108212, 39.250252 ], [ 33.11047, 39.251023 ], [ 33.110634, 39.250757 ], [ 33.110828, 39.250408 ], [ 33.111728, 39.250617 ], [ 33.112585, 39.250677 ], [ 33.113859, 39.250876 ], [ 33.114101, 39.250934 ], [ 33.114624, 39.251246 ], [ 33.114852, 39.251519 ], [ 33.115399, 39.252463 ], [ 33.116016, 39.252324 ], [ 33.11697, 39.251959 ], [ 33.117472, 39.252561 ], [ 33.117962, 39.253202 ], [ 33.119562, 39.25461 ], [ 33.120227, 39.25514 ], [ 33.120305, 39.255182 ], [ 33.121201, 39.256081 ], [ 33.121432, 39.256324 ], [ 33.121862, 39.25683 ], [ 33.121482, 39.257325 ], [ 33.121244, 39.257718 ], [ 33.121084, 39.258558 ], [ 33.120761, 39.259464 ], [ 33.120845, 39.25954 ], [ 33.120835, 39.260698 ], [ 33.121663, 39.261284 ], [ 33.121628, 39.261816 ], [ 33.121463, 39.26267 ], [ 33.12246, 39.263157 ], [ 33.122986, 39.263298 ], [ 33.122966, 39.263429 ], [ 33.124236, 39.263818 ], [ 33.124284, 39.264132 ], [ 33.124292, 39.264185 ], [ 33.125436, 39.264892 ], [ 33.12607, 39.265285 ], [ 33.126647, 39.265551 ], [ 33.127487, 39.266244 ], [ 33.128452, 39.266963 ], [ 33.12924, 39.267651 ], [ 33.129173, 39.267752 ], [ 33.129851, 39.268775 ], [ 33.13145, 39.270694 ], [ 33.13169, 39.270983 ], [ 33.131855, 39.27167 ], [ 33.131797, 39.271961 ], [ 33.13187, 39.272464 ], [ 33.131908, 39.273117 ], [ 33.131915, 39.273229 ], [ 33.132166, 39.273265 ], [ 33.132356, 39.273288 ], [ 33.132793, 39.275057 ], [ 33.132371, 39.275135 ], [ 33.132562, 39.275782 ], [ 33.132674, 39.276826 ], [ 33.132712, 39.276967 ], [ 33.132837, 39.277438 ], [ 33.132851, 39.277489 ], [ 33.133121, 39.2785 ], [ 33.133339, 39.2794 ], [ 33.138922, 39.283843 ], [ 33.140254, 39.284541 ], [ 33.140419, 39.28466 ], [ 33.140462, 39.286749 ], [ 33.141174, 39.28695 ], [ 33.142716, 39.286624 ], [ 33.142975, 39.284142 ], [ 33.143197, 39.284104 ], [ 33.14551, 39.283832 ], [ 33.145514, 39.28383 ], [ 33.145745, 39.283729 ], [ 33.146985, 39.283187 ], [ 33.147469, 39.283502 ], [ 33.149255, 39.283587 ], [ 33.149637, 39.282793 ], [ 33.151804, 39.281561 ], [ 33.152471, 39.281182 ], [ 33.154579, 39.282111 ], [ 33.155435, 39.282181 ], [ 33.157168, 39.282324 ], [ 33.157937, 39.28283 ], [ 33.158636, 39.283099 ], [ 33.158773, 39.285 ], [ 33.159842, 39.286849 ], [ 33.159985, 39.288124 ], [ 33.160366, 39.289002 ], [ 33.160504, 39.289706 ], [ 33.160333, 39.290321 ], [ 33.161323, 39.290553 ], [ 33.161514, 39.290691 ], [ 33.161802, 39.291326 ], [ 33.161791, 39.291623 ], [ 33.16044, 39.294467 ], [ 33.160685, 39.29461 ], [ 33.161058, 39.294634 ], [ 33.160399, 39.29603 ], [ 33.160239, 39.295966 ], [ 33.160043, 39.2963 ], [ 33.158907, 39.297348 ], [ 33.156912, 39.297595 ], [ 33.157139, 39.298585 ], [ 33.157427, 39.298821 ], [ 33.157606, 39.299117 ], [ 33.15892, 39.300147 ], [ 33.158631, 39.300379 ], [ 33.159473, 39.300993 ], [ 33.159375, 39.30133 ], [ 33.161274, 39.301617 ], [ 33.16241, 39.301906 ], [ 33.16337, 39.302057 ], [ 33.163458, 39.3017 ], [ 33.164155, 39.300927 ], [ 33.164839, 39.300429 ], [ 33.166224, 39.299073 ], [ 33.166524, 39.299725 ], [ 33.168225, 39.298988 ], [ 33.16954, 39.298657 ], [ 33.170016, 39.297931 ], [ 33.170352, 39.298015 ], [ 33.17046, 39.297581 ], [ 33.17205, 39.298254 ], [ 33.172577, 39.297903 ], [ 33.173044, 39.297529 ], [ 33.173132, 39.297423 ], [ 33.172948, 39.297278 ], [ 33.173874, 39.295272 ], [ 33.175659, 39.295264 ], [ 33.177486, 39.295054 ], [ 33.179894, 39.294969 ], [ 33.180448, 39.295146 ], [ 33.180045, 39.297559 ], [ 33.180414, 39.297966 ], [ 33.181425, 39.29878 ], [ 33.182574, 39.299714 ], [ 33.183168, 39.300197 ], [ 33.183978, 39.300094 ], [ 33.185003, 39.299989 ], [ 33.184762, 39.299306 ], [ 33.186299, 39.298641 ], [ 33.184896, 39.296883 ], [ 33.184412, 39.296286 ], [ 33.184128, 39.29568 ], [ 33.185798, 39.295133 ], [ 33.185793, 39.294424 ], [ 33.185828, 39.293441 ], [ 33.186273, 39.293475 ], [ 33.186705, 39.2934 ], [ 33.186905, 39.291772 ], [ 33.187269, 39.291764 ], [ 33.187825, 39.291603 ], [ 33.188603, 39.291282 ], [ 33.189408, 39.288646 ], [ 33.189196, 39.287868 ], [ 33.18927, 39.285634 ], [ 33.189555, 39.28527 ], [ 33.189275, 39.283226 ], [ 33.190913, 39.281245 ], [ 33.191719, 39.278629 ], [ 33.19218, 39.276238 ], [ 33.193411, 39.274315 ], [ 33.193292, 39.273845 ], [ 33.194007, 39.271859 ], [ 33.194271, 39.269877 ], [ 33.194788, 39.268837 ], [ 33.196873, 39.267109 ], [ 33.198185, 39.265499 ], [ 33.199681, 39.264785 ], [ 33.202403, 39.262139 ], [ 33.200076, 39.261488 ], [ 33.197478, 39.260761 ], [ 33.196302, 39.260274 ], [ 33.196233, 39.260275 ], [ 33.196098, 39.260265 ], [ 33.195998, 39.260253 ], [ 33.195815, 39.260236 ], [ 33.195703, 39.260217 ], [ 33.195021, 39.259951 ], [ 33.194762, 39.259867 ], [ 33.194758, 39.25986 ], [ 33.193944, 39.258175 ], [ 33.193171, 39.256437 ], [ 33.193157, 39.255841 ], [ 33.19309, 39.255406 ], [ 33.192835, 39.253756 ], [ 33.194376, 39.251432 ], [ 33.194706, 39.250767 ], [ 33.195014, 39.249964 ], [ 33.19487, 39.248788 ], [ 33.194874, 39.247486 ], [ 33.194493, 39.246974 ], [ 33.19495, 39.246054 ], [ 33.195013, 39.245986 ], [ 33.196076, 39.241998 ], [ 33.197232, 39.239613 ], [ 33.19719, 39.239585 ], [ 33.195955, 39.238525 ], [ 33.195949, 39.238496 ], [ 33.195774, 39.237657 ], [ 33.195759, 39.237397 ], [ 33.195739, 39.237366 ], [ 33.195674, 39.237359 ], [ 33.195532, 39.237364 ], [ 33.195421, 39.237323 ], [ 33.195333, 39.23723 ], [ 33.195312, 39.237157 ], [ 33.192356, 39.237976 ], [ 33.188808, 39.239211 ], [ 33.188523, 39.23931 ], [ 33.187432, 39.239579 ], [ 33.185465, 39.240064 ], [ 33.180652, 39.239719 ], [ 33.17955, 39.239689 ], [ 33.179094, 39.240258 ], [ 33.178003, 39.239878 ], [ 33.177973, 39.23985 ], [ 33.177538, 39.239313 ], [ 33.176954, 39.239084 ], [ 33.175675, 39.240241 ], [ 33.174995, 39.240856 ], [ 33.174368, 39.241424 ], [ 33.174087, 39.241678 ], [ 33.169995, 39.24192 ], [ 33.168924, 39.241671 ], [ 33.168686, 39.241358 ], [ 33.168781, 39.240161 ], [ 33.168347, 39.240421 ], [ 33.168217, 39.240499 ], [ 33.166271, 39.238611 ], [ 33.165894, 39.238245 ], [ 33.164227, 39.23779 ], [ 33.16419, 39.237767 ], [ 33.163185, 39.237133 ], [ 33.162948, 39.237088 ], [ 33.162694, 39.237039 ], [ 33.162523, 39.236973 ], [ 33.162426, 39.236923 ], [ 33.161322, 39.237428 ], [ 33.16105, 39.237732 ], [ 33.160598, 39.238193 ], [ 33.160156, 39.238669 ], [ 33.159926, 39.238878 ], [ 33.159544, 39.239195 ], [ 33.15918, 39.239477 ], [ 33.158629, 39.239764 ], [ 33.157975, 39.239974 ], [ 33.157791, 39.240041 ], [ 33.15746, 39.240157 ], [ 33.157154, 39.240282 ], [ 33.157013, 39.240349 ], [ 33.15628, 39.240621 ], [ 33.155792, 39.240801 ], [ 33.153678, 39.241573 ], [ 33.151572, 39.242495 ], [ 33.151447, 39.242539 ], [ 33.151036, 39.242718 ], [ 33.150692, 39.242879 ], [ 33.150408, 39.243004 ], [ 33.150195, 39.243094 ], [ 33.149688, 39.243309 ], [ 33.149336, 39.243451 ], [ 33.149251, 39.243475 ], [ 33.149112, 39.243511 ], [ 33.145539, 39.244133 ], [ 33.143855, 39.244426 ], [ 33.142618, 39.244749 ], [ 33.141295, 39.245414 ], [ 33.140374, 39.246118 ], [ 33.138244, 39.247161 ], [ 33.137109, 39.247461 ], [ 33.136255, 39.247687 ], [ 33.135447, 39.247962 ], [ 33.135361, 39.2481 ], [ 33.135189, 39.248376 ], [ 33.134461, 39.248431 ], [ 33.134092, 39.248699 ], [ 33.133567, 39.248925 ], [ 33.133311, 39.249138 ], [ 33.132636, 39.249324 ], [ 33.131572, 39.249935 ], [ 33.13024, 39.2507 ], [ 33.12968, 39.25106 ], [ 33.128434, 39.251861 ], [ 33.126241, 39.252565 ], [ 33.123986, 39.252836 ], [ 33.123192, 39.249206 ], [ 33.122921, 39.24788 ], [ 33.122899, 39.24764 ], [ 33.122557, 39.246022 ], [ 33.122437, 39.243597 ], [ 33.12239, 39.240323 ], [ 33.122103, 39.238172 ], [ 33.12184, 39.236428 ], [ 33.122605, 39.233393 ], [ 33.123369, 39.23172 ], [ 33.124971, 39.230405 ], [ 33.132331, 39.222041 ], [ 33.133769, 39.22035 ], [ 33.134774, 39.219337 ], [ 33.137565, 39.21621 ], [ 33.138351, 39.215377 ], [ 33.139047, 39.213868 ], [ 33.139931, 39.211239 ], [ 33.141054, 39.209375 ], [ 33.141651, 39.2083 ], [ 33.141843, 39.205695 ], [ 33.141054, 39.201895 ], [ 33.1406, 39.199721 ], [ 33.140743, 39.197665 ], [ 33.140731, 39.193304 ], [ 33.140852, 39.190501 ], [ 33.141102, 39.188548 ], [ 33.141209, 39.187855 ], [ 33.141078, 39.186852 ], [ 33.140959, 39.186421 ], [ 33.139525, 39.184163 ], [ 33.141389, 39.182407 ], [ 33.143205, 39.17691 ], [ 33.142965, 39.17613 ], [ 33.142916, 39.175968 ], [ 33.142536, 39.171473 ], [ 33.142249, 39.168271 ], [ 33.143256, 39.163 ], [ 33.143749, 39.161498 ], [ 33.144109, 39.16038 ], [ 33.144376, 39.159657 ], [ 33.144864, 39.15825 ], [ 33.144991, 39.157978 ], [ 33.145226, 39.157304 ], [ 33.145883, 39.155048 ], [ 33.148061, 39.15533 ], [ 33.14813, 39.155339 ], [ 33.148449, 39.154374 ], [ 33.148619, 39.153882 ], [ 33.148713, 39.153151 ], [ 33.148758, 39.152852 ], [ 33.148839, 39.152605 ], [ 33.148739, 39.15258 ], [ 33.148457, 39.152509 ], [ 33.148964, 39.151565 ], [ 33.149333, 39.151025 ], [ 33.149824, 39.150266 ], [ 33.150328, 39.149486 ], [ 33.15041, 39.149346 ], [ 33.150482, 39.149207 ], [ 33.150507, 39.149142 ], [ 33.150929, 39.148091 ], [ 33.15183, 39.146587 ], [ 33.151976, 39.146085 ], [ 33.152339, 39.145771 ], [ 33.153111, 39.14533 ], [ 33.153309, 39.145216 ], [ 33.153711, 39.144765 ], [ 33.155802, 39.143898 ], [ 33.156275, 39.143701 ], [ 33.156493, 39.143611 ], [ 33.157588, 39.143059 ], [ 33.158847, 39.142309 ], [ 33.15926, 39.141926 ], [ 33.160111, 39.141155 ], [ 33.160831, 39.140567 ], [ 33.162929, 39.138937 ], [ 33.163066, 39.139294 ], [ 33.163577, 39.139741 ], [ 33.163625, 39.139661 ], [ 33.163701, 39.139603 ], [ 33.165155, 39.138508 ], [ 33.166236, 39.13751 ], [ 33.166821, 39.136795 ], [ 33.167354, 39.136155 ], [ 33.169672, 39.134452 ], [ 33.172458, 39.132324 ], [ 33.174908, 39.13014 ], [ 33.17567, 39.13069 ], [ 33.176671, 39.129901 ], [ 33.178683, 39.128562 ], [ 33.181342, 39.126876 ], [ 33.182793, 39.126039 ], [ 33.185223, 39.124567 ], [ 33.186755, 39.123642 ], [ 33.186492, 39.12307 ], [ 33.187407, 39.12288 ], [ 33.188362, 39.122707 ], [ 33.189707, 39.122518 ], [ 33.192096, 39.121926 ], [ 33.193864, 39.121735 ], [ 33.194481, 39.12161 ], [ 33.196172, 39.121365 ], [ 33.197446, 39.12138 ], [ 33.197915, 39.121367 ], [ 33.199651, 39.121148 ], [ 33.200273, 39.121076 ], [ 33.200747, 39.121033 ], [ 33.201513, 39.121037 ], [ 33.202089, 39.121005 ], [ 33.202671, 39.120973 ], [ 33.203033, 39.120979 ], [ 33.203387, 39.12097 ], [ 33.203688, 39.120943 ], [ 33.203981, 39.120922 ], [ 33.204106, 39.120897 ], [ 33.204274, 39.12089 ], [ 33.204273, 39.120861 ], [ 33.204374, 39.120839 ], [ 33.20453, 39.12085 ], [ 33.205386, 39.12087 ], [ 33.20604, 39.120869 ], [ 33.20682, 39.120826 ], [ 33.207434, 39.120772 ], [ 33.209061, 39.120482 ], [ 33.210132, 39.120216 ], [ 33.211686, 39.119811 ], [ 33.212537, 39.119578 ], [ 33.212828, 39.119525 ], [ 33.21337, 39.119472 ], [ 33.214167, 39.119347 ], [ 33.214814, 39.119239 ], [ 33.214873, 39.119159 ], [ 33.214873, 39.118972 ], [ 33.214884, 39.118836 ], [ 33.214897, 39.118732 ], [ 33.214918, 39.118616 ], [ 33.214941, 39.118522 ], [ 33.214974, 39.11835 ], [ 33.215004, 39.118173 ], [ 33.215021, 39.11786 ], [ 33.215044, 39.117566 ], [ 33.215065, 39.117401 ], [ 33.215075, 39.117147 ], [ 33.215087, 39.116899 ], [ 33.215099, 39.116845 ], [ 33.21517, 39.11667 ], [ 33.215221, 39.116584 ], [ 33.215257, 39.116495 ], [ 33.215302, 39.116328 ], [ 33.215337, 39.11622 ], [ 33.215341, 39.116135 ], [ 33.215374, 39.116046 ], [ 33.2155, 39.11581 ], [ 33.215531, 39.115727 ], [ 33.215618, 39.115593 ], [ 33.215748, 39.115401 ], [ 33.215832, 39.115272 ], [ 33.215978, 39.115045 ], [ 33.216047, 39.114942 ], [ 33.216161, 39.114721 ], [ 33.216318, 39.114391 ], [ 33.216379, 39.114185 ], [ 33.216545, 39.113645 ], [ 33.216616, 39.113394 ], [ 33.216786, 39.112856 ], [ 33.216931, 39.112373 ], [ 33.216971, 39.112225 ], [ 33.217026, 39.112069 ], [ 33.217093, 39.111929 ], [ 33.217229, 39.111613 ], [ 33.217358, 39.11118 ], [ 33.217418, 39.111008 ], [ 33.217467, 39.110891 ], [ 33.217703, 39.110455 ], [ 33.217953, 39.109963 ], [ 33.218066, 39.109728 ], [ 33.218421, 39.109047 ], [ 33.2188, 39.108333 ], [ 33.219165, 39.107772 ], [ 33.219481, 39.107284 ], [ 33.219847, 39.106781 ], [ 33.219911, 39.106656 ], [ 33.22022, 39.106125 ], [ 33.220308, 39.105924 ], [ 33.220424, 39.105674 ], [ 33.220619, 39.105252 ], [ 33.220725, 39.104963 ], [ 33.220841, 39.104654 ], [ 33.220941, 39.104436 ], [ 33.221022, 39.104311 ], [ 33.221157, 39.104067 ], [ 33.221326, 39.103696 ], [ 33.221387, 39.103572 ], [ 33.22143, 39.103465 ], [ 33.221627, 39.103111 ], [ 33.221691, 39.102985 ], [ 33.22172, 39.10294 ], [ 33.221748, 39.10291 ], [ 33.221827, 39.102769 ], [ 33.221882, 39.102621 ], [ 33.221982, 39.10234 ], [ 33.222066, 39.10217 ], [ 33.222174, 39.101987 ], [ 33.222274, 39.101775 ], [ 33.222385, 39.101526 ], [ 33.222537, 39.101226 ], [ 33.222654, 39.100978 ], [ 33.222716, 39.10087 ], [ 33.222746, 39.100786 ], [ 33.222779, 39.100719 ], [ 33.223218, 39.099831 ], [ 33.223281, 39.099732 ], [ 33.223367, 39.099628 ], [ 33.223384, 39.099581 ], [ 33.223679, 39.099236 ], [ 33.224106, 39.098593 ], [ 33.224941, 39.097543 ], [ 33.22532, 39.096998 ], [ 33.226167, 39.09576 ], [ 33.226637, 39.095221 ], [ 33.227551, 39.094094 ], [ 33.228372, 39.093047 ], [ 33.228431, 39.092963 ], [ 33.230682, 39.090239 ], [ 33.230916, 39.089991 ], [ 33.231855, 39.088996 ], [ 33.233017, 39.088274 ], [ 33.233828, 39.087717 ], [ 33.234208, 39.087302 ], [ 33.235408, 39.086103 ], [ 33.236108, 39.08528 ], [ 33.236962, 39.085521 ], [ 33.238429, 39.08587 ], [ 33.239955, 39.086266 ], [ 33.241141, 39.086576 ], [ 33.2415, 39.086502 ], [ 33.241532, 39.085306 ], [ 33.241502, 39.08483 ], [ 33.241499, 39.084779 ], [ 33.241528, 39.084777 ], [ 33.24594, 39.084428 ], [ 33.246027, 39.084386 ], [ 33.245933, 39.084252 ], [ 33.245913, 39.084224 ], [ 33.24637, 39.084159 ], [ 33.250263, 39.0836 ], [ 33.250527, 39.08359 ], [ 33.252293, 39.083881 ], [ 33.253793, 39.083644 ], [ 33.254833, 39.083546 ], [ 33.255187, 39.083496 ], [ 33.259523, 39.083017 ], [ 33.259685, 39.082967 ], [ 33.265171, 39.081548 ], [ 33.268772, 39.080147 ], [ 33.271133, 39.079046 ], [ 33.271665, 39.078824 ], [ 33.272181, 39.078557 ], [ 33.274059, 39.077681 ], [ 33.274014, 39.077607 ], [ 33.274126, 39.077549 ], [ 33.273631, 39.076816 ], [ 33.272499, 39.075904 ], [ 33.273458, 39.075073 ], [ 33.274009, 39.074595 ], [ 33.274755, 39.075566 ], [ 33.275518, 39.075572 ], [ 33.278192, 39.075593 ], [ 33.280227, 39.075608 ], [ 33.281563, 39.075647 ], [ 33.282413, 39.075692 ], [ 33.284222, 39.077027 ], [ 33.285738, 39.078252 ], [ 33.28661, 39.079217 ], [ 33.286803, 39.078939 ], [ 33.28699, 39.079152 ], [ 33.287022, 39.079105 ], [ 33.287994, 39.077675 ], [ 33.288692, 39.077509 ], [ 33.289235, 39.077467 ], [ 33.289612, 39.077355 ], [ 33.291213, 39.076895 ], [ 33.292703, 39.076425 ], [ 33.294271, 39.076013 ], [ 33.294945, 39.077286 ], [ 33.295092, 39.077583 ], [ 33.294841, 39.07765 ], [ 33.295391, 39.079109 ], [ 33.295684, 39.079915 ], [ 33.296321, 39.081476 ], [ 33.296388, 39.08146 ], [ 33.296639, 39.081349 ], [ 33.296683, 39.081454 ], [ 33.296885, 39.081744 ], [ 33.298331, 39.081032 ], [ 33.30056, 39.079988 ], [ 33.301304, 39.079668 ], [ 33.302916, 39.078803 ], [ 33.303763, 39.078427 ], [ 33.30385, 39.078388 ], [ 33.307544, 39.076997 ], [ 33.308482, 39.076691 ], [ 33.309868, 39.07623 ], [ 33.310253, 39.076105 ], [ 33.310699, 39.077474 ], [ 33.311388, 39.077577 ], [ 33.312482, 39.077587 ], [ 33.313583, 39.077877 ], [ 33.314533, 39.078136 ], [ 33.316433, 39.078664 ], [ 33.318195, 39.079996 ], [ 33.319106, 39.080181 ], [ 33.319226, 39.080177 ], [ 33.319871, 39.08115 ], [ 33.32017, 39.08105 ], [ 33.321115, 39.080724 ], [ 33.321651, 39.080511 ], [ 33.322035, 39.081134 ], [ 33.322615, 39.080908 ], [ 33.323746, 39.080519 ], [ 33.326327, 39.081116 ], [ 33.325547, 39.0847 ], [ 33.325547, 39.084753 ], [ 33.325688, 39.08538 ], [ 33.326109, 39.086509 ], [ 33.324837, 39.086913 ], [ 33.325341, 39.087786 ], [ 33.325658, 39.087712 ], [ 33.328276, 39.086801 ], [ 33.328146, 39.087286 ], [ 33.32799, 39.088079 ], [ 33.327798, 39.089919 ], [ 33.327775, 39.09046 ], [ 33.327719, 39.091323 ], [ 33.325894, 39.091863 ], [ 33.325892, 39.092955 ], [ 33.326067, 39.093981 ], [ 33.32607, 39.094683 ], [ 33.326099, 39.095478 ], [ 33.325796, 39.096241 ], [ 33.325875, 39.09688 ], [ 33.335175, 39.095791 ], [ 33.337384, 39.092939 ], [ 33.339888, 39.090197 ], [ 33.342541, 39.086089 ], [ 33.345487, 39.082433 ], [ 33.347843, 39.079579 ], [ 33.350935, 39.076039 ], [ 33.354615, 39.072043 ], [ 33.357363, 39.069428 ], [ 33.357683, 39.069123 ], [ 33.357807, 39.069005 ], [ 33.357852, 39.068962 ], [ 33.36065, 39.065302 ], [ 33.362425, 39.062893 ], [ 33.363594, 39.061307 ], [ 33.366689, 39.055482 ], [ 33.370368, 39.051031 ], [ 33.373309, 39.048631 ], [ 33.376693, 39.043944 ], [ 33.379345, 39.038923 ], [ 33.380524, 39.03538 ], [ 33.382879, 39.031724 ], [ 33.383181, 39.027263 ], [ 33.383384, 39.026755 ], [ 33.385096, 39.02247 ], [ 33.386862, 39.019274 ], [ 33.386869, 39.019261 ], [ 33.389511, 39.014587 ], [ 33.390396, 39.011501 ], [ 33.390841, 39.008072 ], [ 33.391141, 39.004189 ], [ 33.391587, 38.999845 ], [ 33.393207, 38.99619 ], [ 33.393947, 38.99128 ], [ 33.393922, 38.990709 ], [ 33.384005, 38.961637 ], [ 33.379049, 38.95025 ], [ 33.378028, 38.947049 ], [ 33.376714, 38.943166 ], [ 33.375548, 38.939966 ], [ 33.374821, 38.935966 ], [ 33.37336, 38.932651 ], [ 33.371756, 38.928194 ], [ 33.370441, 38.924878 ], [ 33.368689, 38.921449 ], [ 33.366937, 38.917331 ], [ 33.365478, 38.913673 ], [ 33.362409, 38.909331 ], [ 33.360364, 38.905557 ], [ 33.359491, 38.90236 ], [ 33.358034, 38.8979 ], [ 33.357015, 38.894587 ], [ 33.355995, 38.891499 ], [ 33.35439, 38.88796 ], [ 33.353226, 38.883954 ], [ 33.352793, 38.880645 ], [ 33.352362, 38.876641 ], [ 33.351784, 38.872981 ], [ 33.351792, 38.868416 ], [ 33.351855, 38.866452 ], [ 33.351948, 38.863502 ], [ 33.352103, 38.859386 ], [ 33.352259, 38.854814 ], [ 33.352308, 38.854419 ], [ 33.352855, 38.850018 ], [ 33.353744, 38.844417 ], [ 33.354191, 38.840421 ], [ 33.354492, 38.83642 ], [ 33.355233, 38.831961 ], [ 33.355682, 38.826707 ], [ 33.357008, 38.822252 ], [ 33.358627, 38.817683 ], [ 33.359806, 38.813454 ], [ 33.361864, 38.808885 ], [ 33.363917, 38.805912 ], [ 33.366558, 38.802258 ], [ 33.368323, 38.797344 ], [ 33.369353, 38.793806 ], [ 33.371117, 38.789573 ], [ 33.373025, 38.786263 ], [ 33.375371, 38.782494 ], [ 33.378159, 38.778153 ], [ 33.381091, 38.774153 ], [ 33.384314, 38.770156 ], [ 33.387831, 38.76639 ], [ 33.388391, 38.765414 ], [ 33.389737, 38.76307 ], [ 33.391936, 38.7601 ], [ 33.39428, 38.757245 ], [ 33.3949, 38.75643 ], [ 33.396624, 38.754161 ], [ 33.400431, 38.750735 ], [ 33.403359, 38.747312 ], [ 33.405849, 38.744108 ], [ 33.408339, 38.741139 ], [ 33.414339, 38.736112 ], [ 33.437158, 38.723082 ], [ 33.440376, 38.720228 ], [ 33.449734, 38.715773 ], [ 33.453973, 38.713829 ], [ 33.458067, 38.7112 ], [ 33.461, 38.708538 ], [ 33.461723, 38.707882 ], [ 33.465086, 38.703998 ], [ 33.468301, 38.701255 ], [ 33.471225, 38.698853 ], [ 33.474879, 38.696684 ], [ 33.479556, 38.694284 ], [ 33.48321, 38.69165 ], [ 33.487009, 38.689019 ], [ 33.490808, 38.68742 ], [ 33.494752, 38.68559 ], [ 33.49972, 38.683411 ], [ 33.505709, 38.681814 ], [ 33.511846, 38.680205 ], [ 33.516499, 38.678631 ], [ 33.518274, 38.678031 ], [ 33.522509, 38.677341 ], [ 33.528206, 38.67654 ], [ 33.53288, 38.675394 ], [ 33.538139, 38.674704 ], [ 33.544566, 38.673898 ], [ 33.550701, 38.67309 ], [ 33.557127, 38.672856 ], [ 33.562406, 38.672385 ], [ 33.563555, 38.672283 ], [ 33.569398, 38.672275 ], [ 33.574363, 38.671582 ], [ 33.581228, 38.67112 ], [ 33.585318, 38.670656 ], [ 33.592913, 38.670074 ], [ 33.598609, 38.669953 ], [ 33.60343, 38.66995 ], [ 33.608541, 38.669942 ], [ 33.612924, 38.670276 ], [ 33.618039, 38.670836 ], [ 33.622713, 38.6714 ], [ 33.627243, 38.671967 ], [ 33.632796, 38.673102 ], [ 33.639225, 38.674004 ], [ 33.646092, 38.67491 ], [ 33.649444, 38.675595 ], [ 33.651061, 38.675925 ], [ 33.656616, 38.677633 ], [ 33.662462, 38.679221 ], [ 33.659331, 38.693331 ], [ 33.660298, 38.69392 ], [ 33.660476, 38.693806 ], [ 33.663181, 38.69481 ], [ 33.663732, 38.695021 ], [ 33.664688, 38.69544 ], [ 33.665458, 38.695842 ], [ 33.666208, 38.696498 ], [ 33.666911, 38.696317 ], [ 33.667592, 38.696421 ], [ 33.668443, 38.696865 ], [ 33.668435, 38.696872 ], [ 33.668858, 38.697121 ], [ 33.669795, 38.697671 ], [ 33.670325, 38.697919 ], [ 33.6713, 38.698372 ], [ 33.67198, 38.698687 ], [ 33.672455, 38.698918 ], [ 33.673806, 38.699588 ], [ 33.675184, 38.700226 ], [ 33.675266, 38.700247 ], [ 33.676367, 38.700924 ], [ 33.67822, 38.702063 ], [ 33.678236, 38.702086 ], [ 33.680171, 38.703252 ], [ 33.681238, 38.703889 ], [ 33.681662, 38.704057 ], [ 33.683694, 38.70495 ], [ 33.684403, 38.705475 ], [ 33.686149, 38.706789 ], [ 33.687433, 38.707733 ], [ 33.688319, 38.708391 ], [ 33.68974, 38.709451 ], [ 33.690725, 38.710176 ], [ 33.69076, 38.710151 ], [ 33.69124, 38.709699 ], [ 33.691598, 38.709374 ], [ 33.693478, 38.707669 ], [ 33.693657, 38.707507 ], [ 33.697837, 38.708727 ], [ 33.698381, 38.708907 ], [ 33.701709, 38.710109 ], [ 33.702009, 38.710237 ], [ 33.702502, 38.710442 ], [ 33.702703, 38.710542 ], [ 33.703301, 38.71082 ], [ 33.703491, 38.7109 ], [ 33.706231, 38.712143 ], [ 33.706306, 38.712157 ], [ 33.706752, 38.712372 ], [ 33.71114, 38.714311 ], [ 33.711346, 38.714448 ], [ 33.725532, 38.719028 ], [ 33.725574, 38.719042 ], [ 33.725975, 38.721333 ], [ 33.726696, 38.724977 ], [ 33.729366, 38.727184 ], [ 33.729919, 38.727773 ], [ 33.730352, 38.728126 ], [ 33.730512, 38.728264 ], [ 33.732007, 38.731652 ], [ 33.732459, 38.732662 ], [ 33.732883, 38.733631 ], [ 33.734239, 38.736741 ], [ 33.734709, 38.737682 ], [ 33.734964, 38.737969 ], [ 33.734735, 38.738279 ], [ 33.735405, 38.738972 ], [ 33.736367, 38.739142 ], [ 33.737024, 38.738968 ], [ 33.737889, 38.739862 ], [ 33.737899, 38.739872 ], [ 33.737631, 38.740015 ], [ 33.737516, 38.740084 ], [ 33.738586, 38.740984 ], [ 33.739106, 38.74142 ], [ 33.739867, 38.741985 ], [ 33.740004, 38.742142 ], [ 33.740095, 38.742248 ], [ 33.740428, 38.742989 ], [ 33.74033, 38.743025 ], [ 33.74057, 38.743618 ], [ 33.742088, 38.743525 ], [ 33.742329, 38.744075 ], [ 33.743009, 38.743787 ], [ 33.743205, 38.743717 ], [ 33.745594, 38.74287 ], [ 33.745727, 38.742844 ], [ 33.746951, 38.742543 ], [ 33.747003, 38.74253 ], [ 33.747883, 38.742491 ], [ 33.748165, 38.742479 ], [ 33.750425, 38.742205 ], [ 33.750736, 38.742144 ], [ 33.750958, 38.742069 ], [ 33.752812, 38.741322 ], [ 33.752821, 38.741319 ], [ 33.752827, 38.741359 ], [ 33.753381, 38.74217 ], [ 33.753805, 38.742801 ], [ 33.754364, 38.743724 ], [ 33.754505, 38.743709 ], [ 33.754717, 38.744331 ], [ 33.755128, 38.746237 ], [ 33.755174, 38.746538 ], [ 33.755275, 38.747257 ], [ 33.75539, 38.748046 ], [ 33.75577, 38.748389 ], [ 33.756327, 38.748861 ], [ 33.757018, 38.749448 ], [ 33.756647, 38.749782 ], [ 33.756598, 38.749826 ], [ 33.756781, 38.750109 ], [ 33.756982, 38.75031 ], [ 33.756995, 38.750557 ], [ 33.757024, 38.750877 ], [ 33.757083, 38.751244 ], [ 33.757164, 38.751791 ], [ 33.75716, 38.752052 ], [ 33.757244, 38.752502 ], [ 33.757304, 38.753678 ], [ 33.756618, 38.753882 ], [ 33.756827, 38.754345 ], [ 33.757137, 38.755012 ], [ 33.757452, 38.75552 ], [ 33.754929, 38.760247 ], [ 33.754701, 38.763969 ], [ 33.755364, 38.767647 ], [ 33.755431, 38.767695 ], [ 33.755547, 38.76812 ], [ 33.755635, 38.768553 ], [ 33.756654, 38.768576 ], [ 33.756561, 38.769157 ], [ 33.756521, 38.769825 ], [ 33.756415, 38.770032 ], [ 33.755933, 38.770499 ], [ 33.755888, 38.770487 ], [ 33.755851, 38.770522 ], [ 33.755549, 38.770477 ], [ 33.755128, 38.770368 ], [ 33.754454, 38.769827 ], [ 33.753349, 38.769269 ], [ 33.752781, 38.769642 ], [ 33.752776, 38.769646 ], [ 33.752765, 38.769653 ], [ 33.7525, 38.769839 ], [ 33.75252, 38.770101 ], [ 33.752545, 38.770621 ], [ 33.75264, 38.77215 ], [ 33.753215, 38.772178 ], [ 33.753833, 38.772412 ], [ 33.753813, 38.773349 ], [ 33.753847, 38.773747 ], [ 33.75397, 38.774146 ], [ 33.754223, 38.77471 ], [ 33.75465, 38.775189 ], [ 33.755011, 38.775516 ], [ 33.755258, 38.774892 ], [ 33.756048, 38.774517 ], [ 33.756163, 38.774459 ], [ 33.757693, 38.77582 ], [ 33.758351, 38.775589 ], [ 33.758858, 38.776281 ], [ 33.759238, 38.776791 ], [ 33.759411, 38.777115 ], [ 33.759332, 38.777158 ], [ 33.759334, 38.777161 ], [ 33.759328, 38.777164 ], [ 33.757936, 38.777951 ], [ 33.758528, 38.778476 ], [ 33.759145, 38.778952 ], [ 33.758461, 38.779492 ], [ 33.757979, 38.779841 ], [ 33.757728, 38.780038 ], [ 33.757646, 38.780095 ], [ 33.757599, 38.780145 ], [ 33.757266, 38.780517 ], [ 33.756992, 38.780847 ], [ 33.757398, 38.781171 ], [ 33.757692, 38.781646 ], [ 33.758268, 38.782493 ], [ 33.758477, 38.782375 ], [ 33.758636, 38.782285 ], [ 33.759895, 38.781538 ], [ 33.759241, 38.78106 ], [ 33.759835, 38.780425 ], [ 33.759904, 38.780351 ], [ 33.760659, 38.780862 ], [ 33.760795, 38.780988 ], [ 33.761849, 38.782105 ], [ 33.762743, 38.783111 ], [ 33.76303, 38.783411 ], [ 33.763597, 38.783891 ], [ 33.764137, 38.784391 ], [ 33.76434, 38.78462 ], [ 33.764297, 38.784661 ], [ 33.763895, 38.785038 ], [ 33.763909, 38.785055 ], [ 33.764567, 38.785865 ], [ 33.765545, 38.786915 ], [ 33.765944, 38.787758 ], [ 33.765911, 38.787779 ], [ 33.765997, 38.787871 ], [ 33.766581, 38.788356 ], [ 33.766625, 38.788343 ], [ 33.766718, 38.788315 ], [ 33.766766, 38.788301 ], [ 33.767175, 38.788761 ], [ 33.767656, 38.789293 ], [ 33.767558, 38.789338 ], [ 33.767565, 38.789346 ], [ 33.767492, 38.789383 ], [ 33.767399, 38.789449 ], [ 33.767467, 38.789534 ], [ 33.768403, 38.790347 ], [ 33.768853, 38.790902 ], [ 33.768704, 38.791014 ], [ 33.768667, 38.79106 ], [ 33.769528, 38.791967 ], [ 33.769867, 38.792243 ], [ 33.770383, 38.792678 ], [ 33.770503, 38.792817 ], [ 33.770988, 38.793326 ], [ 33.771125, 38.79351 ], [ 33.771176, 38.793534 ], [ 33.772779, 38.795309 ], [ 33.773225, 38.795556 ], [ 33.774582, 38.796713 ], [ 33.774612, 38.796736 ], [ 33.774773, 38.796864 ], [ 33.775515, 38.7974 ], [ 33.775513, 38.797449 ], [ 33.775542, 38.797472 ], [ 33.773032, 38.799866 ], [ 33.772312, 38.800587 ], [ 33.770005, 38.802845 ], [ 33.768357, 38.804316 ], [ 33.769511, 38.805973 ], [ 33.770568, 38.80849 ], [ 33.772323, 38.809673 ], [ 33.773927, 38.811466 ], [ 33.773272, 38.812178 ], [ 33.772979, 38.813077 ], [ 33.772924, 38.81318 ], [ 33.772815, 38.813505 ], [ 33.772576, 38.813915 ], [ 33.772389, 38.814259 ], [ 33.772073, 38.814748 ], [ 33.771917, 38.815018 ], [ 33.771684, 38.815344 ], [ 33.771579, 38.815615 ], [ 33.771517, 38.816105 ], [ 33.771369, 38.816752 ], [ 33.771366, 38.816875 ], [ 33.771336, 38.817104 ], [ 33.771226, 38.817605 ], [ 33.771293, 38.818572 ], [ 33.77114, 38.820169 ], [ 33.771153, 38.82112 ], [ 33.771207, 38.821832 ], [ 33.771768, 38.822231 ], [ 33.771564, 38.822725 ], [ 33.771523, 38.823509 ], [ 33.771592, 38.824196 ], [ 33.771506, 38.825518 ], [ 33.771093, 38.826976 ], [ 33.771083, 38.827013 ], [ 33.77199, 38.82715 ], [ 33.77244, 38.827263 ], [ 33.773737, 38.827573 ], [ 33.774133, 38.827695 ], [ 33.774546, 38.827786 ], [ 33.774824, 38.827825 ], [ 33.775241, 38.827872 ], [ 33.775619, 38.827904 ], [ 33.775626, 38.827905 ], [ 33.775606, 38.827913 ], [ 33.775717, 38.827925 ], [ 33.775856, 38.827927 ], [ 33.776142, 38.827873 ], [ 33.776639, 38.827701 ], [ 33.777401, 38.827539 ], [ 33.77774, 38.827456 ], [ 33.777774, 38.827524 ], [ 33.777942, 38.827514 ], [ 33.778177, 38.828021 ], [ 33.77885, 38.828709 ], [ 33.77904, 38.82891 ], [ 33.779202, 38.829123 ], [ 33.779577, 38.829586 ], [ 33.779747, 38.829707 ], [ 33.780338, 38.829952 ], [ 33.780202, 38.830573 ], [ 33.780074, 38.83089 ], [ 33.780378, 38.831193 ], [ 33.780594, 38.831577 ], [ 33.780813, 38.831649 ], [ 33.780885, 38.831662 ], [ 33.780916, 38.831682 ], [ 33.781162, 38.831841 ], [ 33.782126, 38.832007 ], [ 33.782268, 38.832032 ], [ 33.782858, 38.832611 ], [ 33.782784, 38.83272 ], [ 33.782818, 38.832736 ], [ 33.783653, 38.833175 ], [ 33.783952, 38.83325 ], [ 33.784311, 38.832746 ], [ 33.784998, 38.832036 ], [ 33.78572, 38.832415 ], [ 33.786709, 38.833051 ], [ 33.786936, 38.833256 ], [ 33.786935, 38.833312 ], [ 33.787207, 38.833461 ], [ 33.787197, 38.834185 ], [ 33.786881, 38.834493 ], [ 33.786758, 38.834637 ], [ 33.78716, 38.834774 ], [ 33.787316, 38.83496 ], [ 33.787487, 38.835022 ], [ 33.78785, 38.835515 ], [ 33.78825, 38.836075 ], [ 33.788305, 38.836152 ], [ 33.788483, 38.836401 ], [ 33.788908, 38.837251 ], [ 33.788887, 38.837585 ], [ 33.788886, 38.837596 ], [ 33.788911, 38.837678 ], [ 33.788927, 38.837976 ], [ 33.788977, 38.838879 ], [ 33.788907, 38.839172 ], [ 33.788233, 38.839498 ], [ 33.788085, 38.839596 ], [ 33.787202, 38.840035 ], [ 33.78697, 38.840091 ], [ 33.786642, 38.840128 ], [ 33.786177, 38.840213 ], [ 33.785923, 38.840247 ], [ 33.785079, 38.840879 ], [ 33.784325, 38.841702 ], [ 33.783552, 38.842512 ], [ 33.783496, 38.843053 ], [ 33.783496, 38.843978 ], [ 33.78331, 38.845988 ], [ 33.786254, 38.85025 ], [ 33.786033, 38.851312 ], [ 33.786145, 38.851987 ], [ 33.786272, 38.851997 ], [ 33.786766, 38.852034 ], [ 33.787538, 38.852736 ], [ 33.787822, 38.852409 ], [ 33.787928, 38.85248 ], [ 33.788007, 38.852569 ], [ 33.788448, 38.853067 ], [ 33.789038, 38.853712 ], [ 33.78921, 38.85385 ], [ 33.789547, 38.85412 ], [ 33.791486, 38.855037 ], [ 33.791898, 38.855275 ], [ 33.793885, 38.856283 ], [ 33.793958, 38.856455 ], [ 33.794066, 38.856597 ], [ 33.794171, 38.856735 ], [ 33.794211, 38.856788 ], [ 33.794678, 38.857199 ], [ 33.795035, 38.857518 ], [ 33.795598, 38.858048 ], [ 33.795858, 38.858249 ], [ 33.796218, 38.858642 ], [ 33.796228, 38.858654 ], [ 33.796246, 38.858676 ], [ 33.796684, 38.859236 ], [ 33.797018, 38.859655 ], [ 33.797492, 38.859988 ], [ 33.797869, 38.860231 ], [ 33.798546, 38.860631 ], [ 33.799456, 38.861255 ], [ 33.800364, 38.861816 ], [ 33.801056, 38.862163 ], [ 33.80106, 38.862165 ], [ 33.801212, 38.862258 ], [ 33.801879, 38.862718 ], [ 33.802032, 38.864534 ], [ 33.801956, 38.864892 ], [ 33.801913, 38.865124 ], [ 33.801934, 38.866077 ], [ 33.80194, 38.866334 ], [ 33.801928, 38.866548 ], [ 33.801973, 38.866999 ], [ 33.801996, 38.867478 ], [ 33.801911, 38.867752 ], [ 33.801979, 38.868442 ], [ 33.80194, 38.868956 ], [ 33.802049, 38.869008 ], [ 33.802052, 38.869022 ], [ 33.802066, 38.86948 ], [ 33.802063, 38.869621 ], [ 33.802016, 38.870198 ], [ 33.801929, 38.870581 ], [ 33.801688, 38.87131 ], [ 33.8015, 38.871435 ], [ 33.802615, 38.87741 ], [ 33.803731, 38.881718 ], [ 33.80508, 38.884222 ], [ 33.806211, 38.886317 ], [ 33.805898, 38.88662 ], [ 33.805729, 38.88715 ], [ 33.805652, 38.887362 ], [ 33.805471, 38.887759 ], [ 33.805304, 38.888228 ], [ 33.805047, 38.888517 ], [ 33.804841, 38.888656 ], [ 33.804199, 38.888818 ], [ 33.803609, 38.888779 ], [ 33.80359, 38.888792 ], [ 33.803586, 38.888795 ], [ 33.80332, 38.888984 ], [ 33.802428, 38.889345 ], [ 33.801136, 38.889961 ], [ 33.800964, 38.890012 ], [ 33.800147, 38.889463 ], [ 33.799747, 38.889171 ], [ 33.798429, 38.892006 ], [ 33.795901, 38.893777 ], [ 33.794103, 38.895362 ], [ 33.791123, 38.898037 ], [ 33.790174, 38.900675 ], [ 33.789394, 38.902914 ], [ 33.788498, 38.905629 ], [ 33.789527, 38.907811 ], [ 33.789496, 38.909141 ], [ 33.789456, 38.910091 ], [ 33.789438, 38.910521 ], [ 33.789866, 38.91185 ], [ 33.789276, 38.912293 ], [ 33.790131, 38.913057 ], [ 33.789361, 38.913648 ], [ 33.788688, 38.914001 ], [ 33.787888, 38.914827 ], [ 33.785059, 38.915255 ], [ 33.784723, 38.915375 ], [ 33.78152, 38.916513 ], [ 33.781498, 38.91653 ], [ 33.781128, 38.916809 ], [ 33.779565, 38.917408 ], [ 33.778852, 38.917877 ], [ 33.776451, 38.918657 ], [ 33.774429, 38.918549 ], [ 33.773922, 38.918565 ], [ 33.773473, 38.918331 ], [ 33.771934, 38.919502 ], [ 33.771844, 38.919596 ], [ 33.771186, 38.920514 ], [ 33.770445, 38.920876 ], [ 33.77032, 38.920957 ], [ 33.769405, 38.921424 ], [ 33.769197, 38.921664 ], [ 33.76914, 38.92173 ], [ 33.768679, 38.922043 ], [ 33.766449, 38.923519 ], [ 33.766216, 38.923673 ], [ 33.765889, 38.923905 ], [ 33.764673, 38.925045 ], [ 33.764516, 38.925313 ], [ 33.762452, 38.92732 ], [ 33.762287, 38.92748 ], [ 33.762185, 38.927371 ], [ 33.757312, 38.926753 ], [ 33.755004, 38.925356 ], [ 33.751248, 38.924177 ], [ 33.74887, 38.924276 ], [ 33.745696, 38.925312 ], [ 33.745236, 38.927938 ], [ 33.745145, 38.927934 ], [ 33.742476, 38.928418 ], [ 33.742378, 38.929111 ], [ 33.742316, 38.929167 ], [ 33.740593, 38.931446 ] ] ] } }
]
}
